"日期","收盘","开盘","高","低","涨跌幅"
"2025-6-6","1.889","1.896","1.897","1.889","-0.16%"
"2025-6-5","1.892","1.895","1.896","1.889","0.11%"
"2025-6-4","1.890","1.935","1.935","1.890","0.00%"
"2025-6-3","1.890","1.936","1.936","1.896","0.00%"
"2025-5-30","1.890","1.965","1.965","1.895","-1.56%"
"2025-5-29","1.920","1.946","1.946","1.919","1.05%"
"2025-5-28","1.900","1.941","1.941","1.899","0.00%"
"2025-5-27","1.900","1.928","1.928","1.890","1.06%"
"2025-5-26","1.880","1.929","1.929","1.884","-0.53%"
"2025-5-23","1.890","1.909","1.915","1.891","0.00%"
"2025-5-22","1.890","1.925","1.925","1.884","0.53%"
"2025-5-21","1.880","1.912","1.912","1.879","0.53%"
"2025-5-20","1.870","1.901","1.901","1.863","0.54%"
"2025-5-19","1.860","1.918","1.918","1.873","-1.06%"
"2025-5-16","1.880","1.963","1.963","1.885","0.00%"
"2025-5-15","1.880","1.918","1.918","1.876","0.00%"
"2025-5-14","1.880","1.924","1.924","1.875","0.00%"
"2025-5-13","1.880","1.955","1.955","1.885","-0.53%"
"2025-5-12","1.890","1.855","1.904","1.854","0.00%"
"2025-5-9","1.890","1.943","1.943","1.900","-0.53%"
"2025-5-8","1.900","2.000","2.000","1.908","0.00%"
"2025-5-7","1.900","1.888","1.909","1.884","1.06%"
"2025-5-6","1.880","1.930","1.930","1.883","1.08%"
"2025-4-30","1.860","1.928","1.928","1.869","0.00%"
"2025-4-29","1.860","1.949","1.949","1.878","-1.59%"
"2025-4-28","1.890","1.938","1.965","1.902","-2.07%"
"2025-4-27","1.930","1.950","1.982","1.912","1.58%"
"2025-4-25","1.900","1.950","1.950","1.912","-1.55%"
"2025-4-24","1.930","1.980","1.980","1.920","2.12%"
"2025-4-23","1.890","1.930","1.942","1.903","0.00%"
"2025-4-22","1.890","1.971","1.971","1.905","-1.05%"
"2025-4-21","1.910","1.950","1.950","1.899","0.53%"
"2025-4-18","1.900","1.908","1.929","1.902","1.60%"
"2025-4-17","1.870","1.914","1.914","1.876","1.08%"
"2025-4-16","1.850","1.910","1.910","1.849","0.00%"
"2025-4-15","1.850","1.900","1.900","1.857","-1.07%"
"2025-4-14","1.870","1.912","1.912","1.871","0.54%"
"2025-4-11","1.860","1.910","1.910","1.847","0.00%"
"2025-4-10","1.860","1.910","1.910","1.858","0.54%"
"2025-4-9","1.850","1.880","1.940","1.839","0.00%"
"2025-4-8","1.850","1.870","1.870","1.850","-0.54%"
"2025-4-7","1.860","1.860","1.863","1.822","-3.63%"
"2025-4-3","1.930","1.979","1.985","1.917","-3.50%"
"2025-4-2","2.000","2.072","2.072","1.995","-0.99%"
"2025-4-1","2.020","2.030","2.040","2.019","0.00%"
"2025-3-31","2.020","2.080","2.080","2.023","-0.49%"
"2025-3-28","2.030","2.059","2.059","2.010","1.50%"
"2025-3-27","2.000","2.050","2.050","1.999","-0.50%"
"2025-3-26","2.010","2.080","2.080","2.005","-0.50%"
"2025-3-25","2.020","2.025","2.048","2.016","-1.94%"
"2025-3-24","2.060","2.078","2.088","2.047","0.00%"
"2025-3-21","2.060","2.100","2.100","2.046","-0.96%"
"2025-3-20","2.080","2.154","2.154","2.058","-1.42%"
"2025-3-19","2.110","2.138","2.160","2.113","-0.47%"
"2025-3-18","2.120","2.213","2.213","2.109","1.92%"
"2025-3-17","2.080","2.089","2.106","2.081","1.96%"
"2025-3-14","2.040","2.040","2.090","2.039","0.99%"
"2025-3-13","2.020","2.060","2.060","2.007","0.00%"
"2025-3-12","2.020","2.055","2.068","2.013","1.00%"
"2025-3-11","2.000","2.034","2.034","1.989","1.01%"
"2025-3-10","1.980","2.030","2.030","1.970","3.66%"
"2025-3-7","1.910","1.987","1.987","1.917","0.00%"
"2025-3-6","1.910","1.942","1.942","1.910","1.06%"
"2025-3-5","1.890","1.944","1.944","1.892","0.53%"
"2025-3-4","1.880","1.940","1.940","1.891","0.53%"
"2025-3-3","1.870","1.950","1.950","1.870","-1.06%"
"2025-2-28","1.890","1.980","1.980","1.896","0.00%"
"2025-2-27","1.890","2.018","1.954","1.900","-1.05%"
"2025-2-26","1.910","1.970","1.970","1.906","0.53%"
"2025-2-25","1.900","1.990","1.990","1.909","-0.52%"
"2025-2-24","1.910","2.005","2.005","1.911","1.38%"
"2025-2-21","1.884","1.920","1.920","1.875","1.18%"
"2025-2-20","1.862","1.889","1.889","1.844","0.22%"
"2025-2-19","1.858","1.910","1.910","1.844","-0.27%"
"2025-2-18","1.863","1.909","1.909","1.858","0.65%"
"2025-2-17","1.851","1.848","1.868","1.840","-0.59%"
"2025-2-14","1.862","1.839","1.884","1.835","0.98%"
"2025-2-13","1.844","1.840","1.875","1.836","-0.27%"
"2025-2-12","1.849","1.833","1.877","1.831","0.22%"
"2025-2-11","1.845","1.850","1.863","1.835","-0.97%"
"2025-2-10","1.863","1.867","1.877","1.835","2.36%"
"2025-2-8","1.820","1.830","1.865","1.830","-0.82%"
"2025-2-7","1.835","1.813","1.847","1.813","1.33%"
"2025-2-6","1.811","1.813","1.862","1.810","-0.11%"
"2025-2-5","1.813","1.845","1.853","1.813","-2.37%"
"2025-1-27","1.857","1.870","1.914","1.843","-0.16%"
"2025-1-26","1.860","1.914","1.914","1.865","-0.85%"
"2025-1-24","1.876","1.883","1.916","1.866","-0.74%"
"2025-1-23","1.890","1.877","1.904","1.867","0.21%"
"2025-1-22","1.886","1.866","1.905","1.861","0.64%"
"2025-1-21","1.874","1.900","1.924","1.866","-1.73%"
"2025-1-20","1.907","1.917","1.923","1.889","0.53%"
"2025-1-17","1.897","1.870","1.908","1.865","1.50%"
"2025-1-16","1.869","1.865","1.900","1.861","-0.43%"
"2025-1-15","1.877","1.870","1.890","1.849","-0.05%"
"2025-1-14","1.878","1.903","1.945","1.871","-1.47%"
"2025-1-13","1.906","1.924","1.924","1.874","0.85%"
"2025-1-10","1.890","1.895","1.942","1.883","-0.37%"
"2025-1-9","1.897","1.870","1.908","1.861","1.66%"
"2025-1-8","1.866","1.870","1.900","1.848","-0.11%"
"2025-1-7","1.868","1.834","1.875","1.834","1.52%"
"2025-1-6","1.840","1.890","1.890","1.828","-0.97%"
"2025-1-3","1.858","1.840","1.886","1.803","0.70%"
"2025-1-2","1.845","1.952","1.952","1.843","-3.66%"
"2024-12-31","1.915","1.988","1.988","1.914","-2.00%"
"2024-12-30","1.954","1.990","1.990","1.944","0.05%"
"2024-12-27","1.953","2.010","2.010","1.939","-1.06%"
"2024-12-26","1.974","2.005","2.039","1.974","-1.60%"
"2024-12-25","2.006","1.998","2.029","1.988","0.15%"
"2024-12-24","2.003","1.963","2.003","1.954","1.68%"
"2024-12-23","1.970","1.940","1.972","1.922","0.31%"
"2024-12-20","1.964","2.023","2.023","1.947","-1.90%"
"2024-12-19","2.002","2.007","2.033","1.992","0.05%"
"2024-12-18","2.001","1.960","2.008","1.952","1.88%"
"2024-12-17","1.964","1.960","1.978","1.954","-0.61%"
"2024-12-16","1.976","1.995","2.000","1.955","-1.59%"
"2024-12-13","2.008","2.047","2.067","2.000","-1.86%"
"2024-12-12","2.046","2.058","2.085","2.035","-0.15%"
"2024-12-11","2.049","2.080","2.100","2.043","-0.82%"
"2024-12-10","2.066","2.115","2.135","2.066","-2.78%"
"2024-12-9","2.125","2.209","2.209","2.118","-1.80%"
"2024-12-6","2.164","2.193","2.193","2.142","0.74%"
"2024-12-5","2.148","2.153","2.179","2.137","0.28%"
"2024-12-4","2.142","2.208","2.208","2.139","-1.52%"
"2024-12-3","2.175","2.163","2.186","2.163","0.05%"
"2024-12-2","2.174","2.213","2.213","2.160","-2.20%"
"2024-11-29","2.223","2.258","2.258","2.201","0.23%"
"2024-11-28","2.218","2.254","2.290","2.218","-2.68%"
"2024-11-27","2.279","2.242","2.285","2.230","-0.04%"
"2024-11-26","2.280","2.271","2.280","2.236","0.31%"
"2024-11-25","2.273","2.295","2.295","2.242","-0.39%"
"2024-11-22","2.282","2.305","2.305","2.259","-0.70%"
"2024-11-21","2.298","2.308","2.335","2.278","-0.82%"
"2024-11-20","2.317","2.330","2.330","2.293","0.61%"
"2024-11-19","2.303","2.312","2.360","2.288","-1.12%"
"2024-11-18","2.329","2.333","2.335","2.288","1.70%"
"2024-11-15","2.290","2.310","2.310","2.261","0.57%"
"2024-11-14","2.277","2.255","2.305","2.255","0.84%"
"2024-11-13","2.258","2.240","2.285","2.238","0.31%"
"2024-11-12","2.251","2.260","2.293","2.239","-0.40%"
"2024-11-11","2.260","2.270","2.295","2.260","-0.62%"
"2024-11-8","2.274","2.285","2.305","2.253","-0.48%"
"2024-11-7","2.285","2.293","2.331","2.278","-1.00%"
"2024-11-6","2.308","2.278","2.325","2.263","1.05%"
"2024-11-5","2.284","2.310","2.344","2.284","-1.55%"
"2024-11-4","2.320","2.328","2.344","2.300","-0.60%"
"2024-11-1","2.334","2.335","2.373","2.315","0.00%"
"2024-10-31","2.334","2.370","2.386","2.334","-1.81%"
"2024-10-30","2.377","2.390","2.435","2.356","-0.59%"
"2024-10-29","2.391","2.450","2.450","2.364","-0.08%"
"2024-10-28","2.393","2.430","2.430","2.370","0.38%"
"2024-10-25","2.384","2.384","2.384","2.384","-0.83%"
"2024-10-24","2.404","2.404","2.409","2.391","4.48%"
"2024-10-23","2.301","2.345","2.422","2.278","-5.27%"
"2024-10-22","2.429","2.310","2.429","2.310","5.15%"
"2024-10-21","2.310","2.310","2.310","2.310","0.00%"
"2024-10-18","2.310","2.273","2.320","2.170","0.87%"
"2024-10-17","2.290","2.330","2.330","2.170","2.00%"
"2024-10-16","2.245","2.310","2.310","2.170","-2.81%"
"2024-10-15","2.310","2.310","2.310","2.310","0.00%"
"2024-10-14","2.310","2.310","2.320","2.285","0.00%"
"2024-10-12","2.310","2.305","2.320","2.280","3.22%"
"2024-10-11","2.238","2.290","2.290","2.170","-2.27%"
"2024-10-10","2.290","2.370","2.370","2.285","-2.76%"
"2024-10-9","2.355","2.390","2.400","2.335","-0.63%"
"2024-10-8","2.370","2.354","2.370","2.254","-3.46%"
"2024-9-30","2.455","2.455","2.455","2.455","0.20%"
"2024-9-29","2.450","2.390","2.450","2.390","4.26%"
"2024-9-27","2.350","2.217","2.350","2.207","6.82%"
"2024-9-26","2.200","2.148","2.210","2.145","2.18%"
"2024-9-25","2.153","2.180","2.210","2.153","-0.69%"
"2024-9-24","2.168","2.172","2.172","2.168","-0.32%"
"2024-9-23","2.175","2.185","2.185","2.135","-0.91%"
"2024-9-20","2.195","2.265","2.265","2.153","0.18%"
"2024-9-19","2.191","2.269","2.269","2.146","0.05%"
"2024-9-18","2.190","2.283","2.283","2.159","-2.14%"
"2024-9-14","2.238","2.283","2.288","2.187","-1.97%"
"2024-9-13","2.283","2.330","2.330","2.268","-1.21%"
"2024-9-12","2.311","2.302","2.325","2.274","1.14%"
"2024-9-11","2.285","2.346","2.346","2.277","-1.85%"
"2024-9-10","2.328","2.360","2.360","2.274","-0.21%"
"2024-9-9","2.333","2.338","2.379","2.295","0.34%"
"2024-9-6","2.325","2.356","2.356","2.325","-0.73%"
"2024-9-5","2.342","2.371","2.371","2.341","-0.76%"
"2024-9-4","2.360","2.371","2.371","2.328","-0.51%"
"2024-9-3","2.372","2.386","2.386","2.345","0.30%"
"2024-9-2","2.365","2.435","2.435","2.344","-1.79%"
"2024-8-30","2.408","2.390","2.408","2.367","1.35%"
"2024-8-29","2.376","2.396","2.396","2.367","-0.25%"
"2024-8-28","2.382","2.395","2.395","2.366","0.13%"
"2024-8-27","2.379","2.388","2.388","2.358","0.46%"
"2024-8-26","2.368","2.435","2.435","2.338","0.34%"
"2024-8-23","2.360","2.468","2.468","2.344","-0.04%"
"2024-8-22","2.361","2.372","2.373","2.360","-0.76%"
"2024-8-21","2.379","2.390","2.390","2.370","-0.04%"
"2024-8-20","2.380","2.396","2.399","2.362","-0.42%"
"2024-8-19","2.390","2.494","2.494","2.373","-0.33%"
"2024-8-16","2.398","2.493","2.493","2.381","-0.21%"
"2024-8-15","2.403","2.436","2.436","2.380","-0.04%"
"2024-8-14","2.404","2.443","2.443","2.391","-0.29%"
"2024-8-13","2.411","2.431","2.431","2.402","0.08%"
"2024-8-12","2.409","2.513","2.513","2.405","0.84%"
"2024-8-9","2.389","2.392","2.395","2.372","0.59%"
"2024-8-8","2.375","2.368","2.377","2.364","0.34%"
"2024-8-7","2.367","2.373","2.388","2.338","0.00%"
"2024-8-6","2.367","2.395","2.395","2.358","0.17%"
"2024-8-5","2.363","2.445","2.445","2.321","-0.71%"
"2024-8-2","2.380","2.440","2.440","2.344","0.17%"
"2024-8-1","2.376","2.482","2.482","2.364","-0.54%"
"2024-7-31","2.389","2.471","2.471","2.363","0.34%"
"2024-7-30","2.381","2.458","2.458","2.372","-1.69%"
"2024-7-29","2.422","2.502","2.502","2.401","-0.16%"
"2024-7-26","2.426","2.457","2.484","2.418","-1.26%"
"2024-7-25","2.457","2.471","2.488","2.441","-0.81%"
"2024-7-24","2.477","2.530","2.530","2.468","-0.08%"
"2024-7-23","2.479","2.520","2.520","2.466","-0.24%"
"2024-7-22","2.485","2.490","2.498","2.471","-0.78%"
"2024-7-21","2.504","2.504","2.504","2.504","0.18%"
"2024-7-20","2.500","2.500","2.500","2.500","0.00%"
"2024-7-19","2.500","2.504","2.529","2.492","-0.08%"
"2024-7-18","2.502","2.491","2.530","2.486","0.44%"
"2024-7-17","2.491","2.490","2.530","2.477","0.04%"
"2024-7-16","2.490","2.492","2.527","2.473","0.12%"
"2024-7-15","2.487","2.520","2.520","2.476","-0.48%"
"2024-7-12","2.499","2.513","2.513","2.488","-0.56%"
"2024-7-11","2.513","2.607","2.607","2.505","-0.12%"
"2024-7-10","2.516","2.525","2.565","2.503","-0.04%"
"2024-7-9","2.517","2.618","2.618","2.504","-0.47%"
"2024-7-8","2.529","2.525","2.565","2.519","0.68%"
"2024-7-5","2.512","2.492","2.526","2.489","0.92%"
"2024-7-4","2.489","2.488","2.517","2.480","0.24%"
"2024-7-3","2.483","2.473","2.495","2.468","0.00%"
"2024-7-2","2.483","2.490","2.530","2.473","0.81%"
"2024-7-1","2.463","2.525","2.525","2.409","1.23%"
"2024-6-28","2.433","2.438","2.461","2.421","-0.29%"
"2024-6-27","2.440","2.469","2.469","2.433","-0.73%"
"2024-6-26","2.458","2.526","2.526","2.442","0.04%"
"2024-6-25","2.457","2.518","2.518","2.457","-0.93%"
"2024-6-24","2.480","2.598","2.598","2.469","-0.44%"
"2024-6-21","2.491","2.486","2.498","2.473","0.44%"
"2024-6-20","2.480","2.486","2.491","2.463","-0.44%"
"2024-6-19","2.491","2.500","2.509","2.481","-0.36%"
"2024-6-18","2.500","2.519","2.532","2.486","-0.83%"
"2024-6-17","2.521","2.515","2.529","2.504","0.16%"
"2024-6-14","2.517","2.541","2.541","2.504","-0.55%"
"2024-6-13","2.531","2.564","2.564","2.524","-0.55%"
"2024-6-12","2.545","2.539","2.581","2.530","0.20%"
"2024-6-11","2.540","2.553","2.553","2.531","-0.47%"
"2024-6-7","2.552","2.563","2.564","2.537","-0.27%"
"2024-6-6","2.559","2.564","2.564","2.556","-0.04%"
"2024-6-5","2.560","2.557","2.601","2.545","-0.08%"
"2024-6-4","2.562","2.562","2.572","2.550","-0.08%"
"2024-6-3","2.564","2.588","2.588","2.555","-0.35%"
"2024-5-31","2.573","2.570","2.608","2.558","0.82%"
"2024-5-30","2.552","2.587","2.587","2.535","-0.31%"
"2024-5-29","2.560","2.578","2.578","2.557","-0.43%"
"2024-5-28","2.571","2.580","2.580","2.551","-0.23%"
"2024-5-27","2.577","2.578","2.580","2.570","0.00%"
"2024-5-24","2.577","2.567","2.586","2.551","0.47%"
"2024-5-23","2.565","2.596","2.596","2.565","-0.85%"
"2024-5-22","2.587","2.574","2.625","2.573","0.27%"
"2024-5-21","2.580","2.583","2.605","2.578","-0.15%"
"2024-5-20","2.584","2.565","2.620","2.563","0.12%"
"2024-5-17","2.581","2.573","2.604","2.565","0.31%"
"2024-5-16","2.573","2.590","2.590","2.561","0.51%"
"2024-5-15","2.560","2.584","2.584","2.550","-0.08%"
"2024-5-14","2.562","2.588","2.588","2.557","-1.08%"
"2024-5-13","2.590","2.565","2.632","2.546","-0.52%"
"2024-5-11","2.603","2.583","2.618","2.583","0.87%"
"2024-5-10","2.581","2.563","2.584","2.556","0.94%"
"2024-5-9","2.557","2.561","2.561","2.544","0.43%"
"2024-5-8","2.546","2.582","2.582","2.530","-0.35%"
"2024-5-7","2.555","2.569","2.569","2.541","0.27%"
"2024-5-6","2.548","2.622","2.622","2.535","-0.70%"
"2024-4-30","2.566","2.490","2.590","2.480","0.43%"
"2024-4-29","2.555","2.490","2.568","2.480","0.43%"
"2024-4-28","2.544","2.526","2.559","2.520","1.68%"
"2024-4-26","2.502","2.490","2.502","2.480","0.72%"
"2024-4-25","2.484","2.501","2.501","2.452","1.76%"
"2024-4-24","2.441","2.444","2.444","2.432","0.54%"
"2024-4-23","2.428","2.442","2.454","2.421","-0.65%"
"2024-4-22","2.444","2.530","2.530","2.430","-0.24%"
"2024-4-19","2.450","2.463","2.463","2.440","-0.24%"
"2024-4-18","2.456","2.472","2.474","2.436","-0.57%"
"2024-4-17","2.470","2.485","2.485","2.455","-0.68%"
"2024-4-16","2.487","2.506","2.506","2.480","-0.28%"
"2024-4-15","2.494","2.584","2.584","2.479","-0.16%"
"2024-4-12","2.498","2.524","2.524","2.487","-0.28%"
"2024-4-11","2.505","2.530","2.530","2.481","0.89%"
"2024-4-10","2.483","2.486","2.486","2.475","0.20%"
"2024-4-9","2.478","2.492","2.492","2.467","-0.12%"
"2024-4-8","2.481","2.484","2.485","2.463","-0.18%"
"2024-4-7","2.486","2.489","2.491","2.483","0.00%"
"2024-4-3","2.486","2.492","2.492","2.461","-0.16%"
"2024-4-2","2.490","2.487","2.490","2.475","0.08%"
"2024-4-1","2.488","2.510","2.510","2.477","0.89%"
"2024-3-29","2.466","2.504","2.504","2.449","-0.36%"
"2024-3-28","2.475","2.496","2.496","2.466","-0.64%"
"2024-3-27","2.491","2.521","2.521","2.487","-0.84%"
"2024-3-26","2.512","2.525","2.525","2.490","0.32%"
"2024-3-25","2.504","2.582","2.582","2.478","0.72%"
"2024-3-22","2.486","2.520","2.520","2.445","0.53%"
"2024-3-21","2.473","2.481","2.484","2.458","-0.40%"
"2024-3-20","2.483","2.480","2.490","2.449","0.36%"
"2024-3-19","2.474","2.500","2.500","2.466","-0.48%"
"2024-3-18","2.486","2.510","2.560","2.486","-2.01%"
"2024-3-15","2.537","2.566","2.566","2.528","-0.55%"
"2024-3-14","2.551","2.574","2.574","2.534","0.00%"
"2024-3-13","2.551","2.617","2.617","2.523","1.47%"
"2024-3-12","2.514","2.523","2.523","2.484","1.45%"
"2024-3-11","2.478","2.430","2.480","2.428","1.02%"
"2024-3-8","2.453","2.438","2.464","2.426","0.66%"
"2024-3-7","2.437","2.510","2.510","2.398","-1.26%"
"2024-3-6","2.468","2.480","2.493","2.458","-1.00%"
"2024-3-5","2.493","2.485","2.517","2.473","0.20%"
"2024-3-4","2.488","2.580","2.580","2.468","-1.05%"
"2024-3-3","2.514","2.514","2.514","2.514","0.00%"
"2024-3-2","2.514","2.503","2.514","2.503","0.46%"
"2024-3-1","2.503","2.487","2.511","2.487","0.68%"
"2024-2-29","2.486","2.509","2.533","2.451","-1.07%"
"2024-2-28","2.513","2.564","2.564","2.508","-0.95%"
"2024-2-27","2.537","2.578","2.578","2.513","-0.31%"
"2024-2-26","2.545","2.670","2.670","2.539","-1.66%"
"2024-2-23","2.588","2.620","2.620","2.572","-0.61%"
"2024-2-22","2.604","2.622","2.623","2.594","-0.23%"
"2024-2-21","2.610","2.667","2.667","2.605","-0.65%"
"2024-2-20","2.627","2.670","2.670","2.615","-0.53%"
"2024-2-19","2.641","2.660","2.688","2.632","-0.49%"
"2024-2-18","2.654","2.662","2.672","2.646","-0.90%"
"2024-2-9","2.678","2.655","2.768","2.655","0.56%"
"2024-2-8","2.663","2.655","2.672","2.655","0.00%"
"2024-2-7","2.663","2.715","2.715","2.651","-0.26%"
"2024-2-6","2.670","2.621","2.672","2.601","2.57%"
"2024-2-5","2.603","2.624","2.643","2.591","-0.93%"
"2024-2-4","2.628","2.649","2.649","2.615","-1.07%"
"2024-2-2","2.656","2.656","2.667","2.642","0.00%"
"2024-2-1","2.656","2.651","2.664","2.635","0.19%"
"2024-1-31","2.651","2.687","2.734","2.637","-2.25%"
"2024-1-30","2.712","2.745","2.745","2.703","-0.62%"
"2024-1-29","2.729","2.740","2.771","2.725","-0.22%"
"2024-1-26","2.735","2.780","2.780","2.728","0.04%"
"2024-1-25","2.734","2.743","2.758","2.723","-0.40%"
"2024-1-24","2.745","2.770","2.770","2.718","0.11%"
"2024-1-23","2.742","2.770","2.770","2.723","0.37%"
"2024-1-22","2.732","2.857","2.857","2.717","-1.26%"
"2024-1-19","2.767","2.891","2.891","2.756","-0.54%"
"2024-1-18","2.782","2.873","2.873","2.765","-0.22%"
"2024-1-17","2.788","2.880","2.880","2.774","-0.43%"
"2024-1-16","2.800","2.883","2.883","2.781","0.11%"
"2024-1-15","2.797","2.841","2.841","2.783","0.07%"
"2024-1-12","2.795","2.786","2.828","2.783","0.32%"
"2024-1-11","2.786","2.779","2.828","2.768","0.29%"
"2024-1-10","2.778","2.779","2.815","2.770","-0.04%"
"2024-1-9","2.779","2.801","2.816","2.765","-1.03%"
"2024-1-8","2.808","2.903","2.903","2.797","-0.43%"
"2024-1-5","2.820","2.848","2.848","2.809","-0.21%"
"2024-1-4","2.826","2.899","2.899","2.822","-0.67%"
"2024-1-3","2.845","2.865","2.865","2.838","0.14%"
"2024-1-2","2.841","2.825","2.841","2.820","-0.53%"
"2023-12-29","2.856","2.957","2.957","2.828","0.46%"
"2023-12-28","2.843","2.885","2.885","2.814","0.46%"
"2023-12-27","2.830","2.873","2.873","2.820","-0.25%"
"2023-12-26","2.837","2.874","2.874","2.824","0.21%"
"2023-12-25","2.831","2.933","2.933","2.809","-0.88%"
"2023-12-22","2.856","2.882","2.882","2.850","-0.42%"
"2023-12-21","2.868","2.893","2.935","2.851","-0.97%"
"2023-12-20","2.896","3.010","3.010","2.882","0.03%"
"2023-12-19","2.895","2.934","2.934","2.886","0.03%"
"2023-12-18","2.894","2.900","2.945","2.886","-0.52%"
"2023-12-15","2.909","2.965","2.965","2.901","-0.65%"
"2023-12-14","2.928","2.973","2.975","2.923","-0.34%"
"2023-12-13","2.938","2.967","2.967","2.925","-0.17%"
"2023-12-12","2.943","2.963","2.963","2.928","-0.07%"
"2023-12-11","2.945","2.930","2.988","2.925","-0.34%"
"2023-12-8","2.955","2.978","2.978","2.950","-0.20%"
"2023-12-7","2.961","2.986","2.998","2.945","0.07%"
"2023-12-6","2.959","2.958","2.996","2.947","-0.17%"
"2023-12-5","2.964","2.987","2.991","2.949","0.14%"
"2023-12-4","2.960","3.030","3.030","2.946","0.17%"
"2023-12-1","2.955","2.975","2.975","2.943","0.17%"
"2023-11-30","2.950","3.012","3.012","2.942","-0.61%"
"2023-11-29","2.968","2.991","2.996","2.955","0.03%"
"2023-11-28","2.967","3.060","3.060","2.958","-0.90%"
"2023-11-27","2.994","3.067","3.067","2.971","0.40%"
"2023-11-24","2.982","2.993","2.996","2.969","0.20%"
"2023-11-23","2.976","2.999","2.999","2.964","0.81%"
"2023-11-22","2.952","2.979","2.986","2.945","0.00%"
"2023-11-21","2.952","2.977","2.984","2.942","0.03%"
"2023-11-20","2.951","3.020","3.020","2.934","0.07%"
"2023-11-17","2.949","3.027","3.027","2.933","-0.54%"
"2023-11-16","2.965","3.002","3.002","2.948","-0.10%"
"2023-11-15","2.968","2.964","2.968","2.954","0.37%"
"2023-11-14","2.957","2.975","2.982","2.940","0.14%"
"2023-11-13","2.953","3.065","3.065","2.944","-0.67%"
"2023-11-10","2.973","2.999","2.999","2.964","-0.17%"
"2023-11-9","2.978","2.982","2.984","2.967","-0.07%"
"2023-11-8","2.980","3.001","3.006","2.969","-0.17%"
"2023-11-7","2.985","2.989","2.989","2.967","-0.20%"
"2023-11-6","2.991","3.097","3.097","2.973","0.13%"
"2023-11-3","2.987","3.051","3.051","2.978","-0.43%"
"2023-11-2","3.000","3.014","3.015","2.991","-0.60%"
"2023-11-1","3.018","3.074","3.074","3.005","-0.23%"
"2023-10-31","3.025","3.081","3.081","3.014","-0.26%"
"2023-10-30","3.033","3.035","3.035","3.015","-0.10%"
"2023-10-28","3.036","3.034","3.036","3.034","0.36%"
"2023-10-27","3.025","3.034","3.034","3.012","0.33%"
"2023-10-26","3.015","3.046","3.046","3.008","0.00%"
"2023-10-25","3.015","3.029","3.034","3.005","0.13%"
"2023-10-24","3.011","3.009","3.034","2.997","0.13%"
"2023-10-23","3.007","3.090","3.090","2.993","-0.07%"
"2023-10-20","3.009","3.043","3.043","2.998","-0.40%"
"2023-10-19","3.021","3.090","3.090","3.004","0.67%"
"2023-10-18","3.001","3.033","3.033","2.996","0.10%"
"2023-10-17","2.998","3.043","3.043","2.996","0.17%"
"2023-10-16","2.993","3.040","3.040","2.988","-0.10%"
"2023-10-13","2.996","3.033","3.033","2.990","-0.50%"
"2023-10-12","3.011","3.059","3.059","3.007","-0.03%"
"2023-10-11","3.012","3.057","3.057","3.002","0.40%"
"2023-10-10","3.000","3.012","3.021","2.993","0.20%"
"2023-10-9","2.994","3.009","3.009","2.987","-0.43%"
"2023-10-8","3.007","3.007","3.010","3.004","-0.10%"
"2023-10-7","3.010","3.017","3.023","3.004","0.07%"
"2023-9-28","3.008","3.021","3.038","2.998","0.10%"
"2023-9-27","3.005","3.039","3.039","2.996","0.00%"
"2023-9-26","3.005","3.040","3.040","3.001","-0.07%"
"2023-9-25","3.007","3.040","3.040","2.987","0.43%"
"2023-9-22","2.994","3.023","3.023","2.973","0.50%"
"2023-9-21","2.979","3.022","3.029","2.973","-0.33%"
"2023-9-20","2.989","3.013","3.015","2.984","0.10%"
"2023-9-19","2.986","2.983","3.048","2.980","0.17%"
"2023-9-18","2.981","3.000","3.044","2.981","-0.40%"
"2023-9-15","2.993","2.949","3.018","2.949","1.53%"
"2023-9-14","2.948","3.004","3.004","2.946","-1.17%"
"2023-9-13","2.983","2.993","3.026","2.972","-0.27%"
"2023-9-12","2.991","3.013","3.013","2.971","0.07%"
"2023-9-11","2.989","2.989","3.014","2.980","-0.10%"
"2023-9-8","2.992","2.996","3.043","2.973","0.00%"
"2023-9-7","2.992","2.991","3.015","2.975","0.03%"
"2023-9-6","2.991","2.971","3.003","2.956","0.64%"
"2023-9-5","2.972","2.973","2.978","2.946","0.54%"
"2023-9-4","2.956","2.968","2.981","2.948","0.44%"
"2023-9-1","2.943","2.929","2.943","2.903","1.17%"
"2023-8-31","2.909","2.908","2.934","2.896","0.03%"
"2023-8-30","2.908","2.911","2.963","2.895","-0.07%"
"2023-8-29","2.910","2.894","2.916","2.891","0.52%"
"2023-8-28","2.895","2.930","2.952","2.892","-0.29%"
"2023-8-27","2.904","2.904","2.904","2.904","0.00%"
"2023-8-26","2.904","2.904","2.904","2.904","0.33%"
"2023-8-25","2.894","2.912","2.919","2.875","0.21%"
"2023-8-24","2.888","2.889","2.918","2.875","-0.10%"
"2023-8-23","2.891","2.899","2.945","2.880","-0.28%"
"2023-8-22","2.899","2.898","2.934","2.880","0.00%"
"2023-8-21","2.899","3.010","3.010","2.881","-1.33%"
"2023-8-18","2.938","2.994","2.994","2.919","-0.17%"
"2023-8-17","2.943","2.971","2.977","2.921","-0.10%"
"2023-8-16","2.946","2.980","2.980","2.928","-0.47%"
"2023-8-15","2.960","3.066","3.066","2.920","-0.67%"
"2023-8-14","2.980","3.070","3.070","2.969","-0.83%"
"2023-8-11","3.005","3.057","3.057","2.985","0.00%"
"2023-8-10","3.005","3.055","3.055","2.989","0.07%"
"2023-8-9","3.003","3.108","3.108","2.985","0.00%"
"2023-8-8","3.003","3.033","3.033","2.988","-0.17%"
"2023-8-7","3.008","3.088","3.088","2.988","0.00%"
"2023-8-4","3.008","3.108","3.108","2.988","0.00%"
"2023-8-3","3.008","3.075","3.075","2.993","-0.43%"
"2023-8-2","3.021","3.078","3.078","2.995","-0.07%"
"2023-8-1","3.023","3.131","3.131","3.001","-0.07%"
"2023-7-31","3.025","3.102","3.102","3.008","0.23%"
"2023-7-28","3.018","3.061","3.061","2.990","0.33%"
"2023-7-27","3.008","3.122","3.122","2.988","-0.50%"
"2023-7-26","3.023","3.112","3.112","3.003","-0.40%"
"2023-7-25","3.035","3.030","3.035","2.993","1.51%"
"2023-7-24","2.990","3.079","3.079","2.965","-0.17%"
"2023-7-21","2.995","3.053","3.053","2.978","-0.66%"
"2023-7-20","3.015","3.050","3.050","2.995","0.03%"
"2023-7-19","3.014","3.093","3.093","2.993","0.03%"
"2023-7-18","3.013","3.065","3.065","2.995","-0.40%"
"2023-7-17","3.025","3.075","3.075","3.005","-0.26%"
"2023-7-14","3.033","3.065","3.065","3.010","0.26%"
"2023-7-13","3.025","3.044","3.044","3.005","0.20%"
"2023-7-12","3.019","3.098","3.098","3.000","-0.13%"
"2023-7-11","3.023","3.066","3.066","2.997","-0.33%"
"2023-7-10","3.033","3.075","3.075","3.009","-0.07%"
"2023-7-7","3.035","3.065","3.065","3.012","-0.10%"
"2023-7-6","3.038","3.065","3.065","3.013","0.10%"
"2023-7-5","3.035","3.100","3.100","3.016","-0.33%"
"2023-7-4","3.045","3.075","3.075","3.009","0.50%"
"2023-7-3","3.030","3.050","3.050","3.008","0.07%"
"2023-6-30","3.028","3.065","3.065","3.005","-0.26%"
"2023-6-29","3.036","3.095","3.095","3.018","-0.30%"
"2023-6-28","3.045","3.098","3.098","3.027","-0.10%"
"2023-6-27","3.048","3.103","3.103","3.030","-0.07%"
"2023-6-26","3.050","3.126","3.126","3.029","0.03%"
"2023-6-25","3.049","3.068","3.068","3.047","-0.62%"
"2023-6-21","3.068","3.143","3.143","3.035","-0.07%"
"2023-6-20","3.070","3.150","3.150","3.048","-0.32%"
"2023-6-19","3.080","3.080","3.080","3.046","0.85%"
"2023-6-16","3.054","3.065","3.088","3.035","0.30%"
"2023-6-15","3.045","3.063","3.063","3.019","0.69%"
"2023-6-14","3.024","3.075","3.075","2.982","-0.49%"
"2023-6-13","3.039","3.108","3.108","3.007","-0.69%"
"2023-6-12","3.060","3.103","3.103","3.032","0.00%"
"2023-6-9","3.060","3.134","3.134","3.037","-0.81%"
"2023-6-8","3.085","3.123","3.133","3.067","0.00%"
"2023-6-7","3.085","3.140","3.140","3.065","-0.16%"
"2023-6-6","3.090","3.138","3.138","3.073","-0.32%"
"2023-6-5","3.100","3.147","3.147","3.078","0.00%"
"2023-6-2","3.100","3.168","3.168","3.071","0.23%"
"2023-6-1","3.093","3.172","3.172","3.067","0.00%"
"2023-5-31","3.093","3.116","3.116","3.075","-0.32%"
"2023-5-30","3.103","3.121","3.121","3.093","-0.13%"
"2023-5-29","3.107","3.190","3.190","3.085","-0.73%"
"2023-5-26","3.130","3.126","3.130","3.104","0.68%"
"2023-5-25","3.109","3.129","3.129","3.093","0.13%"
"2023-5-24","3.105","3.134","3.134","3.092","-0.22%"
"2023-5-23","3.112","3.111","3.140","3.085","-0.22%"
"2023-5-22","3.119","3.200","3.200","3.105","0.03%"
"2023-5-19","3.118","3.208","3.208","3.105","-0.38%"
"2023-5-18","3.130","3.179","3.179","3.105","0.16%"
"2023-5-17","3.125","3.120","3.125","3.093","0.32%"
"2023-5-16","3.115","3.157","3.157","3.090","0.13%"
"2023-5-15","3.111","3.148","3.153","3.082","0.16%"
"2023-5-12","3.106","3.096","3.106","3.084","0.32%"
"2023-5-11","3.096","3.139","3.139","3.079","-0.55%"
"2023-5-10","3.113","3.133","3.133","3.102","-0.35%"
"2023-5-9","3.124","3.190","3.190","3.107","-0.32%"
"2023-5-8","3.134","3.169","3.169","3.107","0.38%"
"2023-5-6","3.122","3.123","3.125","3.122","-0.60%"
"2023-5-5","3.141","3.180","3.180","3.098","-0.19%"
"2023-5-4","3.147","3.243","3.243","3.128","-0.41%"
"2023-4-28","3.160","3.200","3.200","3.145","0.10%"
"2023-4-27","3.157","3.234","3.234","3.145","-0.72%"
"2023-4-26","3.180","3.238","3.238","3.168","-0.03%"
"2023-4-25","3.181","3.241","3.241","3.168","-0.09%"
"2023-4-24","3.184","3.286","3.286","3.172","-0.78%"
"2023-4-23","3.209","3.211","3.215","3.207","0.28%"
"2023-4-21","3.200","3.268","3.268","3.185","-0.19%"
"2023-4-20","3.206","3.268","3.268","3.195","-0.06%"
"2023-4-19","3.208","3.299","3.299","3.197","-0.12%"
"2023-4-18","3.212","3.278","3.278","3.201","-0.19%"
"2023-4-17","3.218","3.268","3.268","3.204","0.31%"
"2023-4-14","3.208","3.250","3.250","3.194","-0.31%"
"2023-4-13","3.218","3.240","3.240","3.196","0.28%"
"2023-4-12","3.209","3.283","3.283","3.195","-0.56%"
"2023-4-11","3.227","3.280","3.280","3.219","-0.49%"
"2023-4-10","3.243","3.331","3.331","3.233","-0.15%"
"2023-4-7","3.248","3.260","3.260","3.244","-0.52%"
"2023-4-6","3.265","3.338","3.338","3.244","0.31%"
"2023-4-4","3.255","3.320","3.320","3.247","0.03%"
"2023-4-3","3.254","3.329","3.329","3.237","0.28%"
"2023-3-31","3.245","3.250","3.250","3.236","0.31%"
"2023-3-30","3.235","3.270","3.270","3.223","-0.19%"
"2023-3-29","3.241","3.279","3.279","3.228","0.31%"
"2023-3-28","3.231","3.240","3.240","3.231","-0.09%"
"2023-3-27","3.234","3.338","3.338","3.229","-0.74%"
"2023-3-24","3.258","3.250","3.258","3.238","0.31%"
"2023-3-23","3.248","3.323","3.323","3.235","0.03%"
"2023-3-22","3.247","3.240","3.247","3.229","0.37%"
"2023-3-21","3.235","3.265","3.265","3.233","-0.74%"
"2023-3-20","3.259","3.270","3.270","3.230","0.56%"
"2023-3-17","3.241","3.280","3.280","3.233","-0.70%"
"2023-3-16","3.264","3.320","3.330","3.261","-1.03%"
"2023-3-15","3.298","3.295","3.298","3.283","0.33%"
"2023-3-14","3.287","3.332","3.332","3.283","-0.12%"
"2023-3-13","3.291","3.370","3.370","3.283","-0.06%"
"2023-3-10","3.293","3.362","3.362","3.283","-0.15%"
"2023-3-9","3.298","3.387","3.387","3.290","-0.27%"
"2023-3-8","3.307","3.383","3.383","3.290","0.21%"
"2023-3-7","3.300","3.358","3.358","3.290","-0.45%"
"2023-3-6","3.315","3.348","3.360","3.298","-0.39%"
"2023-3-3","3.328","3.380","3.380","3.318","0.15%"
"2023-3-2","3.323","3.375","3.375","3.313","0.09%"
"2023-3-1","3.320","3.373","3.373","3.310","0.06%"
"2023-2-28","3.318","3.320","3.320","3.310","-0.45%"
"2023-2-27","3.333","3.370","3.370","3.310","0.54%"
"2023-2-24","3.315","3.375","3.375","3.308","-0.09%"
"2023-2-23","3.318","3.373","3.373","3.306","0.09%"
"2023-2-22","3.315","3.330","3.330","3.306","-0.06%"
"2023-2-21","3.317","3.368","3.368","3.309","-0.24%"
"2023-2-20","3.325","3.353","3.353","3.290","0.76%"
"2023-2-17","3.300","3.326","3.326","3.290","0.03%"
"2023-2-16","3.299","3.350","3.350","3.291","-0.48%"
"2023-2-15","3.315","3.350","3.350","3.290","0.00%"
"2023-2-14","3.315","3.353","3.353","3.290","0.00%"
"2023-2-13","3.315","3.355","3.355","3.290","0.00%"
"2023-2-10","3.315","3.348","3.348","3.285","0.21%"
"2023-2-9","3.308","3.350","3.350","3.280","-0.21%"
"2023-2-8","3.315","3.353","3.353","3.289","0.00%"
"2023-2-7","3.315","3.329","3.329","3.294","-0.03%"
"2023-2-6","3.316","3.353","3.353","3.293","-0.12%"
"2023-2-3","3.320","3.330","3.340","3.288","0.21%"
"2023-2-2","3.313","3.340","3.360","3.293","-0.30%"
"2023-2-1","3.323","3.330","3.350","3.290","0.24%"
"2023-1-31","3.315","3.375","3.375","3.286","-0.21%"
"2023-1-30","3.322","3.377","3.377","3.285","0.54%"
"2023-1-29","3.304","3.312","3.335","3.299","-0.09%"
"2023-1-28","3.307","3.286","3.332","3.282","-0.39%"
"2023-1-20","3.320","3.328","3.370","3.320","0.00%"
"2023-1-19","3.320","3.345","3.345","3.278","0.06%"
"2023-1-18","3.318","3.323","3.323","3.250","0.61%"
"2023-1-17","3.298","3.338","3.338","3.263","-0.45%"
"2023-1-16","3.313","3.318","3.318","3.270","0.12%"
"2023-1-13","3.309","3.330","3.330","3.255","0.58%"
"2023-1-12","3.290","3.258","3.290","3.235","1.29%"
"2023-1-11","3.248","3.303","3.303","3.238","-0.92%"
"2023-1-10","3.278","3.285","3.285","3.233","0.15%"
"2023-1-9","3.273","3.280","3.290","3.223","1.17%"
"2023-1-6","3.235","3.225","3.235","3.213","0.68%"
"2023-1-5","3.213","3.222","3.222","3.199","-0.03%"
"2023-1-4","3.214","3.227","3.229","3.203","-0.46%"
"2023-1-3","3.229","3.240","3.270","3.200","-0.43%"
"2022-12-30","3.243","3.231","3.243","3.204","0.78%"
"2022-12-29","3.218","3.253","3.253","3.203","-0.89%"
"2022-12-28","3.247","3.288","3.288","3.218","-0.25%"
"2022-12-27","3.255","3.270","3.270","3.221","-0.31%"
"2022-12-26","3.265","3.285","3.285","3.225","0.59%"
"2022-12-23","3.246","3.258","3.258","3.221","-0.15%"
"2022-12-22","3.251","3.274","3.274","3.233","-1.19%"
"2022-12-21","3.290","3.267","3.290","3.243","0.67%"
"2022-12-20","3.268","3.286","3.286","3.245","-0.31%"
"2022-12-19","3.278","3.340","3.340","3.253","-0.36%"
"2022-12-16","3.290","3.309","3.309","3.274","0.00%"
"2022-12-15","3.290","3.291","3.291","3.269","0.21%"
"2022-12-14","3.283","3.340","3.340","3.269","-1.20%"
"2022-12-13","3.323","3.325","3.325","3.290","0.30%"
"2022-12-12","3.313","3.355","3.355","3.290","0.30%"
"2022-12-9","3.303","3.305","3.306","3.275","0.27%"
"2022-12-8","3.294","3.305","3.328","3.275","-0.93%"
"2022-12-7","3.325","3.311","3.360","3.280","0.67%"
"2022-12-6","3.303","3.286","3.303","3.272","0.67%"
"2022-12-5","3.281","3.310","3.340","3.270","-0.46%"
"2022-12-2","3.296","3.301","3.310","3.266","-0.21%"
"2022-12-1","3.303","3.300","3.325","3.267","-0.36%"
"2022-11-30","3.315","3.304","3.335","3.267","0.36%"
"2022-11-29","3.303","3.254","3.303","3.240","1.47%"
"2022-11-28","3.255","3.288","3.288","3.220","0.77%"
"2022-11-25","3.230","3.200","3.230","3.178","1.16%"
"2022-11-24","3.193","3.200","3.210","3.175","-0.68%"
"2022-11-23","3.215","3.245","3.245","3.196","-0.77%"
"2022-11-22","3.240","3.240","3.240","3.212","0.28%"
"2022-11-21","3.231","3.270","3.300","3.195","-0.12%"
"2022-11-18","3.235","3.246","3.246","3.208","-0.25%"
"2022-11-17","3.243","3.261","3.261","3.213","-0.67%"
"2022-11-16","3.265","3.254","3.265","3.215","0.52%"
"2022-11-15","3.248","3.251","3.251","3.213","0.46%"
"2022-11-14","3.233","3.238","3.260","3.195","2.37%"
"2022-11-11","3.158","3.236","3.236","3.113","0.48%"
"2022-11-10","3.143","3.148","3.148","3.111","0.45%"
"2022-11-9","3.129","3.155","3.155","3.110","0.16%"
"2022-11-8","3.124","3.203","3.203","3.108","-0.19%"
"2022-11-7","3.130","3.203","3.203","3.105","-0.63%"
"2022-11-4","3.150","3.137","3.155","3.123","0.70%"
"2022-11-3","3.128","3.165","3.165","3.121","-0.32%"
"2022-11-2","3.138","3.160","3.160","3.118","0.16%"
"2022-11-1","3.133","3.125","3.133","3.106","0.74%"
"2022-10-31","3.110","3.188","3.188","3.097","-0.58%"
"2022-10-28","3.128","3.154","3.154","3.123","-0.35%"
"2022-10-27","3.139","3.260","3.260","3.128","-0.51%"
"2022-10-26","3.155","3.181","3.181","3.138","0.13%"
"2022-10-25","3.151","3.172","3.172","3.142","-0.03%"
"2022-10-24","3.152","3.210","3.210","3.146","-0.28%"
"2022-10-21","3.161","3.210","3.210","3.149","0.16%"
"2022-10-20","3.156","3.154","3.160","3.134","0.51%"
"2022-10-19","3.140","3.190","3.190","3.129","0.03%"
"2022-10-18","3.139","3.148","3.148","3.125","0.29%"
"2022-10-17","3.130","3.250","3.250","3.125","-0.29%"
"2022-10-14","3.139","3.158","3.180","3.131","-0.76%"
"2022-10-13","3.163","3.179","3.179","3.152","-0.13%"
"2022-10-12","3.167","3.174","3.187","3.158","-0.06%"
"2022-10-11","3.169","3.163","3.169","3.163","0.13%"
"2022-10-10","3.165","3.165","3.170","3.153","-0.52%"
"2022-10-9","3.181","3.187","3.187","3.181","-0.16%"
"2022-10-8","3.187","3.218","3.218","3.187","0.52%"
"2022-10-3","3.170","3.170","3.170","3.170","-0.28%"
"2022-9-30","3.179","3.140","3.159","3.139","1.11%"
"2022-9-29","3.144","3.132","3.144","3.130","0.19%"
"2022-9-28","3.138","3.130","3.138","3.126","0.45%"
"2022-9-27","3.124","3.119","3.128","3.118","0.26%"
"2022-9-26","3.116","3.107","3.118","3.105","0.68%"
"2022-9-23","3.095","3.091","3.095","3.088","0.19%"
"2022-9-22","3.089","3.083","3.095","3.083","0.13%"
"2022-9-21","3.085","3.099","3.100","3.081","-0.42%"
"2022-9-20","3.098","3.108","3.108","3.097","-0.23%"
"2022-9-19","3.105","3.105","3.110","3.105","0.00%"
"2022-9-16","3.105","3.101","3.113","3.101","0.16%"
"2022-9-15","3.100","3.105","3.106","3.099","-0.29%"
"2022-9-14","3.109","3.106","3.109","3.106","0.16%"
"2022-9-13","3.104","3.165","3.165","3.100","-0.10%"
"2022-9-9","3.107","3.093","3.107","3.088","0.52%"
"2022-9-8","3.091","3.111","3.113","3.088","0.00%"
"2022-9-7","3.091","3.111","3.111","3.083","0.06%"
"2022-9-6","3.089","3.114","3.114","3.085","-0.26%"
"2022-9-5","3.097","3.168","3.168","3.088","-0.16%"
"2022-9-2","3.102","3.125","3.125","3.092","-0.13%"
"2022-9-1","3.106","3.135","3.138","3.098","-0.48%"
"2022-8-31","3.121","3.137","3.137","3.114","-0.03%"
"2022-8-30","3.122","3.151","3.151","3.115","-0.54%"
"2022-8-29","3.139","3.213","3.213","3.133","-0.29%"
"2022-8-26","3.148","3.148","3.153","3.133","0.35%"
"2022-8-25","3.137","3.130","3.139","3.120","0.87%"
"2022-8-24","3.110","3.118","3.120","3.105","-0.10%"
"2022-8-23","3.113","3.112","3.116","3.097","0.42%"
"2022-8-22","3.100","3.150","3.150","3.090","-0.67%"
"2022-8-19","3.121","3.167","3.167","3.112","-0.86%"
"2022-8-18","3.148","3.195","3.195","3.139","-0.94%"
"2022-8-17","3.178","3.188","3.192","3.173","0.03%"
"2022-8-16","3.177","3.208","3.208","3.171","-0.69%"
"2022-8-15","3.199","3.300","3.300","3.191","-1.54%"
"2022-8-12","3.249","3.272","3.272","3.238","0.15%"
"2022-8-11","3.244","3.275","3.275","3.239","-0.03%"
"2022-8-10","3.245","3.281","3.281","3.240","-0.31%"
"2022-8-9","3.255","3.262","3.262","3.244","0.25%"
"2022-8-8","3.247","3.298","3.298","3.233","-0.25%"
"2022-8-5","3.255","3.234","3.255","3.218","1.06%"
"2022-8-4","3.221","3.242","3.242","3.213","-0.34%"
"2022-8-3","3.232","3.238","3.242","3.222","0.12%"
"2022-8-2","3.228","3.243","3.243","3.220","0.00%"
"2022-8-1","3.228","3.291","3.291","3.224","-0.74%"
"2022-7-29","3.252","3.286","3.286","3.245","-0.58%"
"2022-7-28","3.271","3.280","3.280","3.262","0.15%"
"2022-7-27","3.266","3.263","3.281","3.254","0.12%"
"2022-7-26","3.262","3.295","3.295","3.258","-0.18%"
"2022-7-25","3.268","3.335","3.335","3.261","-0.06%"
"2022-7-22","3.270","3.289","3.289","3.261","0.06%"
"2022-7-21","3.268","3.292","3.292","3.257","-0.15%"
"2022-7-20","3.273","3.287","3.305","3.270","-0.37%"
"2022-7-19","3.285","3.314","3.314","3.281","-0.18%"
"2022-7-18","3.291","3.355","3.355","3.283","-0.15%"
"2022-7-15","3.296","3.320","3.320","3.287","-0.42%"
"2022-7-14","3.310","3.351","3.351","3.301","-0.42%"
"2022-7-13","3.324","3.334","3.334","3.316","-0.12%"
"2022-7-12","3.328","3.346","3.348","3.323","-0.39%"
"2022-7-11","3.341","3.410","3.410","3.335","-0.24%"
"2022-7-8","3.349","3.353","3.353","3.325","0.33%"
"2022-7-7","3.338","3.342","3.342","3.318","0.27%"
"2022-7-6","3.329","3.379","3.379","3.318","-0.15%"
"2022-7-5","3.334","3.345","3.345","3.324","0.15%"
"2022-7-4","3.329","3.363","3.363","3.303","0.91%"
"2022-7-1","3.299","3.324","3.328","3.289","0.15%"
"2022-6-30","3.294","3.365","3.365","3.288","-0.60%"
"2022-6-29","3.314","3.332","3.332","3.299","0.24%"
"2022-6-28","3.306","3.316","3.316","3.293","-0.09%"
"2022-6-27","3.309","3.370","3.370","3.290","0.70%"
"2022-6-24","3.286","3.290","3.334","3.266","0.37%"
"2022-6-23","3.274","3.290","3.293","3.267","0.00%"
"2022-6-22","3.274","3.320","3.320","3.268","-0.18%"
"2022-6-21","3.280","3.305","3.305","3.273","0.09%"
"2022-6-20","3.277","3.330","3.330","3.273","0.15%"
"2022-6-17","3.272","3.274","3.288","3.258","-0.21%"
"2022-6-16","3.279","3.333","3.333","3.266","0.15%"
"2022-6-15","3.274","3.340","3.340","3.274","-0.64%"
"2022-6-14","3.295","3.319","3.319","3.276","0.15%"
"2022-6-13","3.290","3.370","3.370","3.275","0.27%"
"2022-6-10","3.281","3.282","3.282","3.273","0.09%"
"2022-6-9","3.278","3.320","3.320","3.273","-0.49%"
"2022-6-8","3.294","3.323","3.323","3.275","0.09%"
"2022-6-7","3.291","3.331","3.331","3.276","0.06%"
"2022-6-6","3.289","3.287","3.300","3.262","0.67%"
"2022-6-2","3.267","3.287","3.287","3.262","-0.27%"
"2022-6-1","3.276","3.294","3.294","3.263","0.03%"
"2022-5-31","3.275","3.263","3.276","3.252","0.61%"
"2022-5-30","3.255","3.270","3.270","3.240","0.53%"
"2022-5-27","3.238","3.268","3.268","3.229","-0.09%"
"2022-5-26","3.241","3.272","3.283","3.233","-1.13%"
"2022-5-25","3.278","3.287","3.287","3.265","-0.27%"
"2022-5-24","3.287","3.306","3.306","3.276","-0.24%"
"2022-5-23","3.295","3.400","3.400","3.285","-0.30%"
"2022-5-20","3.305","3.327","3.327","3.290","0.09%"
"2022-5-19","3.302","3.333","3.333","3.291","-0.21%"
"2022-5-18","3.309","3.340","3.348","3.300","-0.81%"
"2022-5-17","3.336","3.350","3.350","3.304","0.48%"
"2022-5-16","3.320","3.350","3.350","3.308","-0.98%"
"2022-5-13","3.353","3.328","3.353","3.302","1.30%"
"2022-5-12","3.310","3.350","3.350","3.302","-0.69%"
"2022-5-11","3.333","3.320","3.333","3.314","0.00%"
"2022-5-10","3.333","3.327","3.333","3.311","0.33%"
"2022-5-9","3.322","3.373","3.373","3.314","-0.42%"
"2022-5-7","3.336","3.348","3.348","3.336","-0.95%"
"2022-5-6","3.368","3.348","3.368","3.323","1.20%"
"2022-5-5","3.328","3.420","3.420","3.322","-0.09%"
"2022-4-29","3.331","3.358","3.358","3.320","-0.15%"
"2022-4-28","3.336","3.327","3.336","3.323","0.12%"
"2022-4-27","3.332","3.315","3.332","3.309","0.45%"
"2022-4-26","3.317","3.350","3.350","3.307","-1.07%"
"2022-4-25","3.353","3.423","3.423","3.328","0.81%"
"2022-4-24","3.326","3.341","3.341","3.299","-0.92%"
"2022-4-22","3.357","3.360","3.360","3.343","0.15%"
"2022-4-21","3.352","3.373","3.373","3.343","-0.45%"
"2022-4-20","3.367","3.388","3.388","3.358","-0.21%"
"2022-4-19","3.374","3.378","3.378","3.363","0.21%"
"2022-4-18","3.367","3.430","3.430","3.359","0.45%"
"2022-4-15","3.352","3.366","3.366","3.339","0.06%"
"2022-4-14","3.350","3.350","3.363","3.337","-0.15%"
"2022-4-13","3.355","3.357","3.357","3.341","0.06%"
"2022-4-12","3.353","3.390","3.390","3.336","0.00%"
"2022-4-11","3.353","3.410","3.410","3.339","-0.34%"
"2022-4-9","3.365","3.365","3.365","3.365","0.37%"
"2022-4-8","3.352","3.368","3.368","3.343","-0.12%"
"2022-4-7","3.356","3.363","3.363","3.341","-0.24%"
"2022-4-6","3.364","3.471","3.471","3.345","-0.22%"
"2022-4-2","3.372","3.380","3.386","3.372","0.00%"
"2022-4-1","3.371","3.399","3.399","3.363","0.03%"
"2022-3-31","3.370","3.389","3.389","3.353","0.39%"
"2022-3-30","3.357","3.398","3.398","3.349","-0.33%"
"2022-3-29","3.368","3.401","3.401","3.361","-0.06%"
"2022-3-28","3.370","3.440","3.440","3.363","-0.18%"
"2022-3-25","3.376","3.398","3.398","3.370","-0.65%"
"2022-3-24","3.398","3.435","3.435","3.379","-0.15%"
"2022-3-23","3.403","3.430","3.430","3.390","-0.06%"
"2022-3-22","3.405","3.408","3.412","3.392","0.21%"
"2022-3-21","3.398","3.498","3.498","3.386","0.38%"
"2022-3-18","3.385","3.412","3.412","3.373","0.06%"
"2022-3-17","3.383","3.424","3.424","3.379","-0.38%"
"2022-3-16","3.396","3.429","3.429","3.379","-0.03%"
"2022-3-15","3.397","3.381","3.397","3.361","0.95%"
"2022-3-14","3.365","3.480","3.480","3.345","-1.35%"
"2022-3-12","3.411","3.411","3.411","3.411","0.53%"
"2022-3-11","3.393","3.443","3.443","3.388","-0.62%"
"2022-3-10","3.414","3.436","3.436","3.397","0.09%"
"2022-3-9","3.411","3.394","3.411","3.389","0.65%"
"2022-3-8","3.389","3.391","3.391","3.378","0.00%"
"2022-3-7","3.389","3.500","3.500","3.378","0.03%"
"2022-3-4","3.388","3.398","3.398","3.381","-0.12%"
"2022-3-3","3.392","3.411","3.411","3.378","0.33%"
"2022-3-2","3.381","3.407","3.407","3.371","0.12%"
"2022-3-1","3.377","3.414","3.414","3.351","0.51%"
"2022-2-28","3.360","3.455","3.455","3.350","-0.62%"
"2022-2-26","3.381","3.381","3.381","3.381","0.36%"
"2022-2-25","3.369","3.376","3.378","3.359","-0.27%"
"2022-2-24","3.378","3.410","3.410","3.354","-0.06%"
"2022-2-23","3.380","3.416","3.416","3.375","-0.27%"
"2022-2-22","3.389","3.398","3.398","3.371","0.33%"
"2022-2-21","3.378","3.418","3.418","3.351","-0.18%"
"2022-2-18","3.384","3.361","3.384","3.339","1.29%"
"2022-2-17","3.341","3.387","3.387","3.338","-0.33%"
"2022-2-16","3.352","3.385","3.385","3.345","-0.12%"
"2022-2-15","3.356","3.393","3.393","3.344","-0.03%"
"2022-2-14","3.357","3.430","3.430","3.331","0.27%"
"2022-2-11","3.348","3.366","3.366","3.329","1.33%"
"2022-2-10","3.304","3.313","3.313","3.290","0.03%"
"2022-2-9","3.303","3.313","3.313","3.292","0.27%"
"2022-2-8","3.294","3.309","3.309","3.283","-0.03%"
"2022-2-7","3.295","3.370","3.370","3.290","0.26%"
"2022-1-30","3.286","3.296","3.297","3.286","0.00%"
"2022-1-29","3.286","3.273","3.297","3.273","0.00%"
"2022-1-28","3.287","3.339","3.339","3.286","-0.57%"
"2022-1-27","3.306","3.318","3.318","3.290","0.39%"
"2022-1-26","3.293","3.305","3.305","3.272","0.64%"
"2022-1-25","3.272","3.306","3.306","3.260","0.03%"
"2022-1-24","3.271","3.348","3.348","3.265","-0.73%"
"2022-1-21","3.295","3.327","3.327","3.283","-0.03%"
"2022-1-20","3.296","3.315","3.315","3.289","-0.03%"
"2022-1-19","3.297","3.329","3.329","3.278","-0.63%"
"2022-1-18","3.318","3.353","3.353","3.307","-0.45%"
"2022-1-17","3.333","3.350","3.365","3.313","0.00%"
"2022-1-14","3.333","3.347","3.347","3.323","0.09%"
"2022-1-13","3.330","3.352","3.352","3.323","-0.24%"
"2022-1-12","3.338","3.366","3.366","3.330","-0.33%"
"2022-1-11","3.349","3.388","3.388","3.342","-0.42%"
"2022-1-10","3.363","3.430","3.430","3.353","-0.18%"
"2022-1-7","3.369","3.383","3.383","3.358","0.18%"
"2022-1-6","3.363","3.380","3.380","3.356","0.30%"
"2022-1-5","3.353","3.370","3.370","3.341","0.30%"
"2022-1-4","3.343","3.400","3.400","3.335","0.21%"
"2021-12-31","3.336","3.340","3.340","3.320","0.39%"
"2021-12-30","3.323","3.338","3.338","3.308","-0.03%"
"2021-12-29","3.324","3.360","3.360","3.317","-0.57%"
"2021-12-28","3.343","3.372","3.372","3.333","-0.24%"
"2021-12-27","3.351","3.365","3.423","3.344","-0.50%"
"2021-12-24","3.368","3.425","3.425","3.366","-0.21%"
"2021-12-23","3.375","3.430","3.430","3.365","-0.18%"
"2021-12-22","3.381","3.420","3.420","3.375","-0.35%"
"2021-12-21","3.393","3.409","3.409","3.386","0.06%"
"2021-12-20","3.391","3.428","3.428","3.381","0.06%"
"2021-12-17","3.389","3.424","3.424","3.383","-0.12%"
"2021-12-16","3.393","3.405","3.405","3.384","0.27%"
"2021-12-15","3.384","3.415","3.415","3.381","0.12%"
"2021-12-14","3.380","3.420","3.420","3.379","-0.18%"
"2021-12-13","3.386","3.440","3.440","3.380","-0.44%"
"2021-12-11","3.401","3.401","3.401","3.401","0.68%"
"2021-12-10","3.378","3.404","3.404","3.376","-0.09%"
"2021-12-9","3.381","3.450","3.450","3.376","-0.18%"
"2021-12-8","3.387","3.398","3.398","3.376","0.27%"
"2021-12-7","3.378","3.395","3.395","3.361","0.39%"
"2021-12-6","3.365","3.395","3.420","3.358","-3.00%"
"2021-12-3","3.469","3.485","3.485","3.458","0.32%"
"2021-12-2","3.458","3.484","3.484","3.439","0.58%"
"2021-12-1","3.438","3.460","3.460","3.434","0.20%"
"2021-11-30","3.431","3.460","3.460","3.429","0.06%"
"2021-11-29","3.429","3.470","3.470","3.427","0.12%"
"2021-11-26","3.425","3.473","3.473","3.419","-0.46%"
"2021-11-25","3.441","3.475","3.475","3.436","-0.06%"
"2021-11-24","3.443","3.499","3.499","3.437","-0.35%"
"2021-11-23","3.455","3.550","3.550","3.450","-0.09%"
"2021-11-22","3.458","3.580","3.580","3.447","-0.20%"
"2021-11-19","3.465","3.485","3.485","3.449","0.17%"
"2021-11-18","3.459","3.484","3.484","3.453","0.09%"
"2021-11-17","3.456","3.483","3.483","3.454","0.00%"
"2021-11-16","3.456","3.480","3.480","3.450","0.06%"
"2021-11-15","3.454","3.528","3.528","3.451","-0.32%"
"2021-11-12","3.465","3.505","3.505","3.463","-0.23%"
"2021-11-11","3.473","3.460","3.473","3.451","0.70%"
"2021-11-10","3.449","3.510","3.510","3.433","0.12%"
"2021-11-9","3.445","3.460","3.460","3.439","0.15%"
"2021-11-8","3.440","3.470","3.470","3.430","0.20%"
"2021-11-5","3.433","3.491","3.491","3.427","-0.81%"
"2021-11-4","3.461","3.479","3.496","3.457","-0.40%"
"2021-11-3","3.475","3.505","3.505","3.461","0.12%"
"2021-11-2","3.471","3.600","3.600","3.462","-0.77%"
"2021-11-1","3.498","3.580","3.580","3.481","-0.48%"
"2021-10-29","3.515","3.545","3.545","3.512","-0.31%"
"2021-10-28","3.526","3.565","3.565","3.522","-0.45%"
"2021-10-27","3.542","3.568","3.568","3.534","-0.14%"
"2021-10-26","3.547","3.566","3.566","3.538","-0.25%"
"2021-10-25","3.556","3.595","3.595","3.553","0.08%"
"2021-10-22","3.553","3.650","3.650","3.533","0.45%"
"2021-10-21","3.537","3.573","3.573","3.530","-0.34%"
"2021-10-20","3.549","3.555","3.585","3.546","-0.45%"
"2021-10-19","3.565","3.660","3.660","3.544","-0.81%"
"2021-10-18","3.594","3.650","3.650","3.561","1.04%"
"2021-10-15","3.557","3.539","3.557","3.508","1.28%"
"2021-10-14","3.512","3.526","3.526","3.500","0.17%"
"2021-10-13","3.506","3.525","3.525","3.487","0.17%"
"2021-10-12","3.500","3.545","3.545","3.479","0.34%"
"2021-10-11","3.488","3.510","3.510","3.468","0.78%"
"2021-10-9","3.461","3.464","3.476","3.457","0.23%"
"2021-10-8","3.453","3.498","3.498","3.435","0.85%"
"2021-9-30","3.424","3.426","3.446","3.416","0.03%"
"2021-9-29","3.423","3.454","3.454","3.418","-0.12%"
"2021-9-28","3.427","3.453","3.453","3.420","0.00%"
"2021-9-27","3.427","3.540","3.540","3.416","-0.65%"
"2021-9-26","3.450","3.442","3.458","3.434","0.60%"
"2021-9-24","3.429","3.450","3.450","3.421","0.23%"
"2021-9-23","3.421","3.450","3.450","3.411","0.00%"
"2021-9-22","3.421","3.478","3.478","3.413","-0.85%"
"2021-9-18","3.451","3.457","3.460","3.451","0.28%"
"2021-9-17","3.441","3.461","3.461","3.430","0.03%"
"2021-9-16","3.440","3.474","3.474","3.434","-0.32%"
"2021-9-15","3.451","3.463","3.463","3.428","0.32%"
"2021-9-14","3.440","3.467","3.467","3.432","0.12%"
"2021-9-13","3.436","3.460","3.460","3.415","-0.23%"
"2021-9-10","3.444","3.455","3.455","3.424","0.41%"
"2021-9-9","3.430","3.445","3.445","3.423","0.15%"
"2021-9-8","3.425","3.420","3.437","3.408","0.26%"
"2021-9-7","3.416","3.431","3.431","3.398","0.53%"
"2021-9-6","3.398","3.520","3.520","3.389","-0.63%"
"2021-9-4","3.420","3.420","3.420","3.420","0.37%"
"2021-9-3","3.407","3.417","3.417","3.395","0.12%"
"2021-9-2","3.403","3.445","3.445","3.394","0.29%"
"2021-9-1","3.393","3.473","3.473","3.390","-0.76%"
"2021-8-31","3.419","3.444","3.444","3.405","0.03%"
"2021-8-30","3.418","3.540","3.540","3.407","-0.03%"
"2021-8-27","3.419","3.424","3.451","3.412","-0.35%"
"2021-8-26","3.431","3.430","3.431","3.410","0.65%"
"2021-8-25","3.409","3.473","3.473","3.394","-0.15%"
"2021-8-24","3.414","3.421","3.431","3.403","-0.18%"
"2021-8-23","3.420","3.475","3.475","3.408","0.32%"
"2021-8-20","3.409","3.430","3.430","3.405","0.03%"
"2021-8-19","3.408","3.435","3.435","3.394","0.06%"
"2021-8-18","3.406","3.477","3.477","3.403","-1.13%"
"2021-8-17","3.445","3.447","3.483","3.434","-0.06%"
"2021-8-16","3.447","3.560","3.560","3.439","0.23%"
"2021-8-13","3.439","3.538","3.538","3.424","0.20%"
"2021-8-12","3.432","3.465","3.465","3.418","-0.44%"
"2021-8-11","3.447","3.467","3.467","3.428","0.47%"
"2021-8-10","3.431","3.488","3.488","3.424","-0.26%"
"2021-8-9","3.440","3.440","3.440","3.386","1.16%"
"2021-8-7","3.401","3.401","3.401","3.401","0.07%"
"2021-8-6","3.398","3.440","3.440","3.386","-0.26%"
"2021-8-5","3.407","3.440","3.440","3.384","-0.67%"
"2021-8-4","3.430","3.477","3.477","3.429","-0.20%"
"2021-8-3","3.437","3.454","3.454","3.413","0.53%"
"2021-8-2","3.419","3.548","3.548","3.403","-0.90%"
"2021-7-30","3.450","3.548","3.548","3.438","-1.85%"
"2021-7-29","3.515","3.545","3.545","3.490","0.14%"
"2021-7-28","3.510","3.506","3.513","3.474","0.34%"
"2021-7-27","3.498","3.520","3.520","3.459","0.58%"
"2021-7-26","3.478","3.585","3.585","3.466","-1.02%"
"2021-7-23","3.514","3.580","3.580","3.501","-0.73%"
"2021-7-22","3.540","3.545","3.545","3.511","0.43%"
"2021-7-21","3.525","3.569","3.569","3.516","-0.40%"
"2021-7-20","3.539","3.559","3.561","3.539","-0.39%"
"2021-7-19","3.553","3.623","3.623","3.535","0.25%"
"2021-7-16","3.544","3.578","3.578","3.533","-0.03%"
"2021-7-15","3.545","3.553","3.553","3.519","0.28%"
"2021-7-14","3.535","3.556","3.556","3.525","-0.08%"
"2021-7-13","3.538","3.577","3.577","3.530","-0.51%"
"2021-7-12","3.556","3.675","3.675","3.551","-1.30%"
"2021-7-9","3.603","3.611","3.611","3.592","0.70%"
"2021-7-8","3.578","3.630","3.646","3.568","-1.70%"
"2021-7-7","3.640","3.693","3.693","3.637","-0.46%"
"2021-7-6","3.657","3.665","3.665","3.653","0.05%"
"2021-7-5","3.655","3.790","3.790","3.650","-0.49%"
"2021-7-2","3.673","3.697","3.697","3.671","-0.11%"
"2021-7-1","3.677","3.689","3.689","3.658","0.11%"
"2021-6-30","3.673","3.680","3.690","3.662","0.05%"
"2021-6-29","3.671","3.689","3.689","3.666","-0.08%"
"2021-6-28","3.674","3.720","3.720","3.656","0.14%"
"2021-6-25","3.669","3.698","3.698","3.658","0.03%"
"2021-6-24","3.668","3.720","3.720","3.660","-0.33%"
"2021-6-23","3.680","3.730","3.730","3.663","-0.08%"
"2021-6-22","3.683","3.708","3.708","3.668","-0.32%"
"2021-6-21","3.695","3.795","3.795","3.675","-0.51%"
"2021-6-18","3.714","3.733","3.733","3.697","-0.03%"
"2021-6-17","3.715","3.713","3.740","3.683","0.81%"
"2021-6-16","3.685","3.730","3.730","3.667","0.00%"
"2021-6-15","3.685","3.735","3.735","3.600","0.57%"
"2021-6-12","3.664","3.664","3.664","3.664","-0.46%"
"2021-6-11","3.681","3.640","3.681","3.636","1.13%"
"2021-6-10","3.640","3.678","3.678","3.631","-0.25%"
"2021-6-9","3.649","3.670","3.670","3.642","0.05%"
"2021-6-8","3.647","3.659","3.659","3.629","0.25%"
"2021-6-7","3.638","3.670","3.670","3.628","0.36%"
"2021-6-4","3.625","3.621","3.625","3.611","0.30%"
"2021-6-3","3.614","3.619","3.619","3.603","0.11%"
"2021-6-2","3.610","3.625","3.625","3.598","0.33%"
"2021-6-1","3.598","3.644","3.644","3.592","-0.30%"
"2021-5-31","3.609","3.724","3.724","3.598","-0.08%"
"2021-5-28","3.612","3.638","3.638","3.605","0.22%"
"2021-5-27","3.604","3.627","3.627","3.599","0.11%"
"2021-5-26","3.600","3.620","3.620","3.596","-0.36%"
"2021-5-25","3.613","3.641","3.641","3.604","0.03%"
"2021-5-24","3.612","3.653","3.653","3.602","-0.66%"
"2021-5-22","3.636","3.636","3.636","3.636","0.53%"
"2021-5-21","3.617","3.651","3.651","3.601","-0.50%"
"2021-5-20","3.635","3.683","3.683","3.635","-0.63%"
"2021-5-19","3.658","3.683","3.683","3.650","-0.35%"
"2021-5-18","3.671","3.696","3.696","3.660","0.16%"
"2021-5-17","3.665","3.780","3.780","3.663","0.19%"
"2021-5-14","3.658","3.667","3.667","3.651","-0.22%"
"2021-5-13","3.666","3.667","3.667","3.653","0.22%"
"2021-5-12","3.658","3.678","3.678","3.650","-0.22%"
"2021-5-11","3.666","3.679","3.680","3.663","-0.24%"
"2021-5-10","3.675","3.703","3.760","3.669","-0.50%"
"2021-5-8","3.694","3.704","3.737","3.691","0.18%"
"2021-5-7","3.687","3.703","3.703","3.674","0.19%"
"2021-5-6","3.680","3.725","3.725","3.673","-0.54%"
"2021-4-30","3.700","3.735","3.735","3.691","-0.13%"
"2021-4-29","3.705","3.750","3.750","3.700","-0.24%"
"2021-4-28","3.714","3.725","3.752","3.708","0.11%"
"2021-4-27","3.710","3.730","3.730","3.700","0.22%"
"2021-4-26","3.702","3.740","3.740","3.700","-0.34%"
"2021-4-25","3.714","3.714","3.721","3.702","0.96%"
"2021-4-23","3.679","3.679","3.690","3.672","0.44%"
"2021-4-22","3.663","3.679","3.679","3.662","-0.08%"
"2021-4-21","3.666","3.696","3.696","3.660","-0.03%"
"2021-4-20","3.667","3.729","3.729","3.657","-0.08%"
"2021-4-19","3.670","3.800","3.800","3.663","-0.30%"
"2021-4-16","3.681","3.733","3.733","3.680","-0.43%"
"2021-4-15","3.697","3.723","3.723","3.695","0.11%"
"2021-4-14","3.693","3.722","3.722","3.692","-0.30%"
"2021-4-13","3.704","3.761","3.761","3.699","-0.38%"
"2021-4-12","3.718","3.800","3.800","3.714","-0.67%"
"2021-4-9","3.743","3.760","3.760","3.736","0.19%"
"2021-4-8","3.736","3.757","3.757","3.733","-0.05%"
"2021-4-7","3.738","3.760","3.760","3.727","0.05%"
"2021-4-6","3.736","3.790","3.790","3.725","0.08%"
"2021-4-2","3.733","3.740","3.770","3.718","0.08%"
"2021-4-1","3.730","3.747","3.747","3.721","-0.13%"
"2021-3-31","3.735","3.747","3.747","3.727","-0.05%"
"2021-3-30","3.737","3.750","3.750","3.726","-0.21%"
"2021-3-29","3.745","3.780","3.780","3.735","0.29%"
"2021-3-26","3.734","3.740","3.740","3.721","0.21%"
"2021-3-25","3.726","3.750","3.750","3.718","-0.45%"
"2021-3-24","3.743","3.747","3.747","3.725","-0.03%"
"2021-3-23","3.744","3.757","3.757","3.731","-0.03%"
"2021-3-22","3.745","3.860","3.860","3.735","-0.29%"
"2021-3-19","3.756","3.777","3.777","3.738","-0.45%"
"2021-3-18","3.773","3.780","3.780","3.772","-0.16%"
"2021-3-17","3.779","3.803","3.803","3.769","-0.32%"
"2021-3-16","3.791","3.810","3.810","3.779","0.13%"
"2021-3-15","3.786","3.840","3.840","3.783","0.03%"
"2021-3-12","3.785","3.793","3.793","3.773","0.08%"
"2021-3-11","3.782","3.793","3.794","3.769","0.00%"
"2021-3-10","3.782","3.792","3.792","3.774","0.05%"
"2021-3-9","3.780","3.815","3.815","3.776","-0.68%"
"2021-3-8","3.806","3.890","3.890","3.779","-1.88%"
"2021-3-5","3.879","3.900","3.900","3.810","1.94%"
"2021-3-4","3.805","3.850","3.850","3.800","0.13%"
"2021-3-3","3.800","3.827","3.827","3.793","0.11%"
"2021-3-2","3.796","3.845","3.845","3.789","-0.78%"
"2021-3-1","3.826","3.920","3.920","3.808","0.00%"
"2021-2-26","3.826","3.870","3.870","3.824","-0.42%"
"2021-2-25","3.842","3.830","3.842","3.827","0.50%"
"2021-2-24","3.823","3.840","3.840","3.811","0.21%"
"2021-2-23","3.815","3.850","3.850","3.813","-0.05%"
"2021-2-22","3.817","3.850","3.850","3.813","0.10%"
"2021-2-19","3.813","3.826","3.826","3.810","-0.86%"
"2021-2-18","3.846","3.893","3.893","3.825","1.48%"
"2021-2-10","3.790","3.800","3.800","3.790","-1.04%"
"2021-2-9","3.830","3.805","3.830","3.794","0.87%"
"2021-2-8","3.797","3.826","3.826","3.797","-0.29%"
"2021-2-7","3.808","3.810","3.810","3.808","0.45%"
"2021-2-5","3.791","3.838","3.858","3.782","0.13%"
"2021-2-4","3.786","3.768","3.804","3.757","0.21%"
"2021-2-3","3.778","3.768","3.778","3.757","0.43%"
"2021-2-2","3.762","3.774","3.776","3.758","0.03%"
"2021-2-1","3.761","3.808","3.808","3.761","-0.97%"
"2021-1-29","3.798","3.771","3.798","3.762","0.18%"
"2021-1-28","3.791","3.774","3.791","3.767","0.77%"
"2021-1-27","3.762","3.763","3.763","3.751","0.03%"
"2021-1-26","3.761","3.761","3.765","3.742","0.19%"
"2021-1-25","3.754","3.783","3.783","3.715","0.11%"
"2021-1-22","3.750","3.760","3.765","3.740","-0.37%"
"2021-1-21","3.764","3.780","3.780","3.738","-0.29%"
"2021-1-20","3.775","3.781","3.781","3.764","0.21%"
"2021-1-19","3.767","3.788","3.788","3.765","-0.26%"
"2021-1-18","3.777","3.808","3.808","3.771","0.43%"
"2021-1-15","3.761","3.764","3.764","3.750","0.11%"
"2021-1-14","3.757","3.774","3.774","3.757","-0.19%"
"2021-1-13","3.764","3.786","3.786","3.755","-0.16%"
"2021-1-12","3.770","3.778","3.778","3.761","-0.05%"
"2021-1-11","3.772","3.835","3.835","3.763","0.48%"
"2021-1-8","3.754","3.754","3.756","3.742","0.19%"
"2021-1-7","3.747","3.771","3.771","3.740","-0.45%"
"2021-1-6","3.764","3.772","3.772","3.751","-0.53%"
"2021-1-5","3.784","3.793","3.793","3.771","-0.29%"
"2021-1-4","3.795","3.825","3.825","3.770","0.58%"
"2020-12-31","3.773","3.764","3.773","3.747","-0.40%"
"2020-12-30","3.788","3.785","3.788","3.762","-0.34%"
"2020-12-29","3.801","3.785","3.801","3.776","-0.08%"
"2020-12-28","3.804","3.823","3.823","3.789","-0.83%"
"2020-12-25","3.836","3.838","3.838","3.811","0.45%"
"2020-12-24","3.819","3.821","3.821","3.805","0.24%"
"2020-12-23","3.810","3.821","3.823","3.810","-0.73%"
"2020-12-22","3.838","3.850","3.850","3.809","-0.36%"
"2020-12-21","3.852","3.928","3.928","3.844","-0.03%"
"2020-12-18","3.853","3.867","3.867","3.853","-0.03%"
"2020-12-17","3.854","3.869","3.869","3.854","-0.39%"
"2020-12-16","3.869","3.867","3.935","3.851","0.05%"
"2020-12-15","3.867","3.872","3.889","3.867","0.05%"
"2020-12-14","3.865","3.943","3.943","3.864","0.23%"
"2020-12-11","3.856","3.925","3.925","3.848","0.21%"
"2020-12-10","3.848","3.923","3.923","3.845","-0.39%"
"2020-12-9","3.863","3.900","3.900","3.857","0.08%"
"2020-12-8","3.860","3.917","3.917","3.856","-0.87%"
"2020-12-7","3.894","3.955","3.955","3.883","-0.61%"
"2020-12-4","3.918","3.945","3.945","3.894","0.00%"
"2020-12-3","3.918","3.946","3.946","3.909","-0.18%"
"2020-12-2","3.925","3.955","3.955","3.917","0.05%"
"2020-12-1","3.923","3.965","3.965","3.898","0.26%"
"2020-11-30","3.913","3.960","3.960","3.889","-0.25%"
"2020-11-27","3.923","3.973","3.973","3.921","0.20%"
"2020-11-26","3.915","3.953","3.953","3.914","-0.08%"
"2020-11-25","3.918","4.003","4.003","3.917","-0.18%"
"2020-11-24","3.925","3.970","3.970","3.925","-0.13%"
"2020-11-23","3.930","3.980","3.980","3.929","-0.51%"
"2020-11-20","3.950","3.965","3.965","3.949","-0.10%"
"2020-11-19","3.954","4.028","4.028","3.936","0.25%"
"2020-11-18","3.944","3.965","3.965","3.938","0.54%"
"2020-11-17","3.923","3.966","3.966","3.922","-0.43%"
"2020-11-16","3.940","4.005","4.005","3.940","0.25%"
"2020-11-13","3.930","3.955","3.955","3.917","0.36%"
"2020-11-12","3.916","3.993","3.993","3.912","0.23%"
"2020-11-11","3.907","3.955","3.955","3.898","0.05%"
"2020-11-10","3.905","3.990","3.990","3.904","-0.05%"
"2020-11-9","3.907","3.970","3.970","3.900","0.62%"
"2020-11-6","3.883","3.911","3.911","3.871","0.39%"
"2020-11-5","3.868","3.933","3.933","3.852","0.39%"
"2020-11-4","3.853","3.908","3.908","3.850","-0.36%"
"2020-11-3","3.867","3.913","3.913","3.861","-0.26%"
"2020-11-2","3.877","3.900","3.900","3.865","-0.33%"
"2020-10-30","3.890","3.931","3.931","3.877","0.31%"
"2020-10-29","3.878","3.970","3.970","3.865","0.00%"
"2020-10-28","3.878","3.905","3.905","3.878","-0.44%"
"2020-10-27","3.895","3.948","3.948","3.887","-0.08%"
"2020-10-26","3.898","3.988","3.988","3.893","-0.18%"
"2020-10-23","3.905","3.955","3.955","3.902","0.57%"
"2020-10-22","3.883","3.954","3.954","3.877","-0.67%"
"2020-10-21","3.909","3.958","3.958","3.908","-0.69%"
"2020-10-20","3.936","3.926","3.965","3.904","0.49%"
"2020-10-19","3.917","4.008","4.008","3.914","-0.15%"
"2020-10-16","3.923","3.925","3.925","3.917","0.15%"
"2020-10-15","3.917","3.964","3.964","3.916","-0.03%"
"2020-10-14","3.918","3.936","3.936","3.892","0.64%"
"2020-10-13","3.893","3.948","3.948","3.893","-0.69%"
"2020-10-12","3.920","3.946","3.946","3.903","0.05%"
"2020-10-11","3.918","3.918","3.918","3.918","0.06%"
"2020-10-10","3.915","3.915","3.915","3.915","0.45%"
"2020-10-9","3.898","3.995","3.995","3.881","1.06%"
"2020-9-30","3.857","3.882","3.882","3.852","0.18%"
"2020-9-29","3.850","3.878","3.878","3.850","-0.05%"
"2020-9-28","3.852","3.880","3.880","3.852","-0.26%"
"2020-9-27","3.862","3.862","3.862","3.862","0.47%"
"2020-9-25","3.844","3.855","3.855","3.839","0.34%"
"2020-9-24","3.831","3.855","3.855","3.830","-0.34%"
"2020-9-23","3.844","3.842","3.844","3.838","0.05%"
"2020-9-22","3.842","3.852","3.852","3.842","-0.88%"
"2020-9-21","3.876","3.840","3.888","3.840","0.08%"
"2020-9-18","3.873","3.863","3.875","3.850","0.78%"
"2020-9-17","3.843","3.950","3.950","3.829","0.26%"
"2020-9-16","3.833","3.825","3.835","3.805","0.18%"
"2020-9-15","3.826","3.876","3.879","3.813","-0.73%"
"2020-9-14","3.854","3.900","3.900","3.853","0.55%"
"2020-9-11","3.833","3.843","3.845","3.810","0.66%"
"2020-9-10","3.808","3.900","3.900","3.795","0.11%"
"2020-9-9","3.804","3.840","3.883","3.795","-1.01%"
"2020-9-8","3.843","3.900","3.900","3.835","-0.44%"
"2020-9-7","3.860","3.815","3.875","3.815","0.40%"
"2020-9-5","3.845","3.845","3.845","3.845","0.46%"
"2020-9-4","3.827","3.865","3.865","3.811","0.34%"
"2020-9-3","3.814","3.900","3.900","3.806","0.85%"
"2020-9-2","3.782","3.790","3.800","3.780","0.37%"
"2020-9-1","3.768","3.793","3.798","3.759","0.00%"
"2020-8-31","3.768","3.810","3.810","3.748","-0.74%"
"2020-8-28","3.796","3.825","3.825","3.790","0.40%"
"2020-8-27","3.781","3.802","3.803","3.781","0.13%"
"2020-8-26","3.776","3.804","3.805","3.753","0.43%"
"2020-8-25","3.760","3.780","3.780","3.751","0.45%"
"2020-8-24","3.743","3.795","3.795","3.730","0.00%"
"2020-8-21","3.743","3.825","3.825","3.743","-0.56%"
"2020-8-20","3.764","3.798","3.800","3.764","0.29%"
"2020-8-19","3.753","3.755","3.768","3.753","0.67%"
"2020-8-18","3.728","3.760","3.775","3.728","0.38%"
"2020-8-17","3.714","3.745","3.745","3.714","-0.70%"
"2020-8-14","3.740","3.768","3.768","3.734","-0.16%"
"2020-8-13","3.746","3.850","3.850","3.737","-0.24%"
"2020-8-12","3.755","3.765","3.790","3.748","-0.21%"
"2020-8-11","3.763","3.830","3.830","3.762","-0.03%"
"2020-8-10","3.764","3.793","3.795","3.755","-0.53%"
"2020-8-7","3.784","3.850","3.850","3.784","1.18%"
"2020-8-6","3.740","3.770","3.770","3.740","0.27%"
"2020-8-5","3.730","3.735","3.770","3.713","0.38%"
"2020-8-4","3.716","3.750","3.760","3.716","-0.51%"
"2020-8-3","3.735","3.770","3.770","3.735","0.86%"
"2020-7-31","3.703","3.730","3.730","3.698","0.76%"
"2020-7-30","3.675","3.740","3.750","3.675","0.05%"
"2020-7-29","3.673","3.700","3.700","3.641","0.44%"
"2020-7-28","3.657","3.683","3.683","3.640","0.44%"
"2020-7-27","3.641","3.610","3.685","3.600","-0.33%"
"2020-7-24","3.653","3.683","3.700","3.640","-0.52%"
"2020-7-23","3.672","3.715","3.750","3.664","-0.49%"
"2020-7-22","3.690","3.750","3.770","3.660","-0.11%"
"2020-7-21","3.694","3.762","3.762","3.686","-0.86%"
"2020-7-20","3.726","3.725","3.800","3.725","0.11%"
"2020-7-17","3.722","3.733","3.740","3.708","-0.05%"
"2020-7-16","3.724","3.760","3.765","3.724","-0.37%"
"2020-7-15","3.738","3.770","3.780","3.713","-0.74%"
"2020-7-14","3.766","3.790","3.818","3.749","-0.19%"
"2020-7-13","3.773","3.790","3.790","3.765","-0.05%"
"2020-7-11","3.775","3.775","3.775","3.775","0.59%"
"2020-7-10","3.753","3.800","3.800","3.753","-0.82%"
"2020-7-9","3.784","3.763","3.813","3.755","1.04%"
"2020-7-8","3.745","3.725","3.765","3.718","0.67%"
"2020-7-7","3.720","3.725","3.755","3.710","0.40%"
"2020-7-6","3.705","3.645","3.705","3.645","2.49%"
"2020-7-3","3.615","3.600","3.620","3.600","0.64%"
"2020-7-2","3.592","3.653","3.653","3.585","-0.11%"
"2020-7-1","3.596","3.620","3.620","3.575","-0.28%"
"2020-6-30","3.606","3.620","3.630","3.595","0.22%"
"2020-6-29","3.598","3.650","3.650","3.598","-0.18%"
"2020-6-28","3.605","3.605","3.605","3.605","0.46%"
"2020-6-24","3.588","3.683","3.688","3.588","-2.05%"
"2020-6-23","3.663","3.665","3.695","3.651","0.52%"
"2020-6-22","3.644","3.610","3.658","3.610","0.22%"
"2020-6-19","3.636","3.625","3.647","3.625","0.64%"
"2020-6-18","3.613","3.615","3.630","3.580","0.56%"
"2020-6-17","3.593","3.600","3.613","3.590","-0.11%"
"2020-6-16","3.597","3.560","3.640","3.550","1.90%"
"2020-6-15","3.530","3.480","3.540","3.475","0.00%"
"2020-6-12","3.530","3.520","3.537","3.510","-0.37%"
"2020-6-11","3.543","3.612","3.618","3.543","-1.99%"
"2020-6-10","3.615","3.630","3.630","3.613","0.19%"
"2020-6-9","3.608","3.600","3.613","3.598","0.17%"
"2020-6-8","3.602","3.615","3.630","3.580","-0.03%"
"2020-6-5","3.603","3.600","3.605","3.598","0.14%"
"2020-6-4","3.598","3.580","3.598","3.575","0.64%"
"2020-6-3","3.575","3.562","3.578","3.545","0.48%"
"2020-6-2","3.558","3.550","3.585","3.550","1.02%"
"2020-6-1","3.522","3.550","3.550","3.520","0.14%"
"2020-5-29","3.517","3.530","3.530","3.507","0.14%"
"2020-5-28","3.512","3.536","3.536","3.512","-0.71%"
"2020-5-27","3.537","3.542","3.544","3.525","-0.20%"
"2020-5-26","3.544","3.530","3.544","3.510","0.88%"
"2020-5-25","3.513","3.470","3.525","3.463","0.86%"
"2020-5-22","3.483","3.503","3.507","3.483","-0.85%"
"2020-5-21","3.513","3.527","3.530","3.505","-0.43%"
"2020-5-20","3.528","3.547","3.547","3.510","-0.54%"
"2020-5-19","3.547","3.540","3.550","3.540","0.23%"
"2020-5-18","3.539","3.550","3.550","3.535","0.74%"
"2020-5-15","3.513","3.527","3.527","3.513","-0.20%"
"2020-5-14","3.520","3.490","3.528","3.490","0.86%"
"2020-5-13","3.490","3.475","3.490","3.468","0.35%"
"2020-5-12","3.478","3.467","3.478","3.458","0.38%"
"2020-5-11","3.465","3.430","3.500","3.430","0.70%"
"2020-5-9","3.441","3.443","3.445","3.440","0.53%"
"2020-5-8","3.423","3.405","3.427","3.403","1.03%"
"2020-5-7","3.388","3.365","3.410","3.360","0.74%"
"2020-5-6","3.363","3.350","3.380","3.350","0.46%"
"2020-5-4","3.348","3.348","3.348","3.348","0.44%"
"2020-4-30","3.333","3.300","3.353","3.300","1.00%"
"2020-4-29","3.300","3.321","3.321","3.297","-0.63%"
"2020-4-28","3.321","3.318","3.323","3.315","0.15%"
"2020-4-27","3.316","3.345","3.350","3.316","0.00%"
"2020-4-26","3.316","3.313","3.316","3.311","-0.06%"
"2020-4-24","3.318","3.333","3.337","3.318","-0.21%"
"2020-4-23","3.325","3.367","3.370","3.324","-1.54%"
"2020-4-22","3.377","3.398","3.398","3.377","-0.32%"
"2020-4-21","3.388","3.371","3.388","3.367","0.50%"
"2020-4-20","3.371","3.325","3.393","3.315","1.05%"
"2020-4-18","3.336","3.336","3.336","3.336","0.18%"
"2020-4-17","3.330","3.310","3.345","3.310","0.60%"
"2020-4-16","3.310","3.307","3.313","3.298","0.00%"
"2020-4-15","3.310","3.310","3.335","3.296","0.21%"
"2020-4-14","3.303","3.292","3.310","3.275","0.40%"
"2020-4-13","3.290","3.270","3.298","3.270","0.80%"
"2020-4-10","3.264","3.227","3.266","3.219","1.33%"
"2020-4-9","3.221","3.203","3.237","3.203","0.75%"
"2020-4-8","3.197","3.220","3.225","3.197","-0.50%"
"2020-4-7","3.213","3.210","3.240","3.195","-2.28%"
"2020-4-3","3.288","3.250","3.300","3.250","-0.15%"
"2020-4-2","3.293","3.280","3.293","3.273","0.70%"
"2020-4-1","3.270","3.285","3.285","3.253","-0.49%"
"2020-3-31","3.286","3.318","3.320","3.285","-0.81%"
"2020-3-30","3.313","3.300","3.322","3.300","0.76%"
"2020-3-27","3.288","3.309","3.323","3.288","-0.48%"
"2020-3-26","3.304","3.315","3.315","3.287","-0.72%"
"2020-3-25","3.328","3.360","3.360","3.320","-0.06%"
"2020-3-24","3.330","3.373","3.373","3.329","-0.30%"
"2020-3-23","3.340","3.310","3.348","3.300","-1.10%"
"2020-3-20","3.377","3.413","3.413","3.377","-0.91%"
"2020-3-19","3.408","3.376","3.410","3.373","1.01%"
"2020-3-18","3.374","3.365","3.393","3.363","1.41%"
"2020-3-17","3.327","3.315","3.335","3.303","0.82%"
"2020-3-16","3.300","3.250","3.300","3.250","1.04%"
"2020-3-13","3.266","3.240","3.297","3.240","1.21%"
"2020-3-12","3.227","3.250","3.252","3.217","-0.55%"
"2020-3-11","3.245","3.245","3.275","3.235","0.40%"
"2020-3-10","3.232","3.235","3.238","3.195","1.22%"
"2020-3-9","3.193","3.200","3.218","3.180","-3.77%"
"2020-3-6","3.318","3.368","3.368","3.318","-1.25%"
"2020-3-5","3.360","3.365","3.373","3.360","0.30%"
"2020-3-4","3.350","3.402","3.402","3.350","-1.79%"
"2020-3-3","3.411","3.435","3.445","3.409","0.44%"
"2020-3-2","3.396","3.348","3.398","3.338","0.09%"
"2020-2-28","3.393","3.428","3.438","3.392","-1.54%"
"2020-2-27","3.446","3.465","3.465","3.400","-0.46%"
"2020-2-26","3.462","3.470","3.476","3.453","0.41%"
"2020-2-25","3.448","3.470","3.470","3.441","0.00%"
"2020-2-24","3.448","3.470","3.470","3.446","-1.93%"
"2020-2-21","3.516","3.535","3.535","3.514","0.09%"
"2020-2-20","3.513","3.545","3.545","3.513","0.37%"
"2020-2-19","3.500","3.550","3.550","3.492","-0.68%"
"2020-2-18","3.524","3.514","3.531","3.514","-0.03%"
"2020-2-17","3.525","3.480","3.535","3.460","1.88%"
"2020-2-14","3.460","3.430","3.460","3.430","0.90%"
"2020-2-13","3.429","3.466","3.466","3.423","-0.81%"
"2020-2-12","3.457","3.500","3.500","3.453","0.70%"
"2020-2-11","3.433","3.400","3.435","3.400","1.18%"
"2020-2-10","3.393","3.390","3.400","3.380","-1.31%"
"2020-2-7","3.438","3.440","3.460","3.423","-0.03%"
"2020-2-6","3.439","3.475","3.475","3.430","-0.69%"
"2020-2-5","3.463","3.473","3.488","3.460","0.29%"
"2020-2-4","3.453","3.465","3.465","3.453","1.02%"
"2020-2-3","3.418","3.450","3.450","3.355","-4.66%"
"2020-1-23","3.585","3.625","3.625","3.545","-1.73%"
"2020-1-22","3.648","3.653","3.663","3.646","-0.14%"
"2020-1-21","3.653","3.700","3.700","3.616","-0.65%"
"2020-1-20","3.677","3.720","3.720","3.674","-0.73%"
"2020-1-17","3.704","3.710","3.740","3.704","0.30%"
"2020-1-16","3.693","3.740","3.740","3.693","-0.14%"
"2020-1-15","3.698","3.698","3.713","3.689","0.08%"
"2020-1-14","3.695","3.703","3.703","3.685","0.16%"
"2020-1-13","3.689","3.710","3.710","3.685","-0.59%"
"2020-1-10","3.711","3.735","3.735","3.711","-0.38%"
"2020-1-9","3.725","3.795","3.795","3.708","0.05%"
"2020-1-8","3.723","3.755","3.755","3.722","-0.48%"
"2020-1-7","3.741","3.800","3.800","3.741","0.38%"
"2020-1-6","3.727","3.730","3.745","3.726","-1.09%"
"2020-1-3","3.768","3.818","3.818","3.768","0.61%"
"2020-1-2","3.745","3.740","3.755","3.740","0.13%"
"2019-12-31","3.740","3.750","3.770","3.739","-0.08%"
"2019-12-30","3.743","3.795","3.795","3.739","0.19%"
"2019-12-27","3.736","3.740","3.743","3.730","0.48%"
"2019-12-26","3.718","3.765","3.780","3.708","-1.30%"
"2019-12-25","3.767","3.795","3.795","3.767","0.05%"
"2019-12-24","3.765","3.803","3.807","3.765","-0.95%"
"2019-12-23","3.801","3.790","3.810","3.770","-0.76%"
"2019-12-20","3.830","3.860","3.863","3.825","-0.34%"
"2019-12-19","3.843","3.870","3.870","3.843","-0.26%"
"2019-12-18","3.853","3.873","3.873","3.841","0.44%"
"2019-12-17","3.836","3.818","3.841","3.805","0.52%"
"2019-12-16","3.816","3.800","3.825","3.780","0.39%"
"2019-12-13","3.801","3.863","3.863","3.801","0.05%"
"2019-12-12","3.799","3.803","3.819","3.793","-0.05%"
"2019-12-11","3.801","3.820","3.820","3.801","-0.13%"
"2019-12-10","3.806","3.840","3.840","3.804","0.00%"
"2019-12-9","3.806","3.810","3.820","3.795","0.11%"
"2019-12-6","3.802","3.806","3.811","3.794","0.16%"
"2019-12-5","3.796","3.802","3.814","3.794","-0.05%"
"2019-12-4","3.798","3.845","3.845","3.788","-0.71%"
"2019-12-3","3.825","3.880","3.880","3.825","0.34%"
"2019-12-2","3.812","3.820","3.823","3.785","0.37%"
"2019-11-29","3.798","3.880","3.880","3.796","0.05%"
"2019-11-28","3.796","3.811","3.817","3.796","-0.45%"
"2019-11-27","3.813","3.820","3.820","3.804","0.24%"
"2019-11-26","3.804","3.805","3.820","3.801","0.21%"
"2019-11-25","3.796","3.855","3.855","3.791","0.45%"
"2019-11-22","3.779","3.785","3.809","3.779","0.05%"
"2019-11-21","3.777","3.818","3.818","3.777","-0.63%"
"2019-11-20","3.801","3.859","3.859","3.801","-0.96%"
"2019-11-19","3.838","3.875","3.875","3.816","0.18%"
"2019-11-18","3.831","3.915","3.915","3.830","-1.34%"
"2019-11-15","3.883","3.900","3.914","3.883","-0.31%"
"2019-11-14","3.895","3.896","3.900","3.885","0.39%"
"2019-11-13","3.880","3.911","3.911","3.880","-0.08%"
"2019-11-12","3.883","3.898","3.898","3.878","-0.23%"
"2019-11-11","3.892","3.950","3.950","3.890","-0.38%"
"2019-11-8","3.907","3.900","3.909","3.895","0.51%"
"2019-11-7","3.887","3.915","3.915","3.885","-0.26%"
"2019-11-6","3.897","3.897","3.904","3.894","-0.15%"
"2019-11-5","3.903","3.916","3.918","3.895","-0.18%"
"2019-11-4","3.910","3.950","3.950","3.908","-0.69%"
"2019-11-1","3.937","3.980","3.980","3.937","0.43%"
"2019-10-31","3.920","3.920","3.920","3.910","-0.25%"
"2019-10-30","3.930","3.925","3.940","3.920","-0.35%"
"2019-10-29","3.944","3.967","3.967","3.932","0.74%"
"2019-10-28","3.915","3.900","3.920","3.900","0.18%"
"2019-10-25","3.908","3.918","3.918","3.894","0.36%"
"2019-10-24","3.894","3.908","3.909","3.894","-0.15%"
"2019-10-23","3.900","3.890","3.907","3.875","0.13%"
"2019-10-22","3.895","3.890","3.910","3.890","0.44%"
"2019-10-21","3.878","3.850","3.880","3.850","0.52%"
"2019-10-18","3.858","3.840","3.858","3.840","-0.13%"
"2019-10-17","3.863","3.863","3.863","3.863","0.34%"
"2019-10-16","3.850","3.870","3.870","3.845","-0.05%"
"2019-10-15","3.852","3.873","3.873","3.852","0.31%"
"2019-10-14","3.840","3.861","3.861","3.840","1.05%"
"2019-10-12","3.800","3.800","3.800","3.800","-0.11%"
"2019-10-11","3.804","3.818","3.818","3.804","0.26%"
"2019-10-10","3.794","3.808","3.808","3.794","0.21%"
"2019-10-9","3.786","3.818","3.818","3.786","-0.50%"
"2019-10-8","3.805","3.840","3.840","3.803","-0.26%"
"2019-9-30","3.815","3.830","3.830","3.815","0.47%"
"2019-9-27","3.797","3.804","3.804","3.780","0.16%"
"2019-9-26","3.791","3.789","3.796","3.787","0.21%"
"2019-9-25","3.783","3.760","3.790","3.760","0.08%"
"2019-9-24","3.780","3.770","3.785","3.770","0.35%"
"2019-9-23","3.767","3.790","3.790","3.767","-0.58%"
"2019-9-20","3.789","3.789","3.789","3.789","0.61%"
"2019-9-19","3.766","3.750","3.771","3.750","0.16%"
"2019-9-18","3.760","3.720","3.760","3.720","0.48%"
"2019-9-17","3.742","3.760","3.760","3.727","0.19%"
"2019-9-16","3.735","3.750","3.750","3.735","0.40%"
"2019-9-12","3.720","3.720","3.720","3.720","0.59%"
"2019-9-10","3.698","3.717","3.717","3.698","0.76%"
"2019-9-9","3.670","3.660","3.670","3.660","0.44%"
"2019-9-6","3.654","3.660","3.660","3.654","-1.51%"
"2019-9-5","3.710","3.751","3.751","3.710","-0.78%"
"2019-9-4","3.739","3.768","3.768","3.737","-0.19%"
"2019-9-3","3.746","3.769","3.769","3.746","0.54%"
"2019-9-2","3.726","3.720","3.733","3.720","0.43%"
"2019-8-30","3.710","3.721","3.721","3.707","0.13%"
"2019-8-29","3.705","3.720","3.720","3.705","-0.51%"
"2019-8-28","3.724","3.717","3.733","3.695","0.03%"
"2019-8-27","3.723","3.737","3.737","3.723","0.22%"
"2019-8-26","3.715","3.690","3.722","3.680","0.27%"
"2019-8-23","3.705","3.710","3.710","3.705","-0.08%"
"2019-8-22","3.708","3.695","3.716","3.690","0.62%"
"2019-8-21","3.685","3.691","3.691","3.675","0.52%"
"2019-8-20","3.666","3.685","3.685","3.662","0.03%"
"2019-8-19","3.665","3.635","3.672","3.635","0.08%"
"2019-8-16","3.662","3.667","3.672","3.645","0.11%"
"2019-8-15","3.658","3.691","3.691","3.649","-0.79%"
"2019-8-14","3.687","3.670","3.696","3.630","0.00%"
"2019-8-13","3.687","3.724","3.724","3.687","-1.10%"
"2019-8-12","3.728","3.720","3.760","3.720","0.08%"
"2019-8-9","3.725","3.725","3.738","3.698","0.00%"
"2019-8-8","3.725","3.757","3.762","3.725","-0.72%"
"2019-8-7","3.752","3.791","3.791","3.739","0.21%"
"2019-8-6","3.744","3.730","3.754","3.700","0.16%"
"2019-8-5","3.738","3.755","3.755","3.735","-1.74%"
"2019-8-2","3.804","3.831","3.831","3.785","-1.09%"
"2019-8-1","3.846","3.875","3.875","3.846","-0.08%"
"2019-7-31","3.849","3.845","3.868","3.835","-0.54%"
"2019-7-30","3.870","3.890","3.890","3.870","0.05%"
"2019-7-29","3.868","3.860","3.868","3.855","0.47%"
"2019-7-26","3.850","3.865","3.865","3.850","-0.13%"
"2019-7-25","3.855","3.852","3.865","3.830","0.18%"
"2019-7-24","3.848","3.846","3.852","3.842","0.34%"
"2019-7-23","3.835","3.825","3.846","3.800","0.24%"
"2019-7-22","3.826","3.840","3.840","3.823","-0.39%"
"2019-7-19","3.841","3.858","3.860","3.835","-0.16%"
"2019-7-18","3.847","3.856","3.858","3.847","0.03%"
"2019-7-17","3.846","3.825","3.855","3.820","0.39%"
"2019-7-16","3.831","3.831","3.843","3.831","0.37%"
"2019-7-15","3.817","3.790","3.824","3.780","-0.13%"
"2019-7-12","3.822","3.835","3.835","3.816","0.21%"
"2019-7-11","3.814","3.821","3.821","3.783","-0.08%"
"2019-7-10","3.817","3.825","3.835","3.793","-0.16%"
"2019-7-9","3.823","3.850","3.850","3.823","0.34%"
"2019-7-8","3.810","3.795","3.815","3.790","0.00%"
"2019-7-5","3.810","3.814","3.815","3.770","0.21%"
"2019-7-4","3.802","3.834","3.834","3.801","-0.39%"
"2019-7-3","3.817","3.850","3.850","3.814","-0.86%"
"2019-7-2","3.850","3.891","3.891","3.850","-0.80%"
"2019-7-1","3.881","3.870","3.900","3.865","-0.69%"
"2019-6-28","3.908","3.903","3.912","3.875","-0.13%"
"2019-6-27","3.913","3.890","3.915","3.889","0.03%"
"2019-6-26","3.912","3.895","3.912","3.883","0.51%"
"2019-6-25","3.892","3.883","3.893","3.855","0.18%"
"2019-6-24","3.885","3.860","3.885","3.860","0.18%"
"2019-6-21","3.878","3.895","3.895","3.870","0.00%"
"2019-6-20","3.878","3.870","3.888","3.840","0.34%"
"2019-6-19","3.865","3.870","3.875","3.840","0.34%"
"2019-6-18","3.852","3.868","3.868","3.852","-0.21%"
"2019-6-17","3.860","3.880","3.880","3.835","-0.92%"
"2019-6-14","3.896","3.912","3.912","3.887","-0.56%"
"2019-6-13","3.918","3.928","3.928","3.911","-0.03%"
"2019-6-12","3.919","3.917","3.927","3.910","0.15%"
"2019-6-11","3.913","3.920","3.920","3.903","0.36%"
"2019-6-10","3.899","3.900","3.920","3.899","0.31%"
"2019-6-6","3.887","3.908","3.908","3.866","-0.54%"
"2019-6-5","3.908","3.950","3.950","3.908","-0.64%"
"2019-6-4","3.933","3.948","3.955","3.929","-0.43%"
"2019-6-3","3.950","3.935","3.953","3.910","0.25%"
"2019-5-31","3.940","3.966","3.975","3.938","-0.45%"
"2019-5-30","3.958","3.972","3.972","3.946","-0.13%"
"2019-5-29","3.963","3.990","3.990","3.963","-1.05%"
"2019-5-28","4.005","4.003","4.013","3.993","0.75%"
"2019-5-27","3.975","4.003","4.003","3.973","0.38%"
"2019-5-24","3.960","3.985","3.985","3.954","-0.63%"
"2019-5-23","3.985","3.960","3.985","3.958","0.68%"
"2019-5-22","3.958","3.975","3.975","3.957","-0.08%"
"2019-5-21","3.961","3.952","3.967","3.952","0.30%"
"2019-5-20","3.949","3.950","3.950","3.936","0.43%"
"2019-5-17","3.932","3.945","3.948","3.915","-0.46%"
"2019-5-16","3.950","3.955","3.957","3.932","0.30%"
"2019-5-15","3.938","3.935","3.940","3.930","0.46%"
"2019-5-14","3.920","3.936","3.940","3.920","-0.36%"
"2019-5-13","3.934","3.955","3.955","3.923","0.10%"
"2019-5-10","3.930","3.960","3.960","3.923","-0.33%"
"2019-5-9","3.943","3.920","3.950","3.920","-0.10%"
"2019-5-8","3.947","3.960","3.960","3.925","-0.08%"
"2019-5-7","3.950","3.950","3.950","3.940","-0.50%"
"2019-5-6","3.970","3.940","3.980","3.935","-0.33%"
"2019-4-30","3.983","4.005","4.005","3.983","-0.23%"
"2019-4-29","3.992","3.970","3.997","3.970","0.05%"
"2019-4-28","3.990","3.990","3.990","3.990","-0.23%"
"2019-4-26","3.999","4.030","4.030","3.999","-0.27%"
"2019-4-25","4.010","4.020","4.035","4.010","0.12%"
"2019-4-24","4.005","4.013","4.035","3.980","-0.05%"
"2019-4-23","4.007","3.993","4.007","3.991","0.35%"
"2019-4-22","3.993","4.000","4.000","3.985","0.88%"
"2019-4-19","3.958","3.970","3.970","3.954","-0.20%"
"2019-4-18","3.966","3.980","3.980","3.966","-0.35%"
"2019-4-17","3.980","3.980","3.990","3.980","0.35%"
"2019-4-16","3.966","3.923","3.984","3.902","1.46%"
"2019-4-15","3.909","3.950","3.950","3.897","1.19%"
"2019-4-12","3.863","3.855","3.873","3.853","0.42%"
"2019-4-11","3.847","3.860","3.860","3.815","0.00%"
"2019-4-10","3.847","3.860","3.860","3.840","0.97%"
"2019-4-9","3.810","3.820","3.820","3.800","0.08%"
"2019-4-8","3.807","3.830","3.830","3.800","0.32%"
"2019-4-4","3.795","3.772","3.810","3.769","0.61%"
"2019-4-3","3.772","3.740","3.772","3.740","0.32%"
"2019-4-2","3.760","3.720","3.760","3.720","1.35%"
"2019-4-1","3.710","3.710","3.710","3.710","0.00%"
"2019-3-29","3.710","3.743","3.743","3.710","-0.03%"
"2019-3-28","3.711","3.714","3.718","3.708","0.05%"
"2019-3-27","3.709","3.728","3.728","3.704","-0.03%"
"2019-3-26","3.710","3.740","3.740","3.705","-0.80%"
"2019-3-25","3.740","3.749","3.750","3.740","-0.43%"
"2019-3-22","3.756","3.773","3.773","3.756","-0.05%"
"2019-3-21","3.758","3.776","3.781","3.758","0.27%"
"2019-3-20","3.748","3.765","3.765","3.748","-0.13%"
"2019-3-19","3.753","3.780","3.780","3.753","0.13%"
"2019-3-18","3.748","3.750","3.755","3.730","0.75%"
"2019-3-15","3.720","3.720","3.720","3.720","-0.98%"
"2019-3-14","3.757","3.770","3.770","3.757","0.00%"
"2019-3-13","3.757","3.770","3.770","3.757","-0.16%"
"2019-3-12","3.763","3.785","3.792","3.763","-0.21%"
"2019-3-11","3.771","3.800","3.800","3.771","0.03%"
"2019-3-8","3.770","3.790","3.790","3.770","-0.21%"
"2019-3-7","3.778","3.780","3.785","3.760","-0.11%"
"2019-3-6","3.782","3.795","3.795","3.782","0.11%"
"2019-3-5","3.778","3.792","3.792","3.778","0.08%"
"2019-3-4","3.775","3.795","3.798","3.775","0.05%"
"2019-3-1","3.773","3.780","3.783","3.773","-0.13%"
"2019-2-28","3.778","3.780","3.785","3.773","0.00%"
"2019-2-27","3.778","3.788","3.795","3.778","0.00%"
"2019-2-26","3.778","3.758","3.783","3.758","0.80%"
"2019-2-25","3.748","3.753","3.758","3.743","-0.21%"
"2019-2-22","3.756","3.798","3.798","3.756","-0.08%"
"2019-2-21","3.759","3.758","3.775","3.758","0.16%"
"2019-2-20","3.753","3.767","3.767","3.753","-0.11%"
"2019-2-19","3.757","3.780","3.780","3.757","0.37%"
"2019-2-18","3.743","3.740","3.744","3.735","0.35%"
"2019-2-15","3.730","3.730","3.730","3.730","-0.35%"
"2019-2-14","3.743","3.755","3.755","3.740","0.19%"
"2019-2-13","3.736","3.760","3.760","3.736","-0.24%"
"2019-2-12","3.745","3.765","3.765","3.745","0.48%"
"2019-2-11","3.727","3.770","3.770","3.725","-0.61%"
"2019-2-2","3.750","3.750","3.750","3.750","-0.21%"
"2019-2-1","3.758","3.768","3.768","3.753","0.05%"
"2019-1-31","3.756","3.770","3.770","3.756","-0.03%"
"2019-1-30","3.757","3.784","3.784","3.757","-0.61%"
"2019-1-29","3.780","3.785","3.802","3.780","-0.08%"
"2019-1-28","3.783","3.803","3.803","3.783","0.34%"
"2019-1-25","3.770","3.767","3.775","3.767","0.35%"
"2019-1-24","3.757","3.758","3.759","3.757","0.11%"
"2019-1-23","3.753","3.735","3.753","3.735","0.35%"
"2019-1-22","3.740","3.740","3.740","3.740","0.54%"
"2019-1-21","3.720","3.720","3.750","3.720","0.05%"
"2019-1-18","3.718","3.723","3.730","3.718","0.16%"
"2019-1-17","3.712","3.759","3.759","3.712","-0.59%"
"2019-1-16","3.734","3.752","3.755","3.728","-0.45%"
"2019-1-15","3.751","3.753","3.764","3.751","-0.19%"
"2019-1-14","3.758","3.765","3.765","3.753","0.56%"
"2019-1-11","3.737","3.750","3.750","3.726","-0.08%"
"2019-1-10","3.740","3.725","3.745","3.720","0.54%"
"2019-1-9","3.720","3.725","3.733","3.717","0.00%"
"2019-1-8","3.720","3.733","3.750","3.710","-0.13%"
"2019-1-7","3.725","3.750","3.750","3.725","-0.40%"
"2019-1-4","3.740","3.712","3.740","3.712","0.59%"
"2019-1-3","3.718","3.723","3.725","3.712","0.49%"
"2019-1-2","3.700","3.720","3.720","3.700","-1.20%"
"2018-12-28","3.745","3.770","3.770","3.745","-0.74%"
"2018-12-27","3.773","3.790","3.790","3.770","-0.92%"
"2018-12-26","3.808","3.808","3.808","3.808","0.13%"
"2018-12-25","3.803","3.807","3.807","3.800","-0.11%"
"2018-12-24","3.807","3.830","3.830","3.807","-0.08%"
"2018-12-21","3.810","3.820","3.820","3.790","-0.44%"
"2018-12-20","3.827","3.840","3.840","3.823","-0.29%"
"2018-12-19","3.838","3.870","3.870","3.838","-0.83%"
"2018-12-18","3.870","3.860","3.870","3.843","0.18%"
"2018-12-17","3.863","3.880","3.880","3.861","0.60%"
"2018-12-14","3.840","3.805","3.840","3.800","0.92%"
"2018-12-13","3.805","3.790","3.810","3.785","0.40%"
"2018-12-12","3.790","3.807","3.807","3.790","-0.24%"
"2018-12-11","3.799","3.815","3.819","3.798","-0.60%"
"2018-12-10","3.822","3.810","3.822","3.805","-0.34%"
"2018-12-8","3.835","3.835","3.835","3.835","0.00%"
"2018-12-7","3.835","3.859","3.859","3.832","-0.62%"
"2018-12-6","3.859","3.850","3.869","3.850","-0.80%"
"2018-12-5","3.890","3.910","3.910","3.890","-0.69%"
"2018-12-4","3.917","3.920","3.920","3.915","0.18%"
"2018-12-3","3.910","3.910","3.910","3.910","-0.46%"
"2018-11-30","3.928","3.948","3.948","3.928","-0.51%"
"2018-11-29","3.948","3.959","3.959","3.948","-0.23%"
"2018-11-28","3.957","3.960","3.960","3.957","-0.23%"
"2018-11-27","3.966","3.961","3.966","3.961","0.20%"
"2018-11-26","3.958","3.970","3.970","3.958","0.89%"
"2018-11-23","3.923","3.920","3.925","3.920","0.08%"
"2018-11-22","3.920","3.933","3.933","3.920","-0.51%"
"2018-11-21","3.940","3.950","3.950","3.940","1.03%"
"2018-11-20","3.900","3.900","3.900","3.900","0.26%"
"2018-11-19","3.890","3.890","3.890","3.890","-0.69%"
"2018-11-16","3.917","4.020","4.020","3.917","-2.07%"
"2018-11-15","4.000","4.065","4.065","4.000","-0.84%"
"2018-11-14","4.034","4.075","4.075","4.034","-0.71%"
"2018-11-13","4.063","4.090","4.090","4.063","0.12%"
"2018-11-12","4.058","4.090","4.090","4.056","-0.05%"
"2018-11-9","4.060","4.069","4.071","4.060","-0.02%"
"2018-11-8","4.061","4.105","4.113","4.061","-0.68%"
"2018-11-7","4.089","4.105","4.113","4.086","-0.20%"
"2018-11-6","4.097","4.107","4.107","4.093","0.00%"
"2018-11-5","4.097","4.090","4.107","4.090","0.29%"
"2018-11-4","4.085","4.085","4.085","4.085","0.00%"
"2018-11-3","4.085","4.078","4.085","4.078","0.17%"
"2018-11-2","4.078","4.092","4.092","4.077","-0.07%"
"2018-11-1","4.081","4.089","4.092","4.081","-0.20%"
"2018-10-31","4.089","4.108","4.109","4.089","-0.51%"
"2018-10-30","4.110","4.113","4.113","4.080","0.12%"
"2018-10-29","4.105","4.085","4.115","4.085","0.17%"
"2018-10-26","4.098","4.130","4.130","4.098","-0.77%"
"2018-10-25","4.130","4.158","4.158","4.130","-0.46%"
"2018-10-24","4.149","4.187","4.187","4.149","-0.10%"
"2018-10-23","4.153","4.180","4.180","4.153","0.14%"
"2018-10-22","4.147","4.170","4.170","4.147","-0.31%"
"2018-10-19","4.160","4.201","4.215","4.160","-0.62%"
"2018-10-18","4.186","4.190","4.198","4.180","0.05%"
"2018-10-17","4.184","4.213","4.213","4.184","-0.81%"
"2018-10-16","4.218","4.215","4.218","4.215","0.64%"
"2018-10-15","4.191","4.200","4.201","4.191","0.19%"
"2018-10-12","4.183","4.180","4.183","4.160","-0.33%"
"2018-10-11","4.197","4.183","4.206","4.183","-0.10%"
"2018-10-10","4.201","4.220","4.220","4.201","-0.45%"
"2018-10-9","4.220","4.227","4.230","4.220","0.45%"
"2018-10-8","4.201","4.225","4.225","4.201","-0.69%"
"2018-9-30","4.230","4.230","4.230","4.230","0.36%"
"2018-9-29","4.215","4.215","4.215","4.215","-0.12%"
"2018-9-28","4.220","4.257","4.257","4.220","0.00%"
"2018-9-27","4.220","4.240","4.240","4.220","-0.24%"
"2018-9-26","4.230","4.255","4.255","4.230","-0.31%"
"2018-9-25","4.243","4.300","4.300","4.243","1.56%"
"2018-9-22","4.178","4.178","4.178","4.178","-1.90%"
"2018-9-21","4.259","4.269","4.271","4.259","0.19%"
"2018-9-20","4.251","4.270","4.270","4.251","-0.28%"
"2018-9-19","4.263","4.280","4.280","4.260","-0.40%"
"2018-9-18","4.280","4.286","4.286","4.280","0.54%"
"2018-9-17","4.257","4.280","4.280","4.257","-0.35%"
"2018-9-14","4.272","4.275","4.284","4.272","0.07%"
"2018-9-13","4.269","4.283","4.285","4.269","-0.30%"
"2018-9-12","4.282","4.298","4.298","4.280","-0.21%"
"2018-9-11","4.291","4.252","4.297","4.252","0.73%"
"2018-9-10","4.260","4.230","4.260","4.228","0.61%"
"2018-9-7","4.234","4.227","4.238","4.227","0.52%"
"2018-9-6","4.212","4.225","4.225","4.201","-0.26%"
"2018-9-5","4.223","4.238","4.238","4.223","-0.07%"
"2018-9-4","4.226","4.214","4.226","4.200","0.43%"
"2018-9-3","4.208","4.200","4.218","4.180","0.21%"
"2018-8-31","4.199","4.224","4.229","4.198","-0.59%"
"2018-8-30","4.224","4.215","4.224","4.210","0.21%"
"2018-8-29","4.215","4.229","4.229","4.215","-0.17%"
"2018-8-28","4.222","4.228","4.229","4.217","0.12%"
"2018-8-27","4.217","4.200","4.227","4.200","0.00%"
"2018-8-24","4.217","4.223","4.225","4.213","0.05%"
"2018-8-23","4.215","4.240","4.240","4.200","-0.54%"
"2018-8-22","4.238","4.246","4.246","4.238","0.02%"
"2018-8-21","4.237","4.250","4.250","4.232","-0.31%"
"2018-8-20","4.250","4.275","4.278","4.250","3.53%"
"2018-8-17","4.105","4.120","4.120","4.105","0.12%"
"2018-8-16","4.100","4.110","4.110","4.100","0.07%"
"2018-8-15","4.097","4.110","4.110","4.097","0.27%"
"2018-8-14","4.086","4.105","4.105","4.086","0.34%"
"2018-8-13","4.072","4.090","4.090","4.072","0.02%"
"2018-8-10","4.071","4.080","4.082","4.071","1.14%"
"2018-8-9","4.025","4.030","4.030","4.025","0.57%"
"2018-8-8","4.002","4.003","4.003","3.997","0.15%"
"2018-8-7","3.996","4.020","4.020","3.996","-0.10%"
"2018-8-6","4.000","4.020","4.020","4.000","-0.07%"
"2018-8-3","4.003","4.040","4.040","4.003","-0.15%"
"2018-8-2","4.009","4.015","4.022","3.980","-0.17%"
"2018-8-1","4.016","4.030","4.030","4.016","-0.47%"
"2018-7-31","4.035","4.040","4.040","4.035","0.30%"
"2018-7-30","4.023","4.069","4.070","4.023","-1.03%"
"2018-7-27","4.065","4.055","4.070","4.050","1.09%"
"2018-7-26","4.021","4.018","4.021","4.018","0.27%"
"2018-7-25","4.010","4.010","4.075","4.000","0.07%"
"2018-7-24","4.007","3.997","4.007","3.997","0.43%"
"2018-7-23","3.990","3.980","3.990","3.970","-0.23%"
"2018-7-20","3.999","3.992","3.999","3.920","0.10%"
"2018-7-19","3.995","4.002","4.002","3.989","0.05%"
"2018-7-18","3.993","4.005","4.005","3.993","-0.17%"
"2018-7-17","4.000","4.011","4.011","4.000","-0.05%"
"2018-7-16","4.002","3.970","4.013","3.970","-0.69%"
"2018-7-13","4.030","4.047","4.047","4.030","-0.25%"
"2018-7-12","4.040","4.060","4.060","4.040","-0.25%"
"2018-7-11","4.050","4.033","4.050","4.033","0.25%"
"2018-7-10","4.040","4.035","4.057","4.035","0.62%"
"2018-7-9","4.015","4.010","4.025","4.010","0.55%"
"2018-7-6","3.993","4.000","4.007","3.993","-0.05%"
"2018-7-5","3.995","4.007","4.007","3.992","0.15%"
"2018-7-4","3.989","4.008","4.008","3.978","-0.05%"
"2018-7-3","3.991","3.995","3.998","3.970","-0.27%"
"2018-7-2","4.002","4.020","4.020","4.002","-1.67%"
"2018-6-29","4.070","4.089","4.090","4.060","-0.42%"
"2018-6-28","4.087","4.092","4.096","4.075","-0.07%"
"2018-6-27","4.090","4.121","4.121","4.090","-0.54%"
"2018-6-26","4.112","4.125","4.128","4.112","-0.17%"
"2018-6-25","4.119","4.100","4.119","4.085","0.17%"
"2018-6-22","4.112","4.110","4.115","4.090","-0.02%"
"2018-6-21","4.113","4.115","4.115","4.100","0.07%"
"2018-6-20","4.110","4.115","4.123","4.110","-0.27%"
"2018-6-19","4.121","4.160","4.160","4.120","-0.67%"
"2018-6-15","4.149","4.161","4.161","4.133","-0.29%"
"2018-6-14","4.161","4.165","4.168","4.161","0.05%"
"2018-6-13","4.159","4.159","4.159","4.159","0.00%"
"2018-6-12","4.159","4.171","4.171","4.159","-0.17%"
"2018-6-11","4.166","4.180","4.181","4.166","0.12%"
"2018-6-8","4.161","4.173","4.173","4.156","0.00%"
"2018-6-7","4.161","4.140","4.161","4.140","0.53%"
"2018-6-6","4.139","4.144","4.147","4.139","-0.05%"
"2018-6-5","4.141","4.120","4.148","4.120","0.80%"
"2018-6-4","4.108","4.120","4.121","4.108","0.05%"
"2018-6-1","4.106","4.093","4.106","4.093","0.32%"
"2018-5-31","4.093","4.093","4.093","4.093","-0.17%"
"2018-5-30","4.100","4.033","4.101","4.033","1.66%"
"2018-5-29","4.033","4.100","4.100","4.033","-1.39%"
"2018-5-28","4.090","4.100","4.100","4.085","-0.75%"
"2018-5-25","4.121","4.100","4.121","4.100","0.12%"
"2018-5-24","4.116","4.134","4.134","4.116","-0.75%"
"2018-5-23","4.147","4.146","4.154","4.146","-0.12%"
"2018-5-22","4.152","4.167","4.167","4.152","-0.34%"
"2018-5-21","4.166","4.170","4.173","4.166","-0.02%"
"2018-5-20","4.167","4.167","4.167","4.167","0.00%"
"2018-5-18","4.167","4.167","4.167","4.167","-0.14%"
"2018-5-17","4.173","4.187","4.187","4.173","0.00%"
"2018-5-16","4.173","4.157","4.173","4.157","0.26%"
"2018-5-15","4.162","4.163","4.165","4.160","0.07%"
"2018-5-14","4.159","4.175","4.175","4.159","-0.14%"
"2018-5-11","4.165","4.165","4.165","4.160","0.00%"
"2018-5-10","4.165","4.165","4.170","4.165","0.12%"
"2018-5-9","4.160","4.150","4.160","4.150","0.12%"
"2018-5-8","4.155","4.129","4.155","4.118","0.58%"
"2018-5-7","4.131","4.150","4.150","4.131","-0.27%"
"2018-5-4","4.142","4.125","4.147","4.125","0.10%"
"2018-5-3","4.138","4.133","4.138","4.133","0.19%"
"2018-5-2","4.130","4.140","4.140","4.127","0.66%"
"2018-4-28","4.103","4.115","4.125","4.103","-0.29%"
"2018-4-27","4.115","4.105","4.115","4.103","0.37%"
"2018-4-26","4.100","4.090","4.105","4.090","0.61%"
"2018-4-25","4.075","4.050","4.075","4.050","0.37%"
"2018-4-24","4.060","4.060","4.060","4.050","0.42%"
"2018-4-23","4.043","4.050","4.050","4.030","0.32%"
"2018-4-20","4.030","4.050","4.050","4.030","0.55%"
"2018-4-19","4.008","4.000","4.020","4.000","-2.95%"
"2018-4-18","4.130","4.130","4.130","4.130","-0.24%"
"2018-4-17","4.140","4.138","4.140","4.135","-0.12%"
"2018-4-16","4.145","4.170","4.170","4.145","0.12%"
"2018-4-13","4.140","4.160","4.160","4.140","0.00%"
"2018-4-12","4.140","4.160","4.160","4.140","0.05%"
"2018-4-11","4.138","4.160","4.160","4.138","0.19%"
"2018-4-10","4.130","4.180","4.180","4.130","-1.15%"
"2018-4-9","4.178","4.210","4.210","4.173","0.19%"
"2018-4-8","4.170","4.170","4.170","4.170","0.00%"
"2018-4-7","4.170","4.170","4.170","4.170","0.00%"
"2018-4-6","4.170","4.170","4.170","4.170","0.00%"
"2018-4-4","4.170","4.170","4.170","4.170","-1.18%"
"2018-4-3","4.220","4.250","4.250","4.220","0.00%"
"2018-4-2","4.220","4.250","4.250","4.220","0.62%"
"2018-3-30","4.194","4.232","4.232","4.194","-0.26%"
"2018-3-29","4.205","4.280","4.280","4.205","0.19%"
"2018-3-28","4.197","4.197","4.197","4.188","0.14%"
"2018-3-27","4.191","4.205","4.205","4.185","0.19%"
"2018-3-26","4.183","4.200","4.200","4.183","-0.29%"
"2018-3-23","4.195","4.273","4.273","4.195","-1.04%"
"2018-3-22","4.239","4.295","4.295","4.239","-0.73%"
"2018-3-21","4.270","4.300","4.300","4.265","-0.23%"
"2018-3-20","4.280","4.350","4.350","4.280","-0.58%"
"2018-3-19","4.305","4.350","4.350","4.305","0.37%"
"2018-3-16","4.289","4.313","4.313","4.289","-0.21%"
"2018-3-15","4.298","4.318","4.334","4.298","0.05%"
"2018-3-14","4.296","4.320","4.320","4.296","-0.30%"
"2018-3-13","4.309","4.319","4.319","4.309","0.21%"
"2018-3-12","4.300","4.320","4.320","4.300","0.09%"
"2018-3-9","4.296","4.304","4.304","4.296","-0.07%"
"2018-3-8","4.299","4.347","4.347","4.299","-0.07%"
"2018-3-7","4.302","4.361","4.361","4.302","-0.16%"
"2018-3-6","4.309","4.350","4.350","4.309","0.16%"
"2018-3-5","4.302","4.350","4.350","4.302","-0.09%"
"2018-3-2","4.306","4.302","4.311","4.298","0.54%"
"2018-3-1","4.283","4.312","4.312","4.283","-0.63%"
"2018-2-28","4.310","4.330","4.330","4.310","0.00%"
"2018-2-27","4.310","4.327","4.327","4.310","-0.16%"
"2018-2-26","4.317","4.340","4.342","4.317","-0.18%"
"2018-2-24","4.325","4.346","4.346","4.310","-0.48%"
"2018-2-23","4.346","4.344","4.349","4.344","0.09%"
"2018-2-22","4.342","4.330","4.342","4.330","-0.14%"
"2018-2-18","4.348","4.348","4.348","4.348","0.00%"
"2018-2-14","4.348","4.347","4.350","4.347","-0.05%"
"2018-2-13","4.350","4.330","4.350","4.330","0.23%"
"2018-2-12","4.340","4.360","4.360","4.335","-0.46%"
"2018-2-11","4.360","4.360","4.360","4.360","0.00%"
"2018-2-10","4.360","4.360","4.360","4.360","0.00%"
"2018-2-9","4.360","4.348","4.360","4.348","0.25%"
"2018-2-8","4.349","4.388","4.388","4.349","-0.43%"
"2018-2-7","4.368","4.398","4.398","4.368","-0.07%"
"2018-2-6","4.371","4.388","4.393","4.371","-0.25%"
"2018-2-5","4.382","4.400","4.400","4.380","0.50%"
"2018-2-2","4.360","4.398","4.404","4.360","-0.64%"
"2018-2-1","4.388","4.380","4.404","4.380","-0.25%"
"2018-1-31","4.399","4.418","4.418","4.399","-0.07%"
"2018-1-30","4.402","4.402","4.409","4.402","0.14%"
"2018-1-29","4.396","4.410","4.412","4.396","0.14%"
"2018-1-26","4.390","4.413","4.413","4.390","-0.07%"
"2018-1-25","4.393","4.393","4.413","4.393","0.16%"
"2018-1-24","4.386","4.398","4.401","4.385","-0.02%"
"2018-1-23","4.387","4.398","4.398","4.368","-0.23%"
"2018-1-22","4.397","4.400","4.400","4.370","0.23%"
"2018-1-19","4.387","4.401","4.401","4.387","-0.54%"
"2018-1-18","4.411","4.413","4.413","4.411","0.48%"
"2018-1-17","4.390","4.391","4.393","4.385","0.11%"
"2018-1-16","4.385","4.390","4.395","4.383","-0.11%"
"2018-1-15","4.390","4.400","4.400","4.387","-0.16%"
"2018-1-13","4.397","4.397","4.397","4.397","0.00%"
"2018-1-12","4.397","4.407","4.407","4.392","0.07%"
"2018-1-11","4.394","4.407","4.407","4.394","0.27%"
"2018-1-10","4.382","4.374","4.382","4.374","0.21%"
"2018-1-9","4.373","4.375","4.378","4.369","-0.05%"
"2018-1-8","4.375","4.370","4.375","4.370","-0.34%"
"2018-1-5","4.390","4.390","4.390","4.383","-0.09%"
"2018-1-4","4.394","4.394","4.394","4.394","-0.39%"
"2018-1-3","4.411","4.387","4.411","4.387","0.57%"
"2018-1-2","4.386","4.412","4.412","4.386","-0.14%"
"2017-12-29","4.392","4.403","4.403","4.392","-0.34%"
"2017-12-28","4.407","4.407","4.407","4.407","0.07%"
"2017-12-27","4.404","4.399","4.404","4.399","0.25%"
"2017-12-26","4.393","4.388","4.393","4.388","0.14%"
"2017-12-25","4.387","4.370","4.387","4.370","0.16%"
"2017-12-22","4.380","4.395","4.395","4.380","-0.34%"
"2017-12-21","4.395","4.397","4.397","4.395","0.23%"
"2017-12-20","4.385","4.385","4.396","4.385","0.34%"
"2017-12-19","4.370","4.370","4.370","4.370","0.18%"
"2017-12-18","4.362","4.355","4.362","4.353","-0.48%"
"2017-12-16","4.383","4.383","4.383","4.383","0.00%"
"2017-12-15","4.383","4.389","4.389","4.379","0.21%"
"2017-12-14","4.374","4.376","4.376","4.374","-0.23%"
"2017-12-13","4.384","4.417","4.417","4.384","0.11%"
"2017-12-12","4.379","4.379","4.379","4.379","0.27%"
"2017-12-11","4.367","4.350","4.376","4.350","0.62%"
"2017-12-8","4.340","4.364","4.364","4.340","-0.23%"
"2017-12-7","4.350","4.373","4.397","4.350","-0.28%"
"2017-12-6","4.362","4.362","4.373","4.362","-0.02%"
"2017-12-5","4.363","4.380","4.380","4.363","-0.16%"
"2017-12-4","4.370","4.350","4.370","4.350","0.46%"
"2017-12-3","4.350","4.350","4.350","4.350","-0.46%"
"2017-12-2","4.370","4.370","4.370","4.370","0.00%"
"2017-12-1","4.370","4.371","4.371","4.350","-0.05%"
"2017-11-30","4.372","4.372","4.374","4.372","0.46%"
"2017-11-29","4.352","4.359","4.359","4.352","-0.16%"
"2017-11-28","4.359","4.369","4.369","4.359","-0.11%"
"2017-11-27","4.364","4.383","4.383","4.364","-0.05%"
"2017-11-24","4.366","4.358","4.366","4.357","-0.09%"
"2017-11-23","4.370","4.358","4.378","4.358","0.30%"
"2017-11-22","4.357","4.356","4.361","4.343","0.16%"
"2017-11-21","4.350","4.356","4.366","4.340","-0.14%"
"2017-11-20","4.356","4.387","4.387","4.354","-0.50%"
"2017-11-17","4.378","4.380","4.382","4.362","-0.05%"
"2017-11-16","4.380","4.401","4.401","4.380","-0.39%"
"2017-11-15","4.397","4.401","4.401","4.397","0.39%"
"2017-11-14","4.380","4.370","4.385","4.370","0.23%"
"2017-11-13","4.370","4.370","4.370","4.370","0.34%"
"2017-11-11","4.355","4.355","4.355","4.355","0.00%"
"2017-11-10","4.355","4.350","4.355","4.350","-0.80%"
"2017-11-9","4.390","4.390","4.390","4.390","-0.45%"
"2017-11-8","4.410","4.360","4.410","4.360","1.24%"
"2017-11-7","4.356","4.364","4.379","4.356","-0.34%"
"2017-11-6","4.371","4.382","4.382","4.366","0.21%"
"2017-11-3","4.362","4.368","4.368","4.359","-0.02%"
"2017-11-2","4.363","4.377","4.377","4.363","-0.52%"
"2017-11-1","4.386","4.398","4.398","4.386","0.09%"
"2017-10-31","4.382","4.365","4.399","4.363","0.32%"
"2017-10-30","4.368","4.425","4.425","4.368","0.60%"
"2017-10-29","4.342","4.342","4.342","4.342","0.00%"
"2017-10-27","4.342","4.365","4.368","4.342","-0.94%"
"2017-10-26","4.383","4.333","4.383","4.333","1.46%"
"2017-10-25","4.320","4.330","4.330","4.310","0.07%"
"2017-10-24","4.317","4.349","4.349","4.317","0.02%"
"2017-10-23","4.316","4.339","4.339","4.316","0.07%"
"2017-10-22","4.313","4.313","4.313","4.313","0.00%"
"2017-10-20","4.313","4.342","4.342","4.313","-0.32%"
"2017-10-19","4.327","4.340","4.342","4.326","0.05%"
"2017-10-18","4.325","4.323","4.330","4.323","0.23%"
"2017-10-17","4.315","4.314","4.317","4.302","0.30%"
"2017-10-16","4.302","4.350","4.350","4.298","0.56%"
"2017-10-13","4.278","4.300","4.300","4.268","-0.72%"
"2017-10-12","4.309","4.285","4.310","4.272","0.82%"
"2017-10-11","4.274","4.268","4.279","4.265","0.23%"
"2017-10-10","4.264","4.300","4.300","4.253","0.21%"
"2017-10-9","4.255","4.300","4.300","4.250","0.12%"
"2017-10-3","4.250","4.250","4.250","4.250","0.00%"
"2017-9-30","4.250","4.250","4.250","4.250","0.00%"
"2017-9-29","4.250","4.267","4.267","4.250","0.16%"
"2017-9-28","4.243","4.253","4.253","4.243","0.02%"
"2017-9-27","4.242","4.248","4.252","4.239","0.21%"
"2017-9-26","4.233","4.263","4.263","4.233","-0.94%"
"2017-9-25","4.273","4.240","4.273","4.230","-0.16%"
"2017-9-22","4.280","4.291","4.291","4.273","-0.28%"
"2017-9-21","4.292","4.307","4.315","4.275","-0.12%"
"2017-9-20","4.297","4.295","4.298","4.288","-0.02%"
"2017-9-19","4.298","4.295","4.298","4.290","0.23%"
"2017-9-18","4.288","4.320","4.320","4.280","0.42%"
"2017-9-15","4.270","4.257","4.270","4.257","0.23%"
"2017-9-14","4.260","4.259","4.261","4.250","-0.07%"
"2017-9-13","4.263","4.261","4.265","4.259","0.16%"
"2017-9-12","4.256","4.261","4.261","4.256","0.31%"
"2017-9-11","4.243","4.250","4.261","4.243","0.07%"
"2017-9-8","4.240","4.255","4.255","4.240","0.05%"
"2017-9-7","4.238","4.259","4.259","4.238","-0.49%"
"2017-9-6","4.259","4.260","4.265","4.259","0.05%"
"2017-9-5","4.257","4.253","4.260","4.253","0.40%"
"2017-9-4","4.240","4.240","4.240","4.240","-0.14%"
"2017-9-2","4.246","4.246","4.246","4.246","0.00%"
"2017-9-1","4.246","4.246","4.246","4.246","-0.02%"
"2017-8-31","4.247","4.261","4.261","4.247","-0.38%"
"2017-8-30","4.263","4.263","4.263","4.263","0.14%"
"2017-8-29","4.257","4.261","4.261","4.257","0.05%"
"2017-8-28","4.255","4.269","4.269","4.255","0.61%"
"2017-8-25","4.229","4.226","4.229","4.226","0.17%"
"2017-8-24","4.222","4.222","4.222","4.222","-0.26%"
"2017-8-23","4.233","4.247","4.247","4.233","0.52%"
"2017-8-22","4.211","4.211","4.211","4.211","0.17%"
"2017-8-21","4.204","4.222","4.222","4.204","2.66%"
"2017-8-17","4.095","4.129","4.129","4.095","-0.68%"
"2017-8-16","4.123","4.140","4.140","4.123","-0.02%"
"2017-8-15","4.124","4.110","4.124","4.105","0.02%"
"2017-8-14","4.123","4.147","4.147","4.119","-0.51%"
"2017-8-11","4.144","4.144","4.144","4.144","-0.14%"
"2017-8-10","4.150","4.164","4.164","4.150","-0.17%"
"2017-8-9","4.157","4.153","4.164","4.153","0.10%"
"2017-8-8","4.153","4.141","4.158","4.140","0.51%"
"2017-8-7","4.132","4.152","4.152","4.124","0.12%"
"2017-8-6","4.127","4.127","4.127","4.127","0.00%"
"2017-8-4","4.127","4.127","4.133","4.126","-0.02%"
"2017-8-3","4.128","4.129","4.129","4.117","-0.05%"
"2017-8-2","4.130","4.127","4.142","4.127","0.17%"
"2017-8-1","4.123","4.125","4.125","4.117","0.32%"
"2017-7-31","4.110","4.100","4.110","4.095","0.05%"
"2017-7-28","4.108","4.114","4.115","4.105","-0.10%"
"2017-7-27","4.112","4.112","4.112","4.103","0.64%"
"2017-7-26","4.086","4.081","4.094","4.081","0.32%"
"2017-7-25","4.073","4.041","4.076","4.030","1.17%"
"2017-7-24","4.026","4.020","4.036","4.013","0.70%"
"2017-7-21","3.998","3.995","4.004","3.993","0.18%"
"2017-7-20","3.991","3.997","3.997","3.985","-0.18%"
"2017-7-19","3.998","4.004","4.004","3.990","0.03%"
"2017-7-18","3.997","3.987","3.997","3.987","0.45%"
"2017-7-17","3.979","3.980","3.995","3.977","-0.50%"
"2017-7-16","3.999","3.999","3.999","3.999","0.00%"
"2017-7-14","3.999","3.996","4.005","3.990","0.13%"
"2017-7-13","3.994","3.996","4.001","3.993","0.10%"
"2017-7-12","3.990","3.999","3.999","3.990","-0.25%"
"2017-7-11","4.000","4.006","4.006","3.998","-0.12%"
"2017-7-10","4.005","4.000","4.013","4.000","-0.15%"
"2017-7-7","4.011","4.000","4.011","4.000","0.15%"
"2017-7-6","4.005","4.007","4.007","3.998","-0.22%"
"2017-7-5","4.014","4.010","4.016","4.003","0.17%"
"2017-7-4","4.007","4.007","4.010","4.005","0.10%"
"2017-7-3","4.003","4.000","4.008","3.997","0.40%"
"2017-7-2","3.987","3.987","3.987","3.987","0.00%"
"2017-7-1","3.987","3.987","3.987","3.987","0.00%"
"2017-6-30","3.987","3.993","3.993","3.983","0.15%"
"2017-6-29","3.981","3.983","3.993","3.973","-0.13%"
"2017-6-28","3.986","3.990","3.990","3.974","-0.35%"
"2017-6-27","4.000","4.000","4.002","3.995","-0.20%"
"2017-6-26","4.008","4.000","4.010","4.000","-0.05%"
"2017-6-25","4.010","4.010","4.010","4.010","0.00%"
"2017-6-23","4.010","3.978","4.012","3.976","0.55%"
"2017-6-22","3.988","3.975","3.993","3.975","0.58%"
"2017-6-21","3.965","3.974","3.974","3.958","-0.08%"
"2017-6-20","3.968","3.968","3.977","3.963","-0.63%"
"2017-6-19","3.993","3.975","3.998","3.975","0.45%"
"2017-6-18","3.975","3.975","3.975","3.975","0.81%"
"2017-6-17","3.943","3.943","3.943","3.943","0.10%"
"2017-6-16","3.939","3.934","3.970","3.934","0.15%"
"2017-6-15","3.933","3.953","3.953","3.927","-0.73%"
"2017-6-14","3.962","3.963","3.970","3.960","-0.20%"
"2017-6-13","3.970","3.996","3.996","3.963","-1.22%"
"2017-6-12","4.019","4.037","4.037","4.009","-0.37%"
"2017-6-9","4.034","4.048","4.048","4.027","0.22%"
"2017-6-8","4.025","4.027","4.029","4.023","0.12%"
"2017-6-7","4.020","4.020","4.025","4.020","0.00%"
"2017-6-6","4.020","4.023","4.028","4.020","-0.40%"
"2017-6-5","4.036","4.051","4.051","4.033","0.15%"
"2017-6-2","4.030","4.027","4.030","4.017","0.15%"
"2017-6-1","4.024","4.033","4.033","4.020","-0.45%"
"2017-5-31","4.042","4.061","4.061","4.037","0.12%"
"2017-5-27","4.037","4.037","4.037","4.037","-0.02%"
"2017-5-26","4.038","4.042","4.042","4.030","-0.30%"
"2017-5-25","4.050","4.040","4.053","4.040","0.00%"
"2017-5-24","4.050","4.040","4.050","4.040","0.10%"
"2017-5-23","4.046","4.035","4.046","4.035","0.20%"
"2017-5-22","4.038","4.020","4.041","4.020","-0.05%"
"2017-5-19","4.040","4.024","4.040","4.020","0.25%"
"2017-5-18","4.030","4.013","4.032","4.013","0.67%"
"2017-5-17","4.003","4.003","4.008","4.002","0.02%"
"2017-5-16","4.002","3.987","4.002","3.987","0.23%"
"2017-5-15","3.993","3.980","3.995","3.980","0.53%"
"2017-5-12","3.972","3.980","3.980","3.970","-0.40%"
"2017-5-11","3.988","3.963","3.994","3.963","0.66%"
"2017-5-10","3.962","3.950","3.962","3.950","0.30%"
"2017-5-9","3.950","3.943","3.963","3.943","0.38%"
"2017-5-8","3.935","3.960","3.960","3.927","0.13%"
"2017-5-7","3.930","3.930","3.930","3.930","0.00%"
"2017-5-5","3.930","3.938","3.938","3.930","-0.15%"
"2017-5-4","3.936","3.923","3.940","3.923","0.03%"
"2017-5-3","3.935","3.929","3.935","3.923","0.18%"
"2017-5-2","3.928","3.940","3.940","3.920","0.05%"
"2017-4-28","3.926","3.909","3.932","3.907","0.26%"
"2017-4-27","3.916","3.932","3.932","3.916","-0.10%"
"2017-4-26","3.920","3.920","3.930","3.916","-0.38%"
"2017-4-25","3.935","3.892","3.935","3.892","1.13%"
"2017-4-24","3.891","3.880","3.900","3.880","0.72%"
"2017-4-22","3.863","3.863","3.863","3.863","0.00%"
"2017-4-21","3.863","3.840","3.867","3.840","0.42%"
"2017-4-20","3.847","3.845","3.850","3.840","-0.05%"
"2017-4-19","3.849","3.828","3.849","3.828","0.68%"
"2017-4-18","3.823","3.814","3.835","3.814","0.66%"
"2017-4-17","3.798","3.815","3.815","3.788","0.34%"
"2017-4-14","3.785","3.789","3.789","3.777","-0.32%"
"2017-4-13","3.797","3.793","3.797","3.780","0.26%"
"2017-4-12","3.787","3.790","3.798","3.787","-0.39%"
"2017-4-11","3.802","3.801","3.802","3.800","0.03%"
"2017-4-10","3.801","3.780","3.812","3.780","-0.03%"
"2017-4-7","3.802","3.813","3.813","3.802","-0.11%"
"2017-4-6","3.806","3.803","3.806","3.796","-0.10%"
"2017-4-5","3.810","3.830","3.830","3.793","-0.13%"
"2017-4-3","3.815","3.815","3.815","3.815","0.00%"
"2017-4-1","3.815","3.815","3.815","3.815","-0.05%"
"2017-3-31","3.817","3.833","3.833","3.817","-0.08%"
"2017-3-30","3.820","3.833","3.833","3.817","0.08%"
"2017-3-29","3.817","3.824","3.824","3.812","0.00%"
"2017-3-28","3.817","3.832","3.832","3.817","-0.42%"
"2017-3-27","3.833","3.820","3.839","3.820","-0.62%"
"2017-3-26","3.857","3.857","3.857","3.857","0.00%"
"2017-3-24","3.857","3.883","3.883","3.857","-0.13%"
"2017-3-23","3.862","3.875","3.875","3.860","-0.03%"
"2017-3-22","3.863","3.885","3.885","3.863","-0.34%"
"2017-3-21","3.876","3.864","3.876","3.864","0.68%"
"2017-3-20","3.850","3.860","3.866","3.850","0.08%"
"2017-3-18","3.847","3.847","3.847","3.847","0.00%"
"2017-3-17","3.847","3.843","3.847","3.837","-0.16%"
"2017-3-16","3.853","3.869","3.869","3.843","-0.36%"
"2017-3-15","3.867","3.874","3.874","3.857","0.08%"
"2017-3-14","3.864","3.885","3.885","3.862","-0.13%"
"2017-3-13","3.869","3.895","3.895","3.867","-0.28%"
"2017-3-10","3.880","3.883","3.883","3.880","0.13%"
"2017-3-9","3.875","3.873","3.877","3.873","0.13%"
"2017-3-8","3.870","3.876","3.876","3.863","0.08%"
"2017-3-7","3.867","3.857","3.870","3.857","0.44%"
"2017-3-6","3.850","3.860","3.860","3.845","0.00%"
"2017-3-4","3.850","3.828","3.850","3.828","0.57%"
"2017-3-3","3.828","3.857","3.857","3.821","-0.52%"
"2017-3-2","3.848","3.852","3.857","3.848","0.26%"
"2017-3-1","3.838","3.839","3.844","3.834","0.60%"
"2017-2-28","3.815","3.827","3.827","3.805","-0.31%"
"2017-2-27","3.827","3.840","3.840","3.812","0.37%"
"2017-2-24","3.813","3.827","3.827","3.810","-0.18%"
"2017-2-23","3.820","3.858","3.858","3.820","-1.04%"
"2017-2-22","3.860","3.878","3.878","3.860","0.49%"
"2017-2-21","3.841","3.852","3.852","3.833","0.03%"
"2017-2-20","3.840","3.850","3.867","3.840","-0.95%"
"2017-2-17","3.877","3.908","3.908","3.877","-0.67%"
"2017-2-16","3.903","3.907","3.912","3.903","0.08%"
"2017-2-15","3.900","3.890","3.900","3.890","0.33%"
"2017-2-14","3.887","3.900","3.900","3.883","0.00%"
"2017-2-13","3.887","3.870","3.887","3.870","0.10%"
"2017-2-10","3.883","3.880","3.883","3.870","0.15%"
"2017-2-9","3.877","3.885","3.890","3.877","0.44%"
"2017-2-8","3.860","3.860","3.860","3.850","0.00%"
"2017-2-7","3.860","3.843","3.868","3.843","1.05%"
"2017-2-6","3.820","3.850","3.850","3.820","0.34%"
"2017-2-4","3.807","3.807","3.807","3.807","0.82%"
"2017-2-3","3.776","3.830","3.830","3.774","0.24%"
"2017-1-27","3.767","3.767","3.767","3.767","0.00%"
"2017-1-26","3.767","3.757","3.767","3.753","0.51%"
"2017-1-25","3.748","3.760","3.760","3.740","1.22%"
"2017-1-24","3.703","3.713","3.713","3.703","0.00%"
"2017-1-23","3.703","3.716","3.716","3.703","-0.16%"
"2017-1-22","3.709","3.709","3.709","3.709","-0.11%"
"2017-1-20","3.713","3.735","3.735","3.713","-0.13%"
"2017-1-19","3.718","3.707","3.724","3.707","0.27%"
"2017-1-18","3.708","3.693","3.710","3.693","0.76%"
"2017-1-17","3.680","3.680","3.680","3.677","0.19%"
"2017-1-16","3.673","3.660","3.677","3.660","0.00%"
"2017-1-13","3.673","3.679","3.679","3.673","0.08%"
"2017-1-12","3.670","3.682","3.689","3.670","0.11%"
"2017-1-11","3.666","3.660","3.666","3.659","0.25%"
"2017-1-10","3.657","3.665","3.665","3.653","0.11%"
"2017-1-9","3.653","3.650","3.670","3.650","-0.73%"
"2017-1-6","3.680","3.705","3.705","3.670","0.44%"
"2017-1-5","3.664","3.682","3.682","3.654","0.16%"
"2017-1-4","3.658","3.670","3.670","3.655","0.99%"
"2017-1-3","3.622","3.600","3.633","3.600","-1.50%"
"2016-12-30","3.677","3.710","3.710","3.667","-1.55%"
"2016-12-29","3.735","3.753","3.753","3.705","-0.40%"
"2016-12-28","3.750","3.775","3.775","3.750","-0.58%"
"2016-12-27","3.772","3.772","3.772","3.760","0.13%"
"2016-12-26","3.767","3.770","3.784","3.767","-0.82%"
"2016-12-23","3.798","3.840","3.840","3.798","-1.43%"
"2016-12-22","3.853","3.880","3.880","3.853","-0.77%"
"2016-12-21","3.883","3.930","3.930","3.883","-0.49%"
"2016-12-20","3.902","3.868","3.913","3.868","1.54%"
"2016-12-19","3.843","3.820","3.853","3.820","0.68%"
"2016-12-16","3.817","3.730","3.827","3.716","4.72%"
"2016-12-15","3.645","3.642","3.656","3.642","0.41%"
"2016-12-14","3.630","3.577","3.630","3.577","2.46%"
"2016-12-13","3.543","3.515","3.550","3.515","1.55%"
"2016-12-12","3.489","3.470","3.489","3.470","0.35%"
"2016-12-9","3.477","3.480","3.490","3.477","0.43%"
"2016-12-8","3.462","3.466","3.466","3.460","-0.80%"
"2016-12-7","3.490","3.465","3.490","3.465","1.60%"
"2016-12-6","3.435","3.430","3.435","3.426","0.59%"
"2016-12-5","3.415","3.450","3.450","3.410","0.65%"
"2016-12-2","3.393","3.369","3.421","3.369","1.50%"
"2016-12-1","3.343","3.358","3.364","3.327","0.39%"
"2016-11-30","3.330","3.317","3.330","3.313","0.91%"
"2016-11-29","3.300","3.314","3.314","3.266","0.30%"
"2016-11-28","3.290","3.321","3.340","3.280","-1.08%"
"2016-11-25","3.326","3.343","3.343","3.322","-0.27%"
"2016-11-24","3.335","3.392","3.392","3.334","-0.95%"
"2016-11-23","3.367","3.411","3.411","3.367","-0.09%"
"2016-11-22","3.370","3.390","3.393","3.367","-0.41%"
"2016-11-21","3.384","3.380","3.390","3.380","-0.65%"
"2016-11-18","3.406","3.380","3.412","3.380","1.67%"
"2016-11-17","3.350","3.349","3.367","3.349","0.24%"
"2016-11-16","3.342","3.310","3.342","3.310","1.03%"
"2016-11-15","3.308","3.270","3.322","3.270","1.16%"
"2016-11-14","3.270","3.300","3.300","3.265","0.71%"
"2016-11-11","3.247","3.237","3.255","3.237","0.65%"
"2016-11-10","3.226","3.229","3.230","3.212","0.34%"
"2016-11-9","3.215","3.226","3.226","3.209","0.31%"
"2016-11-8","3.205","3.204","3.208","3.184","0.91%"
"2016-11-7","3.176","3.230","3.230","3.166","0.32%"
"2016-11-4","3.166","3.173","3.173","3.163","-0.13%"
"2016-11-3","3.170","3.170","3.176","3.170","0.13%"
"2016-11-2","3.166","3.177","3.177","3.166","-0.03%"
"2016-11-1","3.167","3.170","3.172","3.165","0.28%"
"2016-10-31","3.158","3.170","3.170","3.140","0.38%"
"2016-10-28","3.146","3.178","3.178","3.144","-0.19%"
"2016-10-27","3.152","3.178","3.178","3.152","-0.13%"
"2016-10-26","3.156","3.153","3.163","3.150","0.13%"
"2016-10-25","3.152","3.150","3.152","3.123","1.06%"
"2016-10-24","3.119","3.090","3.125","3.090","1.17%"
"2016-10-21","3.083","3.106","3.106","3.083","-2.25%"
"2016-10-20","3.154","3.190","3.190","3.150","-0.63%"
"2016-10-19","3.174","3.187","3.187","3.174","0.00%"
"2016-10-18","3.174","3.193","3.193","3.174","-0.19%"
"2016-10-17","3.180","3.200","3.200","3.176","-0.25%"
"2016-10-15","3.188","3.188","3.188","3.188","0.00%"
"2016-10-14","3.188","3.203","3.203","3.188","-0.13%"
"2016-10-13","3.192","3.203","3.203","3.190","0.00%"
"2016-10-12","3.192","3.200","3.200","3.190","0.19%"
"2016-10-11","3.186","3.215","3.215","3.186","-0.25%"
"2016-10-10","3.194","3.220","3.220","3.193","-0.44%"
"2016-10-9","3.208","3.208","3.208","3.208","-0.77%"
"2016-10-8","3.233","3.233","3.233","3.233","-0.03%"
"2016-9-30","3.234","3.263","3.263","3.233","-0.19%"
"2016-9-29","3.240","3.255","3.255","3.240","0.12%"
"2016-9-28","3.236","3.240","3.250","3.236","0.12%"
"2016-9-27","3.232","3.263","3.263","3.230","-0.19%"
"2016-9-26","3.238","3.235","3.250","3.235","-0.92%"
"2016-9-25","3.268","3.268","3.268","3.268","0.00%"
"2016-9-24","3.268","3.268","3.268","3.268","0.00%"
"2016-9-23","3.268","3.297","3.297","3.267","-0.73%"
"2016-9-22","3.292","3.310","3.310","3.292","-0.06%"
"2016-9-21","3.294","3.310","3.310","3.290","0.06%"
"2016-9-20","3.292","3.313","3.313","3.290","-0.12%"
"2016-9-19","3.296","3.317","3.317","3.296","-0.51%"
"2016-9-18","3.313","3.313","3.313","3.313","1.01%"
"2016-9-17","3.280","3.280","3.280","3.280","0.00%"
"2016-9-16","3.280","3.310","3.399","3.160","-0.91%"
"2016-9-15","3.310","3.301","3.310","3.301","0.27%"
"2016-9-14","3.301","3.320","3.323","3.298","-0.33%"
"2016-9-13","3.312","3.327","3.327","3.312","-0.09%"
"2016-9-12","3.315","3.285","3.316","3.171","-0.24%"
"2016-9-9","3.323","3.340","3.348","3.318","-0.33%"
"2016-9-8","3.334","3.345","3.345","3.334","-0.21%"
"2016-9-7","3.341","3.353","3.353","3.341","0.09%"
"2016-9-6","3.338","3.343","3.343","3.335","0.21%"
"2016-9-5","3.331","3.320","3.340","3.320","0.15%"
"2016-9-3","3.326","3.326","3.326","3.326","-0.09%"
"2016-9-2","3.329","3.353","3.353","3.313","0.06%"
"2016-9-1","3.327","3.340","3.357","3.325","-0.18%"
"2016-8-31","3.333","3.355","3.355","3.330","0.15%"
"2016-8-30","3.328","3.320","3.333","3.310","0.85%"
"2016-8-29","3.300","3.300","3.300","3.290","-0.30%"
"2016-8-26","3.310","3.330","3.330","3.308","-0.24%"
"2016-8-25","3.318","3.320","3.320","3.303","0.15%"
"2016-8-24","3.313","3.309","3.323","3.295","0.76%"
"2016-8-23","3.288","3.323","3.323","3.273","-0.06%"
"2016-8-22","3.290","3.320","3.320","3.287","0.92%"
"2016-8-19","3.260","3.250","3.273","3.250","0.52%"
"2016-8-18","3.243","3.233","3.245","3.231","0.59%"
"2016-8-17","3.224","3.213","3.243","3.208","0.91%"
"2016-8-16","3.195","3.213","3.213","3.187","-0.62%"
"2016-8-15","3.215","3.278","3.283","3.125","-1.17%"
"2016-8-14","3.253","3.253","3.253","3.253","0.00%"
"2016-8-13","3.253","3.253","3.253","3.253","0.00%"
"2016-8-12","3.253","3.278","3.283","3.250","-0.46%"
"2016-8-11","3.268","3.310","3.310","3.263","-0.12%"
"2016-8-10","3.272","3.320","3.320","3.272","-1.65%"
"2016-8-9","3.327","3.353","3.353","3.317","-0.83%"
"2016-8-8","3.355","3.350","3.360","3.338","-0.39%"
"2016-8-6","3.368","3.368","3.368","3.368","0.00%"
"2016-8-5","3.368","3.377","3.377","3.368","-0.06%"
"2016-8-4","3.370","3.395","3.395","3.363","0.00%"
"2016-8-3","3.370","3.370","3.377","3.363","0.39%"
"2016-8-2","3.357","3.388","3.390","3.357","-0.68%"
"2016-8-1","3.380","3.370","3.410","3.370","-0.44%"
"2016-7-29","3.395","3.407","3.407","3.389","-0.24%"
"2016-7-28","3.403","3.447","3.447","3.403","-1.08%"
"2016-7-27","3.440","3.445","3.445","3.430","0.06%"
"2016-7-26","3.438","3.445","3.450","3.438","0.15%"
"2016-7-25","3.433","3.420","3.435","3.420","1.42%"
"2016-7-22","3.385","3.413","3.430","3.385","-1.31%"
"2016-7-21","3.430","3.495","3.495","3.430","-1.83%"
"2016-7-20","3.494","3.523","3.523","3.494","-0.51%"
"2016-7-19","3.512","3.528","3.528","3.508","-0.23%"
"2016-7-18","3.520","3.532","3.532","3.509","0.20%"
"2016-7-15","3.513","3.532","3.532","3.513","-0.26%"
"2016-7-14","3.522","3.528","3.528","3.520","0.23%"
"2016-7-13","3.514","3.517","3.517","3.511","0.26%"
"2016-7-12","3.505","3.530","3.530","3.505","-0.60%"
"2016-7-11","3.526","3.520","3.550","3.510","0.17%"
"2016-7-10","3.520","3.520","3.520","3.520","-0.09%"
"2016-7-8","3.523","3.543","3.543","3.523","-0.54%"
"2016-7-7","3.542","3.523","3.575","3.542","-0.11%"
"2016-7-6","3.546","3.563","3.563","3.543","-0.34%"
"2016-7-5","3.558","3.563","3.578","3.553","0.23%"
"2016-7-4","3.550","3.540","3.560","3.540","0.28%"
"2016-7-3","3.540","3.540","3.540","3.540","-0.62%"
"2016-7-1","3.562","3.566","3.573","3.557","-0.17%"
"2016-6-30","3.568","3.570","3.575","3.559","0.22%"
"2016-6-29","3.560","3.573","3.573","3.558","-0.28%"
"2016-6-28","3.570","3.550","3.570","3.550","0.73%"
"2016-6-27","3.544","3.600","3.600","3.538","1.55%"
"2016-6-24","3.490","3.480","3.493","3.480","0.35%"
"2016-6-23","3.478","3.490","3.490","3.478","-0.17%"
"2016-6-22","3.484","3.493","3.493","3.483","0.00%"
"2016-6-21","3.484","3.480","3.488","3.480","0.29%"
"2016-6-20","3.474","3.470","3.485","3.470","-0.23%"
"2016-6-17","3.482","3.503","3.503","3.482","-0.46%"
"2016-6-16","3.498","3.520","3.520","3.498","-0.51%"
"2016-6-15","3.516","3.530","3.530","3.505","-0.51%"
"2016-6-14","3.534","3.543","3.543","3.534","-0.23%"
"2016-6-13","3.542","3.557","3.557","3.542","-0.48%"
"2016-6-12","3.559","3.559","3.559","3.559","0.14%"
"2016-6-11","3.554","3.554","3.554","3.554","0.00%"
"2016-6-8","3.554","3.558","3.558","3.550","0.00%"
"2016-6-7","3.554","3.560","3.560","3.553","-0.17%"
"2016-6-6","3.560","3.560","3.568","3.560","-0.36%"
"2016-6-3","3.573","3.575","3.576","3.573","0.00%"
"2016-6-2","3.573","3.578","3.580","3.573","0.14%"
"2016-6-1","3.568","3.560","3.570","3.560","0.28%"
"2016-5-31","3.558","3.565","3.565","3.558","0.00%"
"2016-5-30","3.558","3.550","3.565","3.550","0.00%"
"2016-5-27","3.558","3.565","3.565","3.558","0.00%"
"2016-5-26","3.558","3.563","3.565","3.558","0.11%"
"2016-5-25","3.554","3.573","3.573","3.553","-0.50%"
"2016-5-24","3.572","3.563","3.575","3.563","0.39%"
"2016-5-23","3.558","3.580","3.580","3.558","0.40%"
"2016-5-20","3.544","3.548","3.550","3.544","0.17%"
"2016-5-19","3.538","3.450","3.540","3.450","1.78%"
"2016-5-18","3.476","3.535","3.543","3.440","-1.64%"
"2016-5-17","3.534","3.528","3.540","3.528","0.57%"
"2016-5-16","3.514","3.510","3.525","3.473","0.17%"
"2016-5-13","3.508","3.527","3.527","3.508","-0.28%"
"2016-5-12","3.518","3.528","3.528","3.518","0.00%"
"2016-5-11","3.518","3.512","3.523","3.512","0.46%"
"2016-5-10","3.502","3.528","3.528","3.498","-0.62%"
"2016-5-9","3.524","3.530","3.530","3.524","-0.11%"
"2016-5-6","3.528","3.530","3.533","3.527","0.28%"
"2016-5-5","3.518","3.512","3.523","3.512","0.57%"
"2016-5-4","3.498","3.500","3.503","3.498","0.11%"
"2016-5-3","3.494","3.500","3.500","3.494","0.00%"
"2016-4-29","3.494","3.513","3.520","3.494","-0.74%"
"2016-4-28","3.520","3.537","3.537","3.520","-0.23%"
"2016-4-27","3.528","3.530","3.537","3.528","-0.25%"
"2016-4-26","3.537","3.495","3.540","3.495","1.99%"
"2016-4-25","3.468","3.470","3.475","3.468","2.06%"
"2016-4-22","3.398","3.403","3.403","3.398","-0.18%"
"2016-4-21","3.404","3.400","3.408","3.397","0.59%"
"2016-4-20","3.384","3.388","3.393","3.383","0.18%"
"2016-4-19","3.378","3.390","3.390","3.377","-0.30%"
"2016-4-18","3.388","3.410","3.410","3.388","-0.70%"
"2016-4-15","3.412","3.458","3.463","3.410","-0.99%"
"2016-4-14","3.446","3.408","3.473","3.408","1.53%"
"2016-4-13","3.394","3.413","3.413","3.394","-0.29%"
"2016-4-12","3.404","3.433","3.433","3.404","-1.05%"
"2016-4-11","3.440","3.430","3.470","3.415","1.06%"
"2016-4-8","3.404","3.430","3.430","3.404","0.89%"
"2016-4-7","3.374","3.373","3.377","3.373","0.30%"
"2016-4-6","3.364","3.365","3.375","3.364","0.63%"
"2016-4-5","3.343","3.330","3.347","3.330","-0.03%"
"2016-4-4","3.344","3.344","3.344","3.344","0.00%"
"2016-4-1","3.344","3.353","3.353","3.344","0.12%"
"2016-3-31","3.340","3.345","3.353","3.340","-0.45%"
"2016-3-30","3.355","3.370","3.370","3.355","-0.33%"
"2016-3-29","3.366","3.380","3.380","3.366","-0.36%"
"2016-3-28","3.378","3.360","3.378","3.360","-1.08%"
"2016-3-25","3.415","3.400","3.427","3.390","0.68%"
"2016-3-24","3.392","3.450","3.450","3.392","-0.82%"
"2016-3-23","3.420","3.435","3.435","3.420","0.00%"
"2016-3-22","3.420","3.413","3.433","3.400","0.23%"
"2016-3-21","3.412","3.410","3.420","3.410","-1.27%"
"2016-3-18","3.456","3.460","3.470","3.456","0.12%"
"2016-3-17","3.452","3.473","3.473","3.443","-0.58%"
"2016-3-16","3.472","3.493","3.493","3.472","-0.46%"
"2016-3-15","3.488","3.500","3.500","3.483","-0.11%"
"2016-3-14","3.492","3.510","3.510","3.492","1.01%"
"2016-3-11","3.457","3.497","3.497","3.457","-1.09%"
"2016-3-10","3.495","3.530","3.530","3.495","-1.08%"
"2016-3-9","3.533","3.528","3.540","3.528","0.17%"
"2016-3-8","3.527","3.510","3.583","3.510","0.80%"
"2016-3-7","3.499","3.520","3.520","3.497","-0.11%"
"2016-3-4","3.503","3.510","3.512","3.500","-0.17%"
"2016-3-3","3.509","3.543","3.543","3.507","-1.07%"
"2016-3-2","3.547","3.527","3.570","3.527","0.23%"
"2016-3-1","3.539","3.567","3.567","3.537","-0.48%"
"2016-2-29","3.556","3.570","3.570","3.552","-0.50%"
"2016-2-26","3.574","3.553","3.574","3.553","0.70%"
"2016-2-25","3.549","3.538","3.550","3.533","0.57%"
"2016-2-24","3.529","3.560","3.560","3.527","-0.62%"
"2016-2-23","3.551","3.523","3.562","3.523","0.79%"
"2016-2-22","3.523","3.540","3.540","3.520","-0.28%"
"2016-2-19","3.533","3.530","3.533","3.530","0.00%"
"2016-2-18","3.533","3.537","3.537","3.530","-0.17%"
"2016-2-17","3.539","3.555","3.555","3.537","-0.06%"
"2016-2-16","3.541","3.537","3.544","3.527","0.48%"
"2016-2-15","3.524","3.558","3.558","3.522","-0.98%"
"2016-2-14","3.559","3.550","3.565","3.550","-0.06%"
"2016-2-6","3.561","3.561","3.561","3.561","0.06%"
"2016-2-5","3.559","3.608","3.608","3.557","-1.66%"
"2016-2-4","3.619","3.615","3.623","3.615","0.28%"
"2016-2-3","3.609","3.573","3.610","3.573","1.29%"
"2016-2-2","3.563","3.575","3.575","3.560","-0.22%"
"2016-2-1","3.571","3.590","3.590","3.567","-1.16%"
"2016-1-29","3.613","3.622","3.622","3.610","-0.28%"
"2016-1-28","3.623","3.600","3.623","3.597","1.12%"
"2016-1-27","3.583","3.563","3.583","3.560","0.65%"
"2016-1-26","3.560","3.537","3.577","3.537","1.60%"
"2016-1-25","3.504","3.520","3.520","3.502","-0.62%"
"2016-1-22","3.526","3.543","3.543","3.517","-0.28%"
"2016-1-21","3.536","3.537","3.540","3.527","0.34%"
"2016-1-20","3.524","3.507","3.525","3.507","0.57%"
"2016-1-19","3.504","3.485","3.504","3.485","0.86%"
"2016-1-18","3.474","3.460","3.475","3.460","-0.14%"
"2016-1-15","3.479","3.458","3.480","3.458","0.75%"
"2016-1-14","3.453","3.493","3.493","3.450","-1.88%"
"2016-1-13","3.519","3.557","3.557","3.517","-1.26%"
"2016-1-12","3.564","3.587","3.587","3.562","-0.53%"
"2016-1-11","3.583","3.580","3.587","3.580","-0.56%"
"2016-1-10","3.603","3.603","3.603","3.603","0.00%"
"2016-1-8","3.603","3.638","3.638","3.597","-1.13%"
"2016-1-7","3.644","3.668","3.668","3.642","-0.79%"
"2016-1-6","3.673","3.657","3.673","3.657","0.55%"
"2016-1-5","3.653","3.653","3.653","3.650","0.27%"
"2016-1-4","3.643","3.630","3.650","3.630","-0.16%"
"2015-12-31","3.649","3.665","3.665","3.647","-0.27%"
"2015-12-30","3.659","3.653","3.660","3.653","0.27%"
"2015-12-29","3.649","3.663","3.663","3.649","-0.27%"
"2015-12-28","3.659","3.640","3.673","3.640","0.14%"
"2015-12-25","3.654","3.688","3.688","3.652","-1.27%"
"2015-12-24","3.701","3.713","3.713","3.700","-0.35%"
"2015-12-23","3.714","3.733","3.733","3.712","-0.54%"
"2015-12-22","3.734","3.760","3.760","3.732","-0.80%"
"2015-12-21","3.764","3.780","3.780","3.762","-0.76%"
"2015-12-18","3.793","3.807","3.807","3.790","-0.37%"
"2015-12-17","3.807","3.823","3.823","3.807","-0.42%"
"2015-12-16","3.823","3.830","3.830","3.820","-0.42%"
"2015-12-15","3.839","3.825","3.847","3.825","0.92%"
"2015-12-14","3.804","3.820","3.820","3.800","-0.13%"
"2015-12-11","3.809","3.813","3.813","3.805","0.13%"
"2015-12-10","3.804","3.813","3.813","3.802","-0.08%"
"2015-12-9","3.807","3.837","3.837","3.807","-0.83%"
"2015-12-8","3.839","3.850","3.850","3.833","0.16%"
"2015-12-7","3.833","3.820","3.850","3.820","-0.18%"
"2015-12-4","3.840","3.852","3.852","3.838","-0.34%"
"2015-12-3","3.853","3.860","3.860","3.850","-0.05%"
"2015-12-2","3.855","3.865","3.865","3.853","0.16%"
"2015-12-1","3.849","3.868","3.868","3.847","-0.52%"
"2015-11-30","3.869","3.880","3.880","3.863","0.31%"
"2015-11-27","3.857","3.843","3.860","3.843","0.63%"
"2015-11-26","3.833","3.855","3.855","3.830","-0.52%"
"2015-11-25","3.853","3.873","3.873","3.850","-0.59%"
"2015-11-24","3.876","3.878","3.880","3.873","0.13%"
"2015-11-23","3.871","3.880","3.880","3.867","0.36%"
"2015-11-22","3.857","3.857","3.857","3.857","0.00%"
"2015-11-20","3.857","3.865","3.870","3.856","-0.16%"
"2015-11-19","3.863","3.853","3.863","3.853","0.36%"
"2015-11-18","3.849","3.858","3.863","3.847","-0.36%"
"2015-11-17","3.863","3.853","3.863","3.853","0.34%"
"2015-11-16","3.850","3.850","3.855","3.847","-0.23%"
"2015-11-13","3.859","3.860","3.860","3.853","0.05%"
"2015-11-12","3.857","3.908","3.908","3.824","-1.08%"
"2015-11-11","3.899","3.913","3.913","3.897","-0.26%"
"2015-11-10","3.909","3.848","3.910","3.848","2.25%"
"2015-11-9","3.823","3.840","3.840","3.813","-0.52%"
"2015-11-6","3.843","3.860","3.860","3.833","-0.52%"
"2015-11-5","3.863","3.833","3.863","3.833","1.42%"
"2015-11-4","3.809","3.787","3.810","3.787","0.69%"
"2015-11-3","3.783","3.793","3.802","3.781","-0.16%"
"2015-11-2","3.789","3.810","3.810","3.787","0.26%"
"2015-10-30","3.779","3.765","3.780","3.765","0.53%"
"2015-10-29","3.759","3.757","3.763","3.757","0.00%"
"2015-10-28","3.759","3.797","3.797","3.750","-0.90%"
"2015-10-27","3.793","3.807","3.807","3.790","-0.45%"
"2015-10-26","3.810","3.780","3.810","3.780","0.45%"
"2015-10-23","3.793","3.800","3.800","3.790","0.00%"
"2015-10-22","3.793","3.827","3.827","3.790","-0.29%"
"2015-10-21","3.804","3.838","3.838","3.803","-0.78%"
"2015-10-20","3.834","3.883","3.883","3.832","-1.29%"
"2015-10-19","3.884","3.900","3.900","3.882","1.04%"
"2015-10-18","3.844","3.844","3.844","3.844","0.00%"
"2015-10-16","3.844","3.845","3.847","3.842","0.03%"
"2015-10-15","3.843","3.890","3.890","3.840","-1.54%"
"2015-10-14","3.903","3.895","3.903","3.846","0.36%"
"2015-10-13","3.889","3.878","3.890","3.873","0.52%"
"2015-10-12","3.869","3.890","3.890","3.867","0.16%"
"2015-10-10","3.863","3.863","3.863","3.863","-1.05%"
"2015-10-9","3.904","3.903","3.908","3.903","0.13%"
"2015-10-8","3.899","3.920","3.920","3.897","-0.20%"
"2015-10-3","3.907","3.907","3.907","3.907","0.00%"
"2015-9-30","3.907","3.887","3.908","3.887","0.54%"
"2015-9-29","3.886","3.907","3.907","3.883","-0.59%"
"2015-9-28","3.909","3.900","3.915","3.900","0.15%"
"2015-9-27","3.903","3.903","3.903","3.903","0.00%"
"2015-9-25","3.903","3.897","3.905","3.897","0.33%"
"2015-9-24","3.890","3.840","3.892","3.840","1.07%"
"2015-9-23","3.849","3.858","3.867","3.842","0.00%"
"2015-9-22","3.849","3.825","3.850","3.825","0.89%"
"2015-9-21","3.815","3.800","3.815","3.800","-0.37%"
"2015-9-18","3.829","3.840","3.840","3.829","-0.29%"
"2015-9-17","3.840","3.830","3.843","3.830","0.66%"
"2015-9-16","3.815","3.828","3.828","3.810","-0.37%"
"2015-9-15","3.829","3.840","3.840","3.827","-0.29%"
"2015-9-14","3.840","3.830","3.845","3.830","-0.21%"
"2015-9-11","3.848","3.855","3.855","3.848","0.00%"
"2015-9-10","3.848","3.863","3.863","3.848","-0.36%"
"2015-9-9","3.862","3.880","3.880","3.860","-0.52%"
"2015-9-8","3.882","3.863","3.884","3.863","0.88%"
"2015-9-7","3.848","3.840","3.852","3.840","0.42%"
"2015-9-6","3.832","3.832","3.832","3.832","0.00%"
"2015-9-5","3.832","3.832","3.832","3.832","0.00%"
"2015-9-2","3.832","3.840","3.840","3.827","-0.23%"
"2015-9-1","3.841","3.918","3.918","3.840","-1.79%"
"2015-8-31","3.911","3.880","3.928","3.880","0.23%"
"2015-8-28","3.902","3.930","3.930","3.900","-1.01%"
"2015-8-27","3.942","3.960","3.960","3.940","-0.40%"
"2015-8-26","3.958","3.992","3.992","3.956","-0.33%"
"2015-8-25","3.971","3.993","3.993","3.971","-0.63%"
"2015-8-24","3.996","3.990","4.010","3.990","-0.25%"
"2015-8-21","4.006","4.003","4.010","4.003","0.38%"
"2015-8-20","3.991","3.983","3.995","3.983","0.38%"
"2015-8-19","3.976","3.990","3.990","3.976","-0.18%"
"2015-8-18","3.983","3.997","4.000","3.973","0.23%"
"2015-8-17","3.974","3.975","4.003","3.973","-0.25%"
"2015-8-14","3.984","4.007","4.007","3.980","-0.62%"
"2015-8-13","4.009","4.003","4.013","4.003","0.40%"
"2015-8-12","3.993","3.987","3.995","3.984","0.25%"
"2015-8-11","3.983","3.963","3.985","3.963","0.50%"
"2015-8-10","3.963","3.950","3.965","3.950","-0.03%"
"2015-8-7","3.964","3.977","3.977","3.954","-0.25%"
"2015-8-6","3.974","3.973","3.977","3.970","0.20%"
"2015-8-5","3.966","3.967","3.970","3.965","0.30%"
"2015-8-4","3.954","3.963","3.963","3.952","-0.15%"
"2015-8-3","3.960","3.960","3.970","3.960","0.92%"
"2015-7-31","3.924","3.923","3.927","3.923","0.26%"
"2015-7-30","3.914","3.927","3.928","3.914","-0.25%"
"2015-7-29","3.924","3.943","3.943","3.923","-0.51%"
"2015-7-28","3.944","3.950","3.950","3.943","0.00%"
"2015-7-27","3.944","3.940","3.950","3.940","-0.90%"
"2015-7-24","3.980","3.988","3.988","3.978","-0.10%"
"2015-7-23","3.984","3.993","3.993","3.983","-0.15%"
"2015-7-22","3.990","3.983","3.992","3.983","0.50%"
"2015-7-21","3.970","3.967","3.973","3.967","0.35%"
"2015-7-20","3.956","3.960","3.965","3.955","-0.55%"
"2015-7-18","3.978","3.978","3.978","3.978","0.00%"
"2015-7-17","3.978","4.000","4.000","3.978","-0.55%"
"2015-7-16","4.000","4.005","4.005","4.000","0.00%"
"2015-7-15","4.000","4.000","4.002","3.997","0.25%"
"2015-7-14","3.990","3.997","4.000","3.990","0.28%"
"2015-7-13","3.979","4.010","4.020","3.978","0.38%"
"2015-7-10","3.964","3.965","3.965","3.960","0.13%"
"2015-7-9","3.959","3.967","3.967","3.957","-0.13%"
"2015-7-8","3.964","4.007","4.007","3.962","-1.39%"
"2015-7-7","4.020","4.085","4.085","4.018","-1.95%"
"2015-7-6","4.100","4.100","4.110","4.098","0.27%"
"2015-7-3","4.089","4.093","4.093","4.087","0.00%"
"2015-7-2","4.089","4.083","4.090","4.083","0.37%"
"2015-7-1","4.074","4.080","4.080","4.072","0.00%"
"2015-6-30","4.074","4.082","4.082","4.072","-0.12%"
"2015-6-29","4.079","4.070","4.085","4.070","0.00%"
"2015-6-26","4.079","4.085","4.085","4.073","-0.12%"
"2015-6-25","4.084","4.080","4.090","4.080","0.12%"
"2015-6-24","4.079","4.068","4.080","4.063","0.49%"
"2015-6-23","4.059","4.050","4.065","4.050","0.40%"
"2015-6-19","4.043","4.075","4.075","4.043","-0.88%"
"2015-6-18","4.079","4.085","4.085","4.077","-0.17%"
"2015-6-17","4.086","4.115","4.115","4.080","-0.85%"
"2015-6-16","4.121","4.110","4.140","4.110","0.68%"
"2015-6-15","4.093","4.120","4.120","4.088","-0.27%"
"2015-6-12","4.104","4.082","4.104","4.082","0.81%"
"2015-6-11","4.071","4.060","4.071","4.060","0.49%"
"2015-6-10","4.051","4.047","4.055","4.043","0.12%"
"2015-6-9","4.046","4.037","4.050","4.032","0.22%"
"2015-6-8","4.037","4.040","4.050","4.025","-0.17%"
"2015-6-7","4.044","4.044","4.044","4.044","0.00%"
"2015-6-5","4.044","4.050","4.050","4.037","-0.25%"
"2015-6-4","4.054","4.063","4.063","4.053","-0.25%"
"2015-6-3","4.064","4.065","4.065","4.060","0.00%"
"2015-6-2","4.064","4.058","4.064","4.053","0.25%"
"2015-6-1","4.054","4.070","4.070","4.047","0.20%"
"2015-5-30","4.046","4.046","4.046","4.046","0.00%"
"2015-5-29","4.046","4.060","4.060","4.045","-0.34%"
"2015-5-28","4.060","4.047","4.068","4.047","0.67%"
"2015-5-27","4.033","4.052","4.052","4.030","-0.52%"
"2015-5-26","4.054","4.095","4.095","4.052","-1.22%"
"2015-5-25","4.104","4.120","4.120","4.102","-1.25%"
"2015-5-22","4.156","4.167","4.167","4.155","-0.19%"
"2015-5-21","4.164","4.165","4.165","4.160","0.10%"
"2015-5-20","4.160","4.170","4.170","4.157","-0.10%"
"2015-5-19","4.164","4.170","4.170","4.163","0.00%"
"2015-5-18","4.164","4.160","4.170","4.160","-0.60%"
"2015-5-14","4.189","4.193","4.193","4.187","0.05%"
"2015-5-13","4.187","4.180","4.190","4.178","0.53%"
"2015-5-12","4.165","4.175","4.175","4.162","-0.07%"
"2015-5-11","4.168","4.160","4.177","4.160","-1.30%"
"2015-5-8","4.223","4.247","4.247","4.218","-0.07%"
"2015-5-7","4.226","4.213","4.228","4.208","0.96%"
"2015-5-6","4.186","4.190","4.195","4.172","0.36%"
"2015-5-5","4.171","4.163","4.180","4.160","0.58%"
"2015-5-4","4.147","4.140","4.155","4.140","-1.10%"
"2015-4-30","4.193","4.200","4.205","4.172","0.02%"
"2015-4-29","4.192","4.203","4.203","4.187","-0.26%"
"2015-4-28","4.203","4.208","4.215","4.203","0.02%"
"2015-4-27","4.202","4.200","4.215","4.200","2.04%"
"2015-4-24","4.118","4.130","4.130","4.117","0.00%"
"2015-4-23","4.118","4.130","4.130","4.114","0.10%"
"2015-4-22","4.114","4.125","4.130","4.114","0.15%"
"2015-4-21","4.108","4.180","4.180","4.108","-2.56%"
"2015-4-20","4.216","4.240","4.240","4.215","-0.02%"
"2015-4-17","4.217","4.250","4.250","4.217","-1.01%"
"2015-4-16","4.260","4.293","4.293","4.260","-0.81%"
"2015-4-15","4.295","4.313","4.313","4.295","-0.53%"
"2015-4-14","4.318","4.327","4.327","4.318","0.02%"
"2015-4-13","4.317","4.340","4.340","4.317","0.05%"
"2015-4-10","4.315","4.295","4.316","4.295","0.72%"
"2015-4-9","4.284","4.260","4.305","4.260","2.00%"
"2015-4-8","4.200","4.193","4.213","4.193","0.72%"
"2015-4-7","4.170","4.200","4.200","4.170","0.55%"
"2015-4-3","4.147","4.197","4.197","4.147","-1.38%"
"2015-4-2","4.205","4.250","4.250","4.205","-1.24%"
"2015-4-1","4.258","4.263","4.265","4.258","0.12%"
"2015-3-31","4.253","4.243","4.260","4.243","0.54%"
"2015-3-30","4.230","4.250","4.250","4.230","0.95%"
"2015-3-27","4.190","4.177","4.193","4.177","0.82%"
"2015-3-26","4.156","4.140","4.160","4.140","0.63%"
"2015-3-25","4.130","4.137","4.140","4.130","0.10%"
"2015-3-24","4.126","4.140","4.140","4.126","-0.19%"
"2015-3-23","4.134","4.150","4.150","4.130","-0.22%"
"2015-3-20","4.143","4.130","4.143","4.130","0.56%"
"2015-3-19","4.120","4.117","4.123","4.115","0.24%"
"2015-3-18","4.110","4.085","4.110","4.085","0.44%"
"2015-3-17","4.092","4.060","4.100","4.060","1.11%"
"2015-3-16","4.047","4.080","4.080","4.035","0.87%"
"2015-3-13","4.012","4.020","4.020","4.012","0.25%"
"2015-3-12","4.002","4.080","4.080","4.002","-2.20%"
"2015-3-11","4.092","4.090","4.100","4.087","0.61%"
"2015-3-10","4.067","4.021","4.070","4.021","1.09%"
"2015-3-9","4.023","4.040","4.055","4.015","0.75%"
"2015-3-6","3.993","3.993","4.010","3.987","0.58%"
"2015-3-5","3.970","3.960","3.974","3.950","-0.08%"
"2015-3-4","3.973","3.957","3.980","3.957","0.56%"
"2015-3-3","3.951","3.947","3.960","3.947","0.64%"
"2015-3-2","3.926","3.950","3.950","3.926","-0.36%"
"2015-2-28","3.940","3.943","3.948","3.940","0.25%"
"2015-2-27","3.930","3.933","3.937","3.927","0.23%"
"2015-2-26","3.921","3.920","3.926","3.920","0.08%"
"2015-2-25","3.918","3.930","3.930","3.915","-0.28%"
"2015-2-19","3.929","3.929","3.929","3.929","0.00%"
"2015-2-17","3.929","3.928","3.940","3.923","-0.08%"
"2015-2-16","3.932","3.935","3.938","3.932","-0.10%"
"2015-2-15","3.936","3.936","3.936","3.936","0.59%"
"2015-2-13","3.913","3.923","3.923","3.910","0.00%"
"2015-2-12","3.913","3.930","3.930","3.913","-0.89%"
"2015-2-11","3.948","3.947","3.950","3.943","0.33%"
"2015-2-10","3.935","3.967","3.967","3.935","-0.61%"
"2015-2-9","3.959","3.970","3.970","3.955","0.66%"
"2015-2-6","3.933","3.953","3.953","3.920","-1.18%"
"2015-2-5","3.980","3.965","3.990","3.965","0.20%"
"2015-2-4","3.972","3.968","3.980","3.963","-0.58%"
"2015-2-3","3.995","4.007","4.017","3.995","-0.55%"
"2015-2-2","4.017","4.040","4.040","4.017","0.27%"
"2015-2-1","4.006","4.006","4.006","4.006","0.00%"
"2015-1-30","4.006","3.980","4.010","3.980","0.33%"
"2015-1-29","3.993","3.970","3.999","3.970","0.10%"
"2015-1-28","3.989","3.990","4.002","3.985","-0.37%"
"2015-1-27","4.004","3.980","4.004","3.973","-0.02%"
"2015-1-26","4.005","4.020","4.020","4.005","-0.20%"
"2015-1-23","4.013","4.015","4.033","4.003","-0.15%"
"2015-1-22","4.019","4.025","4.031","4.019","-0.05%"
"2015-1-21","4.021","4.030","4.032","4.017","0.10%"
"2015-1-20","4.017","4.050","4.050","4.017","-0.89%"
"2015-1-19","4.053","4.070","4.070","4.053","-1.07%"
"2015-1-16","4.097","4.100","4.107","4.097","0.54%"
"2015-1-15","4.075","4.105","4.105","4.075","-1.28%"
"2015-1-14","4.128","4.161","4.161","4.118","-1.05%"
"2015-1-13","4.172","4.170","4.186","4.170","0.14%"
"2015-1-12","4.166","4.180","4.180","4.165","0.07%"
"2015-1-9","4.163","4.175","4.175","4.163","0.00%"
"2015-1-8","4.163","4.176","4.176","4.161","-0.02%"
"2015-1-7","4.164","4.163","4.174","4.163","0.19%"
"2015-1-6","4.156","4.163","4.170","4.156","-0.05%"
"2015-1-5","4.158","4.163","4.167","4.153","0.07%"
"2015-1-4","4.155","4.155","4.155","4.155","0.00%"
"2015-1-1","4.155","4.155","4.155","4.155","0.00%"
"2014-12-31","4.155","4.160","4.169","4.155","-0.07%"
"2014-12-30","4.158","4.163","4.175","4.158","-0.22%"
"2014-12-29","4.167","4.180","4.180","4.165","0.31%"
"2014-12-28","4.154","4.154","4.154","4.154","0.00%"
"2014-12-26","4.154","4.150","4.154","4.145","0.75%"
"2014-12-25","4.123","4.165","4.165","4.123","-1.32%"
"2014-12-24","4.178","4.215","4.215","4.177","-1.35%"
"2014-12-23","4.235","4.260","4.260","4.228","-0.26%"
"2014-12-22","4.246","4.230","4.277","4.230","-0.93%"
"2014-12-19","4.286","4.283","4.286","4.278","0.45%"
"2014-12-18","4.267","4.255","4.282","4.252","-0.12%"
"2014-12-17","4.272","4.307","4.307","4.270","-0.58%"
"2014-12-16","4.297","4.268","4.320","4.268","0.70%"
"2014-12-15","4.267","4.300","4.300","4.264","0.90%"
"2014-12-14","4.229","4.229","4.229","4.229","0.00%"
"2014-12-12","4.229","4.267","4.273","4.229","0.21%"
"2014-12-11","4.220","4.258","4.258","4.220","-1.03%"
"2014-12-10","4.264","4.297","4.297","4.252","-0.30%"
"2014-12-9","4.277","4.303","4.310","4.267","0.19%"
"2014-12-8","4.269","4.210","4.320","4.210","3.44%"
"2014-12-5","4.127","4.100","4.173","4.100","0.90%"
"2014-12-4","4.090","4.063","4.101","4.063","0.62%"
"2014-12-3","4.065","4.053","4.067","4.053","0.52%"
"2014-12-2","4.044","4.078","4.078","4.037","-0.25%"
"2014-12-1","4.054","4.070","4.070","4.050","-0.02%"
"2014-11-30","4.055","4.055","4.055","4.055","0.00%"
"2014-11-28","4.055","4.075","4.075","4.055","0.05%"
"2014-11-27","4.053","4.047","4.060","4.047","0.40%"
"2014-11-26","4.037","4.030","4.055","4.030","0.05%"
"2014-11-25","4.035","4.125","4.125","4.035","-3.19%"
"2014-11-24","4.168","4.170","4.185","4.168","0.22%"
"2014-11-21","4.159","4.167","4.180","4.159","0.39%"
"2014-11-20","4.143","4.153","4.153","4.143","-0.02%"
"2014-11-19","4.144","4.170","4.170","4.140","-0.86%"
"2014-11-18","4.180","4.180","4.189","4.178","0.38%"
"2014-11-17","4.164","4.170","4.180","4.163","1.19%"
"2014-11-16","4.115","4.115","4.115","4.115","0.00%"
"2014-11-14","4.115","4.088","4.118","4.088","0.86%"
"2014-11-13","4.080","4.047","4.085","4.047","1.09%"
"2014-11-12","4.036","4.035","4.042","4.027","-0.42%"
"2014-11-11","4.053","4.093","4.093","4.030","-1.63%"
"2014-11-10","4.120","4.080","4.125","4.080","-0.72%"
"2014-11-7","4.150","4.167","4.167","4.140","-0.14%"
"2014-11-6","4.156","4.190","4.190","4.156","-0.86%"
"2014-11-5","4.192","4.227","4.227","4.178","-1.32%"
"2014-11-4","4.248","4.247","4.248","4.223","-0.72%"
"2014-11-3","4.279","4.380","4.380","4.268","0.26%"
"2014-10-31","4.268","4.270","4.270","4.260","0.38%"
"2014-10-30","4.252","4.265","4.274","4.252","-1.05%"
"2014-10-29","4.297","4.327","4.327","4.297","-0.72%"
"2014-10-28","4.328","4.325","4.335","4.320","-0.51%"
"2014-10-27","4.350","4.320","4.350","4.320","-2.16%"
"2014-10-24","4.446","4.475","4.475","4.425","0.16%"
"2014-10-23","4.439","4.427","4.453","4.410","0.61%"
"2014-10-22","4.412","4.467","4.467","4.412","-1.05%"
"2014-10-21","4.459","4.503","4.503","4.449","-0.87%"
"2014-10-20","4.498","4.480","4.503","4.455","0.00%"
"2014-10-17","4.498","4.513","4.513","4.475","-0.22%"
"2014-10-16","4.508","4.545","4.545","4.503","-2.36%"
"2014-10-15","4.617","4.663","4.663","4.617","-1.01%"
"2014-10-14","4.664","4.685","4.690","4.664","-0.11%"
"2014-10-13","4.669","4.760","4.760","4.662","0.19%"
"2014-10-11","4.660","4.660","4.660","4.660","0.26%"
"2014-10-10","4.648","4.647","4.650","4.646","0.02%"
"2014-10-9","4.647","4.670","4.670","4.643","-0.21%"
"2014-10-8","4.657","4.680","4.680","4.643","0.15%"
"2014-9-30","4.650","4.640","4.650","4.640","0.04%"
"2014-9-29","4.648","4.691","4.691","4.637","0.39%"
"2014-9-28","4.630","4.630","4.630","4.630","0.00%"
"2014-9-27","4.630","4.630","4.630","4.630","0.00%"
"2014-9-26","4.630","4.660","4.660","4.630","-0.52%"
"2014-9-25","4.654","4.627","4.654","4.627","0.58%"
"2014-9-24","4.627","4.615","4.627","4.615","0.43%"
"2014-9-23","4.607","4.645","4.645","4.607","-0.60%"
"2014-9-22","4.635","4.630","4.635","4.623","-1.47%"
"2014-9-19","4.704","4.735","4.740","4.704","-0.51%"
"2014-9-18","4.728","4.783","4.783","4.720","-1.34%"
"2014-9-17","4.792","4.793","4.798","4.783","0.02%"
"2014-9-16","4.791","4.798","4.798","4.780","-0.25%"
"2014-9-15","4.803","4.780","4.803","4.780","-0.17%"
"2014-9-13","4.811","4.811","4.811","4.811","0.00%"
"2014-9-12","4.811","4.835","4.837","4.811","0.10%"
"2014-9-11","4.806","4.803","4.810","4.798","-0.04%"
"2014-9-9","4.808","4.830","4.830","4.808","-0.66%"
"2014-9-7","4.840","4.808","4.840","4.808","0.67%"
"2014-9-5","4.808","4.820","4.820","4.806","0.27%"
"2014-9-4","4.795","4.773","4.795","4.773","0.15%"
"2014-9-3","4.788","4.780","4.788","4.780","0.10%"
"2014-9-2","4.783","4.768","4.786","4.768","0.13%"
"2014-9-1","4.777","4.780","4.780","4.773","0.10%"
"2014-8-31","4.772","4.772","4.772","4.772","0.00%"
"2014-8-29","4.772","4.773","4.773","4.765","-0.02%"
"2014-8-28","4.773","4.768","4.775","4.767","-0.10%"
"2014-8-27","4.778","4.777","4.780","4.768","0.06%"
"2014-8-26","4.775","4.783","4.783","4.770","-0.17%"
"2014-8-25","4.783","4.790","4.797","4.780","0.00%"
"2014-8-22","4.783","4.787","4.787","4.780","-0.02%"
"2014-8-21","4.784","4.787","4.787","4.780","0.04%"
"2014-8-20","4.782","4.787","4.790","4.779","0.06%"
"2014-8-19","4.779","4.757","4.779","4.755","-0.02%"
"2014-8-18","4.780","4.810","4.810","4.780","-0.13%"
"2014-8-15","4.786","4.805","4.805","4.782","-0.23%"
"2014-8-14","4.797","4.807","4.807","4.797","-0.10%"
"2014-8-13","4.802","4.803","4.813","4.802","0.06%"
"2014-8-12","4.799","4.810","4.810","4.796","-0.10%"
"2014-8-11","4.804","4.820","4.820","4.798","0.17%"
"2014-8-10","4.796","4.796","4.796","4.796","0.00%"
"2014-8-8","4.796","4.790","4.798","4.790","0.06%"
"2014-8-7","4.793","4.792","4.794","4.787","0.06%"
"2014-8-6","4.790","4.790","4.790","4.788","0.06%"
"2014-8-5","4.787","4.793","4.793","4.780","-0.08%"
"2014-8-4","4.791","4.800","4.800","4.790","-0.19%"
"2014-8-2","4.800","4.800","4.800","4.800","0.19%"
"2014-8-1","4.791","4.797","4.797","4.791","-0.06%"
"2014-7-31","4.794","4.793","4.794","4.790","0.08%"
"2014-7-30","4.790","4.783","4.793","4.783","0.00%"
"2014-7-29","4.790","4.790","4.794","4.783","0.04%"
"2014-7-28","4.788","4.780","4.788","4.767","-0.40%"
"2014-7-27","4.807","4.807","4.807","4.807","0.00%"
"2014-7-25","4.807","4.813","4.813","4.803","-0.12%"
"2014-7-24","4.813","4.813","4.820","4.810","-0.21%"
"2014-7-23","4.823","4.820","4.823","4.815","0.27%"
"2014-7-22","4.810","4.850","4.850","4.780","0.00%"
"2014-7-21","4.810","4.800","4.850","4.780","0.84%"
"2014-7-20","4.770","4.770","4.770","4.770","0.00%"
"2014-7-18","4.770","4.800","4.838","4.690","0.85%"
"2014-7-17","4.730","4.710","4.770","4.640","0.85%"
"2014-7-16","4.690","4.680","4.710","4.630","1.30%"
"2014-7-15","4.630","4.700","4.700","4.610","-0.22%"
"2014-7-14","4.640","4.630","4.700","4.600","-0.43%"
"2014-7-12","4.660","4.660","4.660","4.660","0.00%"
"2014-7-11","4.660","4.640","4.700","4.600","0.22%"
"2014-7-10","4.650","4.660","4.700","4.600","0.22%"
"2014-7-9","4.640","4.680","4.700","4.600","-1.28%"
"2014-7-8","4.700","4.630","4.710","4.592","0.86%"
"2014-7-7","4.660","4.680","4.720","4.630","0.00%"
"2014-7-4","4.660","4.680","4.710","4.600","0.00%"
"2014-7-3","4.660","4.630","4.670","4.580","1.30%"
"2014-7-2","4.600","4.570","4.640","4.550","0.44%"
"2014-7-1","4.580","4.570","4.610","4.550","0.22%"
"2014-6-30","4.570","4.560","4.600","4.540","-0.22%"
"2014-6-27","4.580","4.560","4.620","4.540","0.00%"
"2014-6-26","4.580","4.600","4.610","4.550","0.00%"
"2014-6-25","4.580","4.540","4.600","4.540","-0.22%"
"2014-6-24","4.590","4.580","4.600","4.540","0.66%"
"2014-6-23","4.560","4.580","4.600","4.540","-0.44%"
"2014-6-20","4.580","4.580","4.620","4.530","0.22%"
"2014-6-19","4.570","4.570","4.620","4.550","-0.22%"
"2014-6-18","4.580","4.570","4.620","4.550","-0.87%"
"2014-6-17","4.620","4.570","4.630","4.560","0.65%"
"2014-6-16","4.590","4.590","4.640","4.560","-0.22%"
"2014-6-13","4.600","4.570","4.620","4.560","0.44%"
"2014-6-12","4.580","4.570","4.620","4.550","0.00%"
"2014-6-11","4.580","4.570","4.630","4.550","0.00%"
"2014-6-10","4.580","4.580","4.630","4.560","0.22%"
"2014-6-9","4.570","4.570","4.600","4.530","0.88%"
"2014-6-6","4.530","4.530","4.600","4.520","0.22%"
"2014-6-5","4.520","4.540","4.590","4.510","-0.66%"
"2014-6-4","4.550","4.510","4.590","4.500","-0.66%"
"2014-6-3","4.580","4.590","4.620","4.550","-1.08%"
"2014-5-30","4.630","4.610","4.650","4.590","0.65%"
"2014-5-29","4.600","4.580","4.650","4.580","-0.65%"
"2014-5-28","4.630","4.600","4.670","4.580","0.00%"
"2014-5-27","4.630","4.690","4.690","4.590","0.00%"
"2014-5-26","4.630","4.630","4.700","4.610","-1.28%"
"2014-5-25","4.690","4.690","4.690","4.690","0.00%"
"2014-5-23","4.690","4.730","4.800","4.690","0.00%"
"2014-5-22","4.690","4.730","4.800","4.690","-1.68%"
"2014-5-21","4.770","4.770","4.800","4.690","0.85%"
"2014-5-20","4.730","4.720","4.790","4.700","0.64%"
"2014-5-19","4.700","4.790","4.790","4.690","0.43%"
"2014-5-16","4.680","4.790","4.790","4.680","-0.21%"
"2014-5-15","4.690","4.750","4.770","4.680","-0.21%"
"2014-5-14","4.700","4.700","4.750","4.680","0.21%"
"2014-5-13","4.690","4.680","4.710","4.660","-0.42%"
"2014-5-12","4.710","4.680","4.720","4.660","-3.09%"
"2014-5-9","4.860","4.790","4.860","4.770","-0.82%"
"2014-5-8","4.900","4.840","4.910","4.820","0.00%"
"2014-5-7","4.900","4.900","4.910","4.820","0.00%"
"2014-5-6","4.900","4.830","4.930","4.830","1.03%"
"2014-5-5","4.850","4.850","4.930","4.830","-1.02%"
"2014-5-4","4.900","4.870","4.950","4.840","0.62%"
"2014-4-30","4.870","4.900","4.950","4.860","-0.20%"
"2014-4-29","4.880","4.900","4.950","4.870","-0.41%"
"2014-4-28","4.900","4.900","4.950","4.870","0.41%"
"2014-4-25","4.880","4.930","4.950","4.870","0.00%"
"2014-4-24","4.880","4.890","4.950","4.870","0.00%"
"2014-4-23","4.880","4.870","4.900","4.840","0.00%"
"2014-4-22","4.880","4.860","4.900","4.840","0.21%"
"2014-4-21","4.870","4.860","4.890","4.840","0.62%"
"2014-4-18","4.840","4.840","4.870","4.840","-2.81%"
"2014-4-17","4.980","4.920","5.000","4.900","-0.99%"
"2014-4-16","5.030","4.960","5.040","4.940","0.60%"
"2014-4-15","5.000","5.020","5.050","4.950","-0.60%"
"2014-4-14","5.030","5.020","5.090","4.950","-0.20%"
"2014-4-11","5.040","5.030","5.100","4.950","-0.40%"
"2014-4-10","5.060","5.030","5.100","5.020","-0.20%"
"2014-4-9","5.070","5.040","5.090","4.950","0.20%"
"2014-4-8","5.060","5.040","5.100","5.040","-0.39%"
"2014-4-4","5.080","5.100","5.110","5.020","-0.39%"
"2014-4-3","5.100","5.100","5.110","5.030","0.20%"
"2014-4-2","5.090","5.100","5.110","5.050","0.20%"
"2014-4-1","5.080","5.060","5.110","5.020","-0.20%"
"2014-3-31","5.090","5.070","5.110","5.020","-0.20%"
"2014-3-28","5.100","5.070","5.110","5.020","0.20%"
"2014-3-27","5.090","5.070","5.130","5.020","1.39%"
"2014-3-26","5.020","5.120","5.130","5.020","-1.57%"
"2014-3-25","5.100","5.100","5.130","5.020","-0.20%"
"2014-3-24","5.110","5.120","5.130","5.020","0.39%"
"2014-3-21","5.090","5.120","5.130","5.020","0.20%"
"2014-3-20","5.080","5.120","5.130","5.020","0.20%"
"2014-3-19","5.070","5.120","5.130","5.020","-0.59%"
"2014-3-18","5.100","5.120","5.130","5.020","0.20%"
"2014-3-17","5.090","5.110","5.130","5.020","0.00%"
"2014-3-14","5.090","5.110","5.130","5.020","-0.20%"
"2014-3-13","5.100","5.100","5.130","5.020","0.00%"
"2014-3-12","5.100","5.130","5.130","5.020","0.00%"
"2014-3-11","5.100","5.080","5.130","5.020","0.20%"
"2014-3-10","5.090","5.080","5.130","5.020","0.39%"
"2014-3-9","5.070","5.070","5.070","5.070","0.00%"
"2014-3-7","5.070","5.140","5.140","5.020","-0.39%"
"2014-3-6","5.090","5.070","5.160","5.020","-1.17%"
"2014-3-5","5.150","5.080","5.150","5.020","2.59%"
"2014-3-4","5.020","5.050","5.100","4.980","0.80%"
"2014-3-3","4.980","4.980","5.080","4.970","-1.19%"
"2014-2-28","5.040","4.960","5.040","4.940","0.40%"
"2014-2-27","5.020","5.060","5.080","5.000","0.20%"
"2014-2-26","5.010","5.010","5.080","4.990","-2.42%"
"2014-2-25","5.134","5.060","5.134","5.050","-0.31%"
"2014-2-24","5.150","5.100","5.160","5.050","-0.16%"
"2014-2-21","5.158","5.120","5.158","5.050","2.14%"
"2014-2-20","5.050","5.120","5.160","5.050","-1.94%"
"2014-2-19","5.150","5.090","5.160","5.050","0.00%"
"2014-2-18","5.150","5.090","5.150","5.050","1.98%"
"2014-2-17","5.050","5.040","5.110","5.020","-0.79%"
"2014-2-14","5.090","5.100","5.110","5.020","0.59%"
"2014-2-13","5.060","5.100","5.110","4.970","0.20%"
"2014-2-12","5.050","5.050","5.110","5.030","-0.98%"
"2014-2-11","5.100","5.070","5.110","4.970","0.99%"
"2014-2-10","5.050","5.070","5.110","4.970","0.00%"
"2014-2-8","5.050","5.158","5.158","4.970","-2.09%"
"2014-2-7","5.158","5.070","5.160","4.970","1.34%"
"2014-2-4","5.090","5.090","5.090","5.090","0.00%"
"2014-1-30","5.090","5.070","5.150","5.050","0.79%"
"2014-1-29","5.050","5.100","5.100","5.050","-0.39%"
"2014-1-28","5.070","5.100","5.100","4.970","-0.20%"
"2014-1-27","5.080","5.070","5.100","4.970","0.20%"
"2014-1-26","5.070","5.090","5.100","5.050","-0.39%"
"2014-1-24","5.090","5.100","5.110","4.970","-0.59%"
"2014-1-23","5.120","5.090","5.120","4.970","0.99%"
"2014-1-22","5.070","5.090","5.160","5.070","-1.93%"
"2014-1-21","5.170","5.140","5.211","5.070","-0.56%"
"2014-1-20","5.199","5.140","5.209","5.140","1.54%"
"2014-1-17","5.120","5.160","5.200","5.100","-0.78%"
"2014-1-16","5.160","5.230","5.230","5.100","0.00%"
"2014-1-15","5.160","5.230","5.250","5.130","0.00%"
"2014-1-14","5.160","5.230","5.250","5.120","0.00%"
"2014-1-13","5.160","5.230","5.250","5.100","0.19%"
"2014-1-10","5.150","5.230","5.250","5.010","-0.58%"
"2014-1-9","5.180","5.230","5.250","5.010","-0.38%"
"2014-1-8","5.200","5.230","5.250","5.100","2.16%"
"2014-1-7","5.090","5.200","5.250","5.090","-0.59%"
"2014-1-6","5.120","5.130","5.230","5.090","-0.19%"
"2014-1-3","5.130","5.130","5.130","5.130","0.59%"
"2014-1-2","5.100","5.100","5.100","5.100","-0.58%"
"2013-12-31","5.130","5.140","5.180","5.000","-0.39%"
"2013-12-30","5.150","5.140","5.180","5.000","0.98%"
"2013-12-27","5.100","5.160","5.180","5.000","-0.97%"
"2013-12-26","5.150","5.150","5.180","5.000","0.78%"
"2013-12-25","5.110","5.160","5.180","5.000","-0.78%"
"2013-12-24","5.150","5.160","5.200","5.100","0.98%"
"2013-12-23","5.100","5.170","5.190","5.100","-1.35%"
"2013-12-20","5.170","5.160","5.190","5.100","1.17%"
"2013-12-19","5.110","5.130","5.200","5.000","0.20%"
"2013-12-18","5.100","5.130","5.200","5.000","-0.39%"
"2013-12-17","5.120","5.130","5.200","5.056","0.39%"
"2013-12-16","5.100","5.130","5.200","5.060","-1.54%"
"2013-12-13","5.180","5.130","5.200","5.100","-0.38%"
"2013-12-12","5.200","5.200","5.200","5.100","0.97%"
"2013-12-11","5.150","5.130","5.200","5.100","0.59%"
"2013-12-10","5.120","5.120","5.180","4.960","0.99%"
"2013-12-9","5.070","5.060","5.180","4.960","1.81%"
"2013-12-6","4.980","4.980","5.060","4.890","-1.19%"
"2013-12-5","5.040","4.980","5.056","4.890","0.00%"
"2013-12-4","5.040","4.990","5.056","4.890","0.00%"
"2013-12-3","5.040","5.030","5.056","4.890","1.61%"
"2013-12-2","4.960","4.960","5.040","4.890","-2.36%"
"2013-11-29","5.080","5.000","5.110","4.890","-1.17%"
"2013-11-28","5.140","5.150","5.180","5.000","0.78%"
"2013-11-27","5.100","5.180","5.180","5.000","-0.78%"
"2013-11-26","5.140","5.160","5.180","5.000","0.00%"
"2013-11-25","5.140","5.160","5.180","5.000","-0.58%"
"2013-11-22","5.170","5.000","5.190","5.000","3.40%"
"2013-11-21","5.000","5.125","5.190","5.000","-2.15%"
"2013-11-20","5.110","5.140","5.180","5.040","1.19%"
"2013-11-19","5.050","5.180","5.180","5.000","0.00%"
"2013-11-18","5.050","4.900","5.060","4.890","3.91%"
"2013-11-17","4.860","4.860","4.860","4.860","0.00%"
"2013-11-15","4.860","4.800","4.970","4.800","1.46%"
"2013-11-14","4.790","4.830","4.930","4.750","-2.24%"
"2013-11-13","4.900","4.830","4.900","4.750","2.30%"
"2013-11-12","4.790","4.850","4.870","4.730","-0.42%"
"2013-11-11","4.810","4.830","4.830","4.700","0.00%"
"2013-11-8","4.810","4.810","4.830","4.700","2.34%"
"2013-11-7","4.700","4.810","4.830","4.660","-2.08%"
"2013-11-6","4.800","4.750","4.830","4.660","3.00%"
"2013-11-5","4.660","4.750","4.830","4.600","-3.32%"
"2013-11-4","4.820","4.750","4.830","4.600","2.55%"
"2013-11-3","4.700","4.700","4.700","4.700","0.00%"
"2013-11-1","4.700","4.810","4.830","4.660","0.00%"
"2013-10-31","4.700","4.810","4.830","4.660","-0.84%"
"2013-10-30","4.740","4.700","4.830","4.660","1.72%"
"2013-10-29","4.660","4.780","4.830","4.660","-3.52%"
"2013-10-28","4.830","4.780","4.830","4.660","1.90%"
"2013-10-27","4.740","4.740","4.740","4.740","0.00%"
"2013-10-25","4.740","4.720","4.810","4.660","0.00%"
"2013-10-24","4.740","4.720","4.800","4.660","0.00%"
"2013-10-23","4.740","4.700","4.800","4.660","1.72%"
"2013-10-22","4.660","4.750","4.770","4.650","-0.85%"
"2013-10-21","4.700","4.670","4.770","4.660","0.00%"
"2013-10-18","4.700","4.700","4.770","4.650","0.86%"
"2013-10-17","4.660","4.700","4.770","4.650","-2.31%"
"2013-10-16","4.770","4.770","4.770","4.650","0.85%"
"2013-10-15","4.730","4.700","4.760","4.650","1.50%"
"2013-10-14","4.660","4.660","4.750","4.650","-0.64%"
"2013-10-12","4.690","4.660","4.750","4.650","-0.21%"
"2013-10-11","4.700","4.660","4.750","4.650","0.43%"
"2013-10-10","4.680","4.680","4.750","4.650","-0.43%"
"2013-10-9","4.700","4.700","4.750","4.650","0.43%"
"2013-10-8","4.680","4.500","4.750","4.500","0.00%"
"2013-9-30","4.680","4.660","4.750","4.650","0.00%"
"2013-9-29","4.680","4.660","4.750","4.650","-0.43%"
"2013-9-27","4.700","4.720","4.750","4.660","1.08%"
"2013-9-26","4.650","4.660","4.750","4.650","-1.06%"
"2013-9-25","4.700","4.660","4.750","4.650","0.64%"
"2013-9-24","4.670","4.750","4.750","4.650","0.21%"
"2013-9-23","4.660","4.750","4.750","4.300","6.15%"
"2013-9-22","4.390","4.750","4.750","4.300","-6.60%"
"2013-9-18","4.700","4.500","4.700","4.480","3.30%"
"2013-9-17","4.550","4.500","4.550","4.390","1.11%"
"2013-9-16","4.500","4.350","4.550","4.350","3.21%"
"2013-9-15","4.360","4.360","4.360","4.360","0.00%"
"2013-9-13","4.360","4.300","4.500","4.300","-0.68%"
"2013-9-12","4.390","4.390","4.500","4.300","-0.23%"
"2013-9-11","4.400","4.380","4.500","4.260","0.46%"
"2013-9-10","4.380","4.260","4.420","4.260","0.00%"
"2013-9-9","4.380","4.370","4.420","4.250","1.86%"
"2013-9-8","4.300","4.300","4.300","4.300","0.00%"
"2013-9-7","4.300","4.300","4.300","4.300","0.00%"
"2013-9-6","4.300","4.390","4.420","4.260","-2.05%"
"2013-9-5","4.390","4.310","4.420","4.260","0.00%"
"2013-9-4","4.390","4.330","4.420","4.250","0.60%"
"2013-9-3","4.364","4.370","4.420","4.250","0.09%"
"2013-9-2","4.360","4.370","4.420","4.250","-0.23%"
"2013-9-1","4.370","4.370","4.370","4.370","0.00%"
"2013-8-30","4.370","4.250","4.420","4.250","0.00%"
"2013-8-29","4.370","4.260","4.420","4.250","-0.68%"
"2013-8-28","4.400","4.330","4.420","4.250","0.92%"
"2013-8-27","4.360","4.250","4.420","4.250","2.59%"
"2013-8-26","4.250","4.420","4.420","4.250","-3.41%"
"2013-8-23","4.400","4.330","4.420","4.260","0.00%"
"2013-8-22","4.400","4.420","4.420","4.250","0.82%"
"2013-8-21","4.364","4.420","4.420","4.260","0.55%"
"2013-8-20","4.340","4.300","4.420","4.250","0.00%"
"2013-8-19","4.340","4.260","4.400","4.250","3.33%"
"2013-8-16","4.200","4.300","4.350","4.200","0.48%"
"2013-8-15","4.180","4.290","4.330","4.180","-0.24%"
"2013-8-14","4.190","4.300","4.400","4.130","-4.77%"
"2013-8-13","4.400","4.250","4.400","4.120","6.80%"
"2013-8-12","4.120","4.260","4.400","4.120","0.00%"
"2013-8-11","4.120","4.120","4.120","4.120","0.00%"
"2013-8-10","4.120","4.120","4.120","4.120","0.00%"
"2013-8-9","4.120","4.130","4.400","4.120","-1.67%"
"2013-8-8","4.190","4.260","4.400","4.130","-0.24%"
"2013-8-7","4.200","4.300","4.400","4.130","0.48%"
"2013-8-6","4.180","4.260","4.360","4.130","0.00%"
"2013-8-5","4.180","4.260","4.360","4.130","-1.65%"
"2013-8-2","4.250","4.130","4.360","4.130","2.07%"
"2013-8-1","4.164","4.300","4.360","4.100","-0.62%"
"2013-7-31","4.190","4.300","4.360","4.100","-0.24%"
"2013-7-30","4.200","4.260","4.360","4.130","0.00%"
"2013-7-29","4.200","4.170","4.360","4.130","0.00%"
"2013-7-26","4.200","4.130","4.360","4.130","-1.18%"
"2013-7-25","4.250","4.260","4.360","4.130","1.43%"
"2013-7-24","4.190","4.130","4.360","4.130","0.24%"
"2013-7-23","4.180","4.150","4.360","4.130","0.48%"
"2013-7-22","4.160","4.260","4.360","4.130","-1.19%"
"2013-7-19","4.210","4.350","4.360","4.120","0.48%"
"2013-7-18","4.190","4.300","4.350","4.040","-0.48%"
"2013-7-17","4.210","4.250","4.350","4.040","-3.22%"
"2013-7-16","4.350","4.170","4.350","4.040","2.35%"
"2013-7-15","4.250","4.160","4.350","4.040","2.16%"
"2013-7-12","4.160","4.160","4.350","4.040","-1.19%"
"2013-7-11","4.210","4.160","4.350","4.040","0.48%"
"2013-7-10","4.190","4.150","4.350","4.100","-3.68%"
"2013-7-9","4.350","4.150","4.350","4.100","3.33%"
"2013-7-8","4.210","4.150","4.350","4.100","0.00%"
"2013-7-5","4.210","4.150","4.350","4.100","0.48%"
"2013-7-4","4.190","4.150","4.350","4.100","-3.68%"
"2013-7-3","4.350","4.150","4.350","4.100","4.57%"
"2013-7-2","4.160","4.300","4.350","4.100","0.00%"
"2013-7-1","4.160","4.140","4.260","4.099","-2.12%"
"2013-6-28","4.250","4.140","4.350","4.110","1.19%"
"2013-6-27","4.200","4.140","4.350","4.110","1.45%"
"2013-6-26","4.140","4.140","4.260","4.120","-1.66%"
"2013-6-25","4.210","4.150","4.260","4.120","-0.94%"
"2013-6-24","4.250","4.160","4.260","4.110","1.92%"
"2013-6-23","4.170","4.170","4.170","4.170","0.00%"
"2013-6-21","4.170","4.170","4.210","4.120","0.72%"
"2013-6-20","4.140","4.150","4.200","4.104","-0.96%"
"2013-6-19","4.180","4.140","4.190","4.130","0.48%"
"2013-6-18","4.160","4.140","4.190","4.120","-0.48%"
"2013-6-17","4.180","4.140","4.190","4.130","2.09%"
"2013-6-16","4.095","4.095","4.095","4.095","0.00%"
"2013-6-14","4.095","4.150","4.160","4.095","-4.32%"
"2013-6-13","4.280","4.140","4.280","4.140","3.13%"
"2013-6-9","4.150","4.150","4.190","4.130","-0.95%"
"2013-6-8","4.190","4.150","4.190","4.130","0.96%"
"2013-6-7","4.150","4.140","4.190","4.093","-0.72%"
"2013-6-6","4.180","4.140","4.190","4.130","0.48%"
"2013-6-5","4.160","4.140","4.190","4.093","0.73%"
"2013-6-4","4.130","4.140","4.190","4.091","-0.48%"
"2013-6-3","4.150","4.140","4.210","4.130","0.48%"
"2013-5-31","4.130","4.140","4.200","4.090","-0.48%"
"2013-5-30","4.150","4.200","4.205","4.090","0.48%"
"2013-5-29","4.130","4.140","4.200","4.130","-1.20%"
"2013-5-28","4.180","4.150","4.200","4.140","0.00%"
"2013-5-27","4.180","4.205","4.205","4.140","0.00%"
"2013-5-25","4.180","4.180","4.180","4.180","0.00%"
"2013-5-24","4.180","4.140","4.200","4.089","0.00%"
"2013-5-23","4.180","4.140","4.200","4.089","0.48%"
"2013-5-22","4.160","4.150","4.210","4.140","1.46%"
"2013-5-21","4.100","4.160","4.260","4.100","-2.61%"
"2013-5-20","4.210","4.250","4.260","4.119","1.73%"
"2013-5-19","4.138","4.138","4.138","4.138","0.00%"
"2013-5-18","4.138","4.138","4.138","4.138","0.00%"
"2013-5-17","4.138","4.260","4.300","4.138","-2.17%"
"2013-5-16","4.230","4.190","4.300","4.138","-0.47%"
"2013-5-15","4.250","4.190","4.300","4.138","1.67%"
"2013-5-14","4.180","4.210","4.300","4.138","0.97%"
"2013-5-13","4.140","4.220","4.300","4.140","-1.66%"
"2013-5-10","4.210","4.190","4.350","4.140","0.00%"
"2013-5-9","4.210","4.190","4.350","4.140","0.24%"
"2013-5-8","4.200","4.190","4.300","4.138","0.96%"
"2013-5-7","4.160","4.190","4.350","4.138","-1.19%"
"2013-5-6","4.210","4.190","4.350","4.136","1.59%"
"2013-5-3","4.144","4.190","4.350","4.144","-3.63%"
"2013-5-2","4.300","4.250","4.350","4.144","2.38%"
"2013-4-27","4.200","4.190","4.300","4.144","-1.18%"
"2013-4-26","4.250","4.190","4.300","4.143","0.00%"
"2013-4-25","4.250","4.210","4.300","4.143","1.67%"
"2013-4-24","4.180","4.180","4.310","4.145","-1.18%"
"2013-4-23","4.230","4.190","4.310","4.148","0.95%"
"2013-4-22","4.190","4.300","4.310","4.145","-0.24%"
"2013-4-19","4.200","4.190","4.310","4.146","-1.18%"
"2013-4-18","4.250","4.180","4.310","4.138","0.00%"
"2013-4-17","4.250","4.170","4.310","4.135","1.67%"
"2013-4-16","4.180","4.210","4.310","4.146","-1.65%"
"2013-4-15","4.250","4.190","4.310","4.146","0.00%"
"2013-4-12","4.250","4.190","4.350","4.147","0.00%"
"2013-4-11","4.250","4.160","4.310","4.145","0.00%"
"2013-4-10","4.250","4.250","4.310","4.148","2.16%"
"2013-4-9","4.160","4.200","4.350","4.100","-1.65%"
"2013-4-8","4.230","4.310","4.350","4.153","0.00%"
"2013-4-7","4.230","4.310","4.350","4.156","1.20%"
"2013-4-3","4.180","4.200","4.350","4.159","-3.91%"
"2013-4-2","4.350","4.210","4.350","4.160","2.35%"
"2013-4-1","4.250","4.210","4.350","4.160","1.92%"
"2013-3-29","4.170","4.210","4.350","4.169","-4.14%"
"2013-3-28","4.350","4.350","4.350","4.160","2.84%"
"2013-3-27","4.230","4.220","4.350","4.160","0.95%"
"2013-3-26","4.190","4.220","4.350","4.160","-0.95%"
"2013-3-25","4.230","4.210","4.350","4.160","0.48%"
"2013-3-22","4.210","4.205","4.350","4.160","-0.94%"
"2013-3-21","4.250","4.220","4.350","4.160","0.95%"
"2013-3-20","4.210","4.220","4.350","4.160","-0.24%"
"2013-3-19","4.220","4.220","4.350","4.160","-0.24%"
"2013-3-18","4.230","4.220","4.350","4.160","0.00%"
"2013-3-17","4.230","4.230","4.230","4.230","0.00%"
"2013-3-15","4.230","4.210","4.350","4.160","-0.47%"
"2013-3-14","4.250","4.210","4.350","4.160","0.95%"
"2013-3-13","4.210","4.230","4.350","4.160","-2.09%"
"2013-3-12","4.300","4.210","4.350","4.160","3.37%"
"2013-3-11","4.160","4.210","4.350","4.160","-0.72%"
"2013-3-8","4.190","4.200","4.350","4.160","-3.68%"
"2013-3-7","4.350","4.210","4.350","4.160","2.84%"
"2013-3-6","4.230","4.205","4.350","4.160","0.48%"
"2013-3-5","4.210","4.210","4.350","4.160","-2.09%"
"2013-3-4","4.300","4.220","4.350","4.160","0.00%"
"2013-3-1","4.300","4.220","4.350","4.160","2.38%"
"2013-2-28","4.200","4.220","4.350","4.160","0.96%"
"2013-2-27","4.160","4.220","4.350","4.160","-1.65%"
"2013-2-26","4.230","4.210","4.350","4.160","-0.47%"
"2013-2-25","4.250","4.210","4.350","4.160","-1.85%"
"2013-2-22","4.330","4.210","4.350","4.160","-0.46%"
"2013-2-21","4.350","4.300","4.350","4.160","3.33%"
"2013-2-20","4.210","4.300","4.350","4.160","1.20%"
"2013-2-19","4.160","4.220","4.350","4.160","-3.93%"
"2013-2-18","4.330","4.350","4.350","4.160","3.10%"
"2013-2-17","4.200","4.200","4.350","4.160","-1.18%"
"2013-2-16","4.250","4.350","4.350","4.160","1.19%"
"2013-2-14","4.200","4.200","4.200","4.200","0.00%"
"2013-2-13","4.200","4.200","4.200","4.200","0.00%"
"2013-2-9","4.200","4.200","4.200","4.200","0.00%"
"2013-2-8","4.200","4.210","4.350","4.160","-3.00%"
"2013-2-7","4.330","4.250","4.350","4.160","1.88%"
"2013-2-6","4.250","4.250","4.350","4.160","0.95%"
"2013-2-5","4.210","4.220","4.350","4.160","-0.47%"
"2013-2-4","4.230","4.200","4.350","4.160","0.71%"
"2013-2-1","4.200","4.200","4.350","4.160","-3.00%"
"2013-1-31","4.330","4.200","4.350","4.160","1.64%"
"2013-1-30","4.260","4.250","4.350","4.160","0.95%"
"2013-1-29","4.220","4.250","4.350","4.160","-0.71%"
"2013-1-28","4.250","4.210","4.350","4.160","0.00%"
"2013-1-25","4.250","4.210","4.350","4.160","0.95%"
"2013-1-24","4.210","4.210","4.350","4.160","0.24%"
"2013-1-23","4.200","4.240","4.350","4.160","0.24%"
"2013-1-22","4.190","4.210","4.350","4.160","-0.24%"
"2013-1-21","4.200","4.210","4.350","4.160","-1.18%"
"2013-1-18","4.250","4.250","4.350","4.160","0.71%"
"2013-1-17","4.220","4.240","4.350","4.160","0.48%"
"2013-1-16","4.200","4.220","4.350","4.160","0.96%"
"2013-1-15","4.160","4.220","4.350","4.160","-2.12%"
"2013-1-14","4.250","4.210","4.350","4.160","1.19%"
"2013-1-13","4.200","4.200","4.200","4.200","0.00%"
"2013-1-11","4.200","4.220","4.350","4.160","0.24%"
"2013-1-10","4.190","4.240","4.350","4.160","-1.41%"
"2013-1-9","4.250","4.220","4.350","4.160","1.67%"
"2013-1-8","4.180","4.240","4.350","4.160","-0.24%"
"2013-1-7","4.190","4.200","4.350","4.160","0.72%"
"2013-1-6","4.160","4.240","4.350","4.160","-2.12%"
"2013-1-5","4.250","4.200","4.350","4.160","1.19%"
"2013-1-4","4.200","4.240","4.350","4.160","0.96%"
"2013-1-1","4.160","4.160","4.160","4.160","0.00%"
"2012-12-31","4.160","4.220","4.350","4.160","0.00%"
"2012-12-30","4.160","4.160","4.160","4.160","0.00%"
"2012-12-28","4.160","4.220","4.350","4.160","-0.95%"
"2012-12-27","4.200","4.220","4.350","4.160","0.96%"
"2012-12-26","4.160","4.210","4.350","4.160","-0.72%"
"2012-12-25","4.190","4.220","4.350","4.160","-0.48%"
"2012-12-24","4.210","4.220","4.350","4.160","0.00%"
"2012-12-23","4.210","4.210","4.210","4.210","0.00%"
"2012-12-22","4.210","4.210","4.210","4.210","0.00%"
"2012-12-21","4.210","4.220","4.350","4.160","0.24%"
"2012-12-20","4.200","4.250","4.350","4.160","0.00%"
"2012-12-19","4.200","4.250","4.350","4.160","0.24%"
"2012-12-18","4.190","4.210","4.350","4.160","-1.41%"
"2012-12-17","4.250","4.250","4.350","4.160","1.19%"
"2012-12-14","4.200","4.220","4.350","4.160","0.00%"
"2012-12-13","4.200","4.220","4.350","4.160","-1.18%"
"2012-12-12","4.250","4.200","4.350","4.160","1.43%"
"2012-12-11","4.190","4.210","4.350","4.160","0.24%"
"2012-12-10","4.180","4.210","4.350","4.160","-1.65%"
"2012-12-7","4.250","4.260","4.350","4.160","1.19%"
"2012-12-6","4.200","4.220","4.350","4.170","-0.36%"
"2012-12-5","4.215","4.220","4.350","4.170","0.60%"
"2012-12-4","4.190","4.210","4.350","4.160","-1.41%"
"2012-12-3","4.250","4.230","4.350","4.160","0.00%"
"2012-11-30","4.250","4.250","4.350","4.160","1.19%"
"2012-11-29","4.200","4.240","4.350","4.160","0.00%"
"2012-11-28","4.200","4.215","4.350","4.160","0.96%"
"2012-11-27","4.160","4.250","4.350","4.160","-0.95%"
"2012-11-26","4.200","4.250","4.350","4.160","0.00%"
"2012-11-24","4.200","4.200","4.200","4.200","0.00%"
"2012-11-23","4.200","4.180","4.350","4.160","-1.18%"
"2012-11-22","4.250","4.210","4.350","4.160","1.43%"
"2012-11-21","4.190","4.210","4.350","4.160","-0.71%"
"2012-11-20","4.220","4.220","4.350","4.160","-0.71%"
"2012-11-19","4.250","4.210","4.350","4.160","1.19%"
"2012-11-17","4.200","4.200","4.200","4.200","0.00%"
"2012-11-16","4.200","4.210","4.350","4.160","0.24%"
"2012-11-15","4.190","4.260","4.350","4.160","0.72%"
"2012-11-14","4.160","4.210","4.350","4.160","-0.95%"
"2012-11-13","4.200","4.230","4.350","4.167","-1.18%"
"2012-11-12","4.250","4.210","4.350","4.160","1.19%"
"2012-11-10","4.200","4.200","4.200","4.200","0.00%"
"2012-11-9","4.200","4.210","4.350","4.160","0.96%"
"2012-11-8","4.160","4.210","4.350","4.160","-0.72%"
"2012-11-7","4.190","4.210","4.350","4.160","-0.24%"
"2012-11-6","4.200","4.220","4.350","4.160","-0.47%"
"2012-11-5","4.220","4.230","4.350","4.160","-0.71%"
"2012-11-3","4.250","4.250","4.250","4.250","0.00%"
"2012-11-2","4.250","4.250","4.350","4.160","0.00%"
"2012-11-1","4.250","4.220","4.350","4.160","2.16%"
"2012-10-31","4.160","4.220","4.350","4.160","-1.42%"
"2012-10-30","4.220","4.230","4.350","4.160","0.24%"
"2012-10-29","4.210","4.230","4.350","4.160","0.24%"
"2012-10-27","4.200","4.200","4.200","4.200","0.00%"
"2012-10-26","4.200","4.250","4.350","4.160","0.00%"
"2012-10-25","4.200","4.250","4.350","4.160","-1.18%"
"2012-10-24","4.250","4.230","4.350","4.160","2.16%"
"2012-10-23","4.160","4.200","4.350","4.100","0.00%"
"2012-10-22","4.160","4.200","4.350","4.100","1.46%"
"2012-10-20","4.100","4.100","4.100","4.100","0.00%"
"2012-10-19","4.100","4.250","4.350","4.100","-3.07%"
"2012-10-18","4.230","4.330","4.350","4.160","-2.76%"
"2012-10-17","4.350","4.160","4.350","4.160","4.57%"
"2012-10-16","4.160","4.230","4.330","4.100","1.46%"
"2012-10-15","4.100","4.200","4.350","4.100","-2.38%"
"2012-10-13","4.200","4.200","4.200","4.200","0.00%"
"2012-10-12","4.200","4.200","4.350","4.160","1.20%"
"2012-10-11","4.150","4.239","4.350","4.100","-1.19%"
"2012-10-10","4.200","4.200","4.350","4.100","-0.71%"
"2012-10-9","4.230","4.200","4.350","4.100","3.17%"
"2012-10-8","4.100","4.200","4.350","4.100","-2.38%"
"2012-9-30","4.200","4.200","4.200","4.200","0.00%"
"2012-9-29","4.200","4.200","4.200","4.200","0.00%"
"2012-9-28","4.200","4.210","4.350","4.100","0.00%"
"2012-9-27","4.200","4.220","4.350","4.100","0.00%"
"2012-9-26","4.200","4.160","4.350","4.100","0.96%"
"2012-9-25","4.160","4.190","4.330","4.100","-0.95%"
"2012-9-24","4.200","4.200","4.350","4.100","0.00%"
"2012-9-23","4.200","4.200","4.200","4.200","0.00%"
"2012-9-22","4.200","4.200","4.200","4.200","0.00%"
"2012-9-21","4.200","4.190","4.350","4.100","2.44%"
"2012-9-20","4.100","4.190","4.350","4.100","-1.44%"
"2012-9-19","4.160","4.190","4.350","4.150","-0.95%"
"2012-9-18","4.200","4.180","4.330","4.150","1.20%"
"2012-9-17","4.150","4.200","4.350","4.150","0.00%"
"2012-9-15","4.150","4.150","4.150","4.150","0.00%"
"2012-9-14","4.150","4.220","4.240","4.130","0.00%"
"2012-9-13","4.150","4.150","4.240","4.130","0.00%"
"2012-9-12","4.150","4.190","4.230","4.130","0.00%"
"2012-9-11","4.150","4.190","4.350","4.130","0.00%"
"2012-9-10","4.150","4.190","4.230","4.130","0.00%"
"2012-9-8","4.150","4.150","4.150","4.150","0.00%"
"2012-9-7","4.150","4.180","4.300","4.060","0.00%"
"2012-9-6","4.150","4.150","4.300","4.060","0.00%"
"2012-9-5","4.150","4.120","4.300","4.060","0.00%"
"2012-9-4","4.150","4.180","4.300","4.130","0.00%"
"2012-9-3","4.150","4.150","4.300","4.060","0.00%"
"2012-9-1","4.150","4.150","4.150","4.150","0.00%"
"2012-8-31","4.150","4.190","4.300","4.060","-0.48%"
"2012-8-30","4.170","4.130","4.300","4.060","-2.62%"
"2012-8-29","4.282","4.180","4.300","4.060","4.44%"
"2012-8-28","4.100","4.150","4.300","4.060","-1.20%"
"2012-8-27","4.150","4.180","4.300","4.050","2.47%"
"2012-8-25","4.050","4.050","4.050","4.050","0.00%"
"2012-8-24","4.050","4.150","4.250","4.050","-2.64%"
"2012-8-23","4.160","4.180","4.250","4.060","0.24%"
"2012-8-22","4.150","4.170","4.250","4.060","0.00%"
"2012-8-21","4.150","4.170","4.250","4.060","-0.24%"
"2012-8-20","4.160","4.150","4.230","4.060","0.24%"
"2012-8-17","4.150","4.160","4.250","4.060","0.00%"
"2012-8-16","4.150","4.170","4.250","4.050","0.00%"
"2012-8-15","4.150","4.160","4.250","4.060","0.00%"
"2012-8-14","4.150","4.160","4.200","4.060","0.00%"
"2012-8-13","4.150","4.150","4.200","4.060","0.48%"
"2012-8-10","4.130","4.150","4.200","4.050","-0.48%"
"2012-8-9","4.150","4.170","4.200","4.050","0.73%"
"2012-8-8","4.120","4.150","4.200","4.050","1.73%"
"2012-8-7","4.050","4.140","4.200","4.050","-2.41%"
"2012-8-6","4.150","4.130","4.200","4.050","0.73%"
"2012-8-3","4.120","4.120","4.200","3.950","0.00%"
"2012-8-2","4.120","4.120","4.200","3.950","0.00%"
"2012-8-1","4.120","4.120","4.220","3.950","-0.96%"
"2012-7-31","4.160","4.110","4.220","3.950","2.72%"
"2012-7-30","4.050","4.120","4.220","4.050","-1.70%"
"2012-7-27","4.120","4.220","4.220","3.950","-0.72%"
"2012-7-26","4.150","4.120","4.220","3.950","0.73%"
"2012-7-25","4.120","4.120","4.226","3.950","0.00%"
"2012-7-24","4.120","4.100","4.220","4.050","1.73%"
"2012-7-23","4.050","4.120","4.220","4.050","0.00%"
"2012-7-20","4.050","4.120","4.220","4.050","0.00%"
"2012-7-19","4.050","4.100","4.220","4.050","-1.22%"
"2012-7-18","4.100","4.100","4.220","4.050","0.49%"
"2012-7-17","4.080","4.100","4.220","4.050","2.00%"
"2012-7-16","4.000","4.100","4.200","4.000","-3.61%"
"2012-7-13","4.150","4.100","4.200","4.050","1.47%"
"2012-7-12","4.090","4.100","4.200","4.050","-1.45%"
"2012-7-11","4.150","4.080","4.180","4.050","1.47%"
"2012-7-10","4.090","4.130","4.150","4.050","-1.45%"
"2012-7-6","4.150","4.070","4.230","4.050","1.72%"
"2012-7-5","4.080","4.110","4.250","4.000","-0.49%"
"2012-7-4","4.100","4.080","4.260","4.000","0.00%"
"2012-7-3","4.100","4.080","4.250","4.000","1.23%"
"2012-7-2","4.050","4.080","4.200","4.000","-2.41%"
"2012-6-29","4.150","4.080","4.200","4.000","0.97%"
"2012-6-28","4.110","4.120","4.200","4.000","0.24%"
"2012-6-27","4.100","4.100","4.260","4.050","-1.20%"
"2012-6-26","4.150","4.000","4.260","4.000","2.47%"
"2012-6-25","4.050","4.180","4.250","4.000","-0.49%"
"2012-6-21","4.070","4.180","4.250","4.050","0.49%"
"2012-6-20","4.050","4.110","4.200","4.050","-1.22%"
"2012-6-19","4.100","4.120","4.220","4.050","1.23%"
"2012-6-18","4.050","4.120","4.220","4.050","-1.94%"
"2012-6-15","4.130","4.120","4.220","4.050","-1.20%"
"2012-6-14","4.180","4.100","4.220","4.050","0.00%"
"2012-6-13","4.180","4.080","4.220","4.050","0.00%"
"2012-6-12","4.180","4.120","4.220","4.050","0.48%"
"2012-6-11","4.160","4.150","4.220","4.047","2.72%"
"2012-6-8","4.050","4.180","4.220","4.000","-3.57%"
"2012-6-7","4.200","4.130","4.220","4.050","1.20%"
"2012-6-6","4.150","4.130","4.220","4.050","1.97%"
"2012-6-5","4.070","4.100","4.220","4.050","-2.63%"
"2012-6-4","4.180","4.130","4.220","4.050","2.45%"
"2012-6-1","4.080","4.100","4.220","4.080","-2.86%"
"2012-5-31","4.200","4.130","4.220","4.080","0.48%"
"2012-5-30","4.180","4.190","4.220","4.000","0.00%"
"2012-5-29","4.180","4.080","4.220","4.050","0.00%"
"2012-5-28","4.180","4.110","4.220","4.050","0.00%"
"2012-5-25","4.180","4.120","4.230","4.000","0.00%"
"2012-5-24","4.180","4.120","4.230","4.000","0.00%"
"2012-5-23","4.180","4.120","4.230","4.000","4.50%"
"2012-5-22","4.000","4.110","4.230","4.000","-3.85%"
"2012-5-21","4.160","4.110","4.230","4.050","0.24%"
"2012-5-18","4.150","4.120","4.230","4.050","0.00%"
"2012-5-17","4.150","4.100","4.230","4.050","1.97%"
"2012-5-16","4.070","4.110","4.250","4.070","-3.78%"
"2012-5-15","4.230","4.150","4.250","4.100","0.00%"
"2012-5-14","4.230","4.180","4.250","4.070","1.20%"
"2012-5-11","4.180","4.200","4.260","4.100","-1.18%"
"2012-5-10","4.230","4.200","4.260","4.100","1.20%"
"2012-5-9","4.180","4.220","4.260","4.100","-0.48%"
"2012-5-8","4.200","4.220","4.260","4.070","-0.47%"
"2012-5-7","4.220","4.220","4.260","4.070","1.69%"
"2012-5-4","4.150","4.230","4.300","4.060","-1.89%"
"2012-5-3","4.230","4.200","4.300","4.100","0.00%"
"2012-5-2","4.230","4.200","4.300","4.060","1.68%"
"2012-4-28","4.160","4.160","4.160","4.160","-0.95%"
"2012-4-27","4.200","4.190","4.300","4.070","-0.71%"
"2012-4-26","4.230","4.200","4.300","4.070","1.68%"
"2012-4-25","4.160","4.190","4.300","4.100","-0.48%"
"2012-4-24","4.180","4.200","4.300","4.070","-0.48%"
"2012-4-23","4.200","4.200","4.300","4.070","0.48%"
"2012-4-20","4.180","4.200","4.300","4.060","2.70%"
"2012-4-19","4.070","4.200","4.300","4.070","0.00%"
"2012-4-18","4.070","4.200","4.300","4.070","0.00%"
"2012-4-17","4.070","4.200","4.300","4.060","-2.63%"
"2012-4-16","4.180","4.200","4.300","4.060","2.45%"
"2012-4-13","4.080","4.180","4.300","4.060","-2.39%"
"2012-4-12","4.180","4.160","4.300","4.070","2.45%"
"2012-4-11","4.080","4.160","4.250","4.060","-1.69%"
"2012-4-10","4.150","4.160","4.200","4.060","0.00%"
"2012-4-9","4.150","4.140","4.200","4.060","-0.72%"
"2012-4-6","4.180","4.140","4.300","4.060","0.72%"
"2012-4-5","4.150","4.150","4.300","4.060","-0.72%"
"2012-4-1","4.180","4.180","4.180","4.180","2.45%"
"2012-3-31","4.080","4.080","4.080","4.080","-2.39%"
"2012-3-30","4.180","4.140","4.200","4.060","0.48%"
"2012-3-29","4.160","4.160","4.200","4.060","1.96%"
"2012-3-28","4.080","4.140","4.200","4.060","-0.49%"
"2012-3-27","4.100","4.140","4.200","4.060","0.74%"
"2012-3-26","4.070","4.170","4.200","4.060","-0.25%"
"2012-3-23","4.080","4.150","4.200","4.060","0.49%"
"2012-3-22","4.060","4.150","4.200","4.060","-0.49%"
"2012-3-21","4.080","4.130","4.200","4.060","-2.86%"
"2012-3-20","4.200","4.130","4.200","4.060","1.94%"
"2012-3-19","4.120","4.170","4.200","4.060","0.49%"
"2012-3-16","4.100","4.150","4.200","4.060","-1.44%"
"2012-3-15","4.160","4.140","4.200","4.060","0.00%"
"2012-3-14","4.160","4.140","4.200","4.060","0.24%"
"2012-3-13","4.150","4.130","4.200","4.060","1.72%"
"2012-3-12","4.080","4.160","4.200","4.060","-0.68%"
"2012-3-9","4.108","4.120","4.200","4.060","0.69%"
"2012-3-8","4.080","4.150","4.200","3.950","3.29%"
"2012-3-7","3.950","4.130","4.200","3.950","-3.66%"
"2012-3-6","4.100","4.140","4.200","4.050","0.49%"
"2012-3-5","4.080","4.140","4.200","4.050","0.00%"
"2012-3-2","4.080","4.150","4.200","4.050","-2.86%"
"2012-3-1","4.200","4.130","4.200","4.050","2.94%"
"2012-2-29","4.080","4.120","4.200","3.950","-0.49%"
"2012-2-28","4.100","4.120","4.200","4.044","1.23%"
"2012-2-27","4.050","4.100","4.200","4.030","-0.49%"
"2012-2-24","4.070","4.100","4.200","4.000","0.49%"
"2012-2-23","4.050","4.100","4.200","3.950","-1.70%"
"2012-2-22","4.120","4.100","4.200","3.950","0.24%"
"2012-2-21","4.110","4.090","4.200","3.950","1.48%"
"2012-2-20","4.050","4.110","4.200","3.950","-1.44%"
"2012-2-17","4.109","4.100","4.200","3.950","-0.02%"
"2012-2-16","4.110","4.100","4.200","4.044","-2.14%"
"2012-2-15","4.200","4.090","4.200","3.950","2.19%"
"2012-2-14","4.110","4.090","4.200","4.044","0.24%"
"2012-2-13","4.100","4.100","4.200","3.950","0.49%"
"2012-2-10","4.080","4.100","4.200","3.950","-2.39%"
"2012-2-9","4.180","4.100","4.180","3.950","3.21%"
"2012-2-8","4.050","4.090","4.200","4.020","-0.74%"
"2012-2-7","4.080","4.090","4.150","4.050","0.00%"
"2012-2-6","4.080","4.090","4.150","3.950","0.74%"
"2012-2-3","4.050","4.070","4.140","3.950","-0.74%"
"2012-2-2","4.080","4.070","4.180","3.950","0.00%"
"2012-2-1","4.080","4.050","4.150","4.050","0.74%"
"2012-1-31","4.050","4.060","4.200","3.900","0.00%"
"2012-1-30","4.050","4.050","4.150","3.900","-0.74%"
"2012-1-29","4.080","4.080","4.080","4.080","0.74%"
"2012-1-21","4.050","4.050","4.050","4.050","-0.74%"
"2012-1-20","4.080","4.050","4.150","3.950","0.89%"
"2012-1-19","4.044","4.060","4.150","3.950","-0.88%"
"2012-1-18","4.080","4.050","4.200","3.950","0.89%"
"2012-1-17","4.044","4.050","4.150","3.950","-0.88%"
"2012-1-16","4.080","4.040","4.200","3.950","0.74%"
"2012-1-13","4.050","4.040","4.200","3.950","-1.22%"
"2012-1-12","4.100","4.040","4.200","3.950","1.99%"
"2012-1-11","4.020","4.030","4.200","3.950","-1.47%"
"2012-1-10","4.080","4.060","4.200","3.900","-2.39%"
"2012-1-9","4.180","4.050","4.200","3.900","2.70%"
"2012-1-6","4.070","4.060","4.200","3.950","-1.93%"
"2012-1-5","4.150","4.080","4.200","3.950","1.97%"
"2012-1-4","4.070","4.070","4.200","3.950","-0.25%"
"2011-12-31","4.080","4.080","4.080","4.080","-2.86%"
"2011-12-30","4.200","4.060","4.200","3.950","0.00%"
"2011-12-29","4.200","4.060","4.200","3.950","3.19%"
"2011-12-28","4.070","4.060","4.200","3.950","-0.73%"
"2011-12-27","4.100","4.050","4.200","3.950","-2.38%"
"2011-12-26","4.200","4.070","4.200","3.950","1.67%"
"2011-12-23","4.131","4.060","4.200","4.050","-1.64%"
"2011-12-22","4.200","4.070","4.200","3.950","2.44%"
"2011-12-21","4.100","4.060","4.200","3.950","-1.91%"
"2011-12-20","4.180","4.060","4.200","3.950","0.00%"
"2011-12-19","4.180","4.060","4.200","3.950","2.45%"
"2011-12-16","4.080","4.090","4.200","3.950","-2.86%"
"2011-12-15","4.200","4.090","4.250","3.950","1.67%"
"2011-12-14","4.131","4.110","4.200","3.950","-1.64%"
"2011-12-13","4.200","4.090","4.200","3.950","2.24%"
"2011-12-12","4.108","4.080","4.200","3.950","-2.19%"
"2011-12-9","4.200","4.080","4.200","3.950","3.19%"
"2011-12-8","4.070","4.000","4.250","3.950","0.25%"
"2011-12-7","4.060","4.150","4.250","3.950","-0.25%"
"2011-12-6","4.070","4.070","4.300","3.950","-2.63%"
"2011-12-5","4.180","4.080","4.350","3.950","0.00%"
"2011-12-2","4.180","4.080","4.300","4.030","-0.48%"
"2011-12-1","4.200","4.170","4.300","3.980","-0.71%"
"2011-11-30","4.230","4.160","4.300","4.100","0.00%"
"2011-11-29","4.230","4.160","4.300","4.100","0.00%"
"2011-11-28","4.230","4.150","4.350","4.000","2.92%"
"2011-11-25","4.110","4.150","4.300","4.000","-2.84%"
"2011-11-24","4.230","4.140","4.300","4.000","-1.63%"
"2011-11-23","4.300","4.160","4.300","4.050","3.61%"
"2011-11-22","4.150","4.160","4.300","4.050","-3.49%"
"2011-11-21","4.300","4.150","4.300","4.050","4.88%"
"2011-11-18","4.100","4.150","4.350","4.050","-0.97%"
"2011-11-17","4.140","4.140","4.360","4.050","-1.43%"
"2011-11-16","4.200","4.150","4.350","4.000","0.48%"
"2011-11-15","4.180","4.140","4.360","4.000","0.00%"
"2011-11-14","4.180","4.140","4.380","4.100","0.97%"
"2011-11-11","4.140","4.130","4.380","4.100","-0.96%"
"2011-11-10","4.180","4.150","4.350","4.150","0.00%"
"2011-11-9","4.180","4.170","4.380","4.162","-0.95%"
"2011-11-8","4.220","4.190","4.380","4.100","0.96%"
"2011-11-7","4.180","4.180","4.380","4.162","-1.65%"
"2011-11-4","4.250","4.180","4.470","4.180","-0.23%"
"2011-11-3","4.260","4.210","4.400","4.180","-3.18%"
"2011-11-2","4.400","4.200","4.400","4.190","2.56%"
"2011-11-1","4.290","4.230","4.470","4.200","0.00%"
"2011-10-31","4.290","4.240","4.400","4.200","-2.50%"
"2011-10-28","4.400","4.250","4.400","4.250","0.00%"
"2011-10-27","4.400","4.250","4.400","4.200","2.33%"
"2011-10-26","4.300","4.260","4.450","4.200","0.00%"
"2011-10-25","4.300","4.260","4.470","4.220","-2.27%"
"2011-10-24","4.400","4.270","4.580","4.220","1.62%"
"2011-10-21","4.330","4.270","4.500","4.266","-1.95%"
"2011-10-20","4.416","4.290","4.580","4.266","2.22%"
"2011-10-19","4.320","4.300","4.500","4.220","-0.23%"
"2011-10-18","4.330","4.330","4.580","4.280","0.70%"
"2011-10-17","4.300","4.350","4.580","4.220","-1.83%"
"2011-10-14","4.380","4.350","4.600","4.300","0.00%"
"2011-10-13","4.380","4.350","4.500","4.300","-0.45%"
"2011-10-12","4.400","4.360","4.600","4.300","0.46%"
"2011-10-11","4.380","4.380","4.530","4.300","-0.45%"
"2011-10-10","4.400","4.400","4.600","4.320","-3.30%"
"2011-10-9","4.550","4.550","4.550","4.550","0.00%"
"2011-10-8","4.550","4.550","4.550","4.550","3.41%"
"2011-9-30","4.400","4.430","4.640","4.397","-1.12%"
"2011-9-29","4.450","4.440","4.600","4.350","0.00%"
"2011-9-28","4.450","4.420","4.640","4.400","0.00%"
"2011-9-27","4.450","4.430","4.640","4.400","0.00%"
"2011-9-26","4.450","4.450","4.600","4.270","-2.20%"
"2011-9-23","4.550","4.500","4.640","4.470","0.00%"
"2011-9-22","4.550","4.500","4.640","4.397","0.44%"
"2011-9-21","4.530","4.500","4.640","4.400","-0.44%"
"2011-9-20","4.550","4.500","4.640","4.400","0.22%"
"2011-9-19","4.540","4.490","4.640","4.397","0.89%"
"2011-9-16","4.500","4.480","4.677","4.470","-0.66%"
"2011-9-15","4.530","4.470","4.677","4.470","0.67%"
"2011-9-14","4.500","4.470","4.677","4.400","-1.10%"
"2011-9-13","4.550","4.480","4.640","4.480","0.00%"
"2011-9-9","4.550","4.490","4.640","4.400","-0.46%"
"2011-9-8","4.571","4.500","4.640","4.397","0.24%"
"2011-9-7","4.560","4.540","4.640","4.397","0.22%"
"2011-9-6","4.550","4.540","4.640","4.356","0.00%"
"2011-9-5","4.550","4.510","4.640","4.356","2.22%"
"2011-9-2","4.451","4.510","4.650","4.400","-1.74%"
"2011-9-1","4.530","4.530","4.650","4.400","-1.52%"
"2011-8-31","4.600","4.540","4.650","4.400","-0.43%"
"2011-8-30","4.620","4.540","4.650","4.400","5.00%"
"2011-8-29","4.400","4.640","4.650","4.400","-2.65%"
"2011-8-26","4.520","4.510","4.650","4.400","-2.16%"
"2011-8-25","4.620","4.640","4.650","4.400","0.43%"
"2011-8-24","4.600","4.550","4.650","4.356","1.77%"
"2011-8-23","4.520","4.520","4.650","4.397","0.00%"
"2011-8-22","4.520","4.520","4.650","4.400","-1.12%"
"2011-8-19","4.571","4.530","4.650","4.397","3.96%"
"2011-8-18","4.397","4.550","4.650","4.397","-3.79%"
"2011-8-17","4.570","4.510","4.650","4.400","3.93%"
"2011-8-16","4.397","4.510","4.650","4.397","-4.41%"
"2011-8-15","4.600","4.550","4.650","4.400","4.62%"
"2011-8-12","4.397","4.530","4.700","4.397","-2.29%"
"2011-8-11","4.500","4.550","4.650","4.400","-2.39%"
"2011-8-10","4.610","4.570","4.700","4.500","2.44%"
"2011-8-9","4.500","4.610","4.650","4.400","0.00%"
"2011-8-8","4.500","4.600","4.737","4.500","0.00%"
"2011-8-5","4.500","4.640","4.700","4.500","-1.10%"
"2011-8-4","4.550","4.610","4.700","4.400","0.00%"
"2011-8-3","4.550","4.600","4.650","4.436","1.11%"
"2011-8-2","4.500","4.560","4.630","4.500","-0.11%"
"2011-8-1","4.505","4.630","4.630","4.505","-0.33%"
"2011-7-29","4.520","4.620","4.650","4.450","0.44%"
"2011-7-28","4.500","4.560","4.650","4.400","-1.10%"
"2011-7-27","4.550","4.560","4.611","4.270","0.00%"
"2011-7-26","4.550","4.550","4.609","4.391","0.66%"
"2011-7-25","4.520","4.600","4.609","4.400","-0.66%"
"2011-7-22","4.550","4.570","4.603","4.391","0.66%"
"2011-7-21","4.520","4.588","4.600","4.450","-0.66%"
"2011-7-20","4.550","4.584","4.584","4.391","1.11%"
"2011-7-19","4.500","4.520","4.584","4.391","2.27%"
"2011-7-18","4.400","4.500","4.604","4.391","-2.44%"
"2011-7-15","4.510","4.500","4.550","4.391","0.67%"
"2011-7-14","4.480","4.490","4.550","4.391","-0.88%"
"2011-7-13","4.520","4.500","4.550","4.391","0.89%"
"2011-7-12","4.480","4.520","4.550","4.391","-0.44%"
"2011-7-11","4.500","4.500","4.550","4.391","0.00%"
"2011-7-8","4.500","4.460","4.550","4.391","-1.10%"
"2011-7-7","4.550","4.501","4.550","4.391","0.66%"
"2011-7-6","4.520","4.520","4.581","4.371","1.57%"
"2011-7-5","4.450","4.520","4.581","4.320","-1.11%"
"2011-7-4","4.500","4.520","4.581","4.371","-1.10%"
"2011-7-1","4.550","4.510","4.590","4.290","1.11%"
"2011-6-30","4.500","4.520","4.581","4.270","0.00%"
"2011-6-29","4.500","4.550","4.590","4.270","4.41%"
"2011-6-28","4.310","4.510","4.590","4.270","-3.06%"
"2011-6-27","4.446","4.550","4.550","4.270","-0.54%"
"2011-6-24","4.470","4.440","4.580","4.270","1.11%"
"2011-6-23","4.421","4.404","4.550","4.270","1.38%"
"2011-6-22","4.361","4.397","4.550","4.270","1.42%"
"2011-6-21","4.300","4.309","4.500","4.270","0.00%"
"2011-6-20","4.300","4.300","4.450","4.270","0.00%"
"2011-6-17","4.300","4.400","4.500","4.270","0.00%"
"2011-6-16","4.300","4.420","4.500","4.270","-2.27%"
"2011-6-15","4.400","4.360","4.430","4.260","0.00%"
"2011-6-14","4.400","4.320","4.430","4.260","1.38%"
"2011-6-13","4.340","4.350","4.480","4.260","0.93%"
"2011-6-10","4.300","4.320","4.471","4.260","0.00%"
"2011-6-9","4.300","4.350","4.460","4.260","-0.46%"
"2011-6-8","4.320","4.370","4.451","4.260","0.47%"
"2011-6-7","4.300","4.316","4.451","4.260","0.00%"
"2011-6-3","4.300","4.371","4.452","4.260","0.00%"
"2011-6-2","4.300","4.320","4.400","4.260","-0.46%"
"2011-6-1","4.320","4.368","4.440","4.260","0.47%"
"2011-5-31","4.300","4.356","4.429","4.260","-0.46%"
"2011-5-30","4.320","4.300","4.439","4.260","0.23%"
"2011-5-27","4.310","4.361","4.441","4.260","0.23%"
"2011-5-26","4.300","4.300","4.440","4.260","0.00%"
"2011-5-25","4.300","4.341","4.409","4.260","0.47%"
"2011-5-24","4.280","4.310","4.400","4.260","-2.53%"
"2011-5-23","4.391","4.290","4.406","4.260","0.00%"
"2011-5-20","4.391","4.300","4.400","4.260","2.12%"
"2011-5-19","4.300","4.280","4.400","4.260","0.70%"
"2011-5-18","4.270","4.300","4.400","4.270","-1.16%"
"2011-5-17","4.320","4.300","4.400","4.270","-1.82%"
"2011-5-16","4.400","4.270","4.400","4.265","3.17%"
"2011-5-13","4.265","4.260","4.400","4.260","-0.58%"
"2011-5-12","4.290","4.290","4.400","4.255","-0.23%"
"2011-5-11","4.300","4.270","4.400","4.270","0.23%"
"2011-5-10","4.290","4.290","4.400","4.270","-2.30%"
"2011-5-9","4.391","4.270","4.400","4.270","1.64%"
"2011-5-6","4.320","4.290","4.400","4.270","0.47%"
"2011-5-5","4.300","4.290","4.400","4.270","0.23%"
"2011-5-4","4.290","4.290","4.417","4.270","-0.69%"
"2011-5-3","4.320","4.300","4.400","4.270","0.23%"
"2011-4-29","4.310","4.280","4.400","4.270","0.47%"
"2011-4-28","4.290","4.280","4.400","4.270","0.00%"
"2011-4-27","4.290","4.300","4.400","4.270","-2.30%"
"2011-4-26","4.391","4.300","4.400","4.270","2.35%"
"2011-4-25","4.290","4.300","4.400","4.270","-2.50%"
"2011-4-22","4.400","4.320","4.400","4.270","0.00%"
"2011-4-21","4.400","4.300","4.400","4.270","2.33%"
"2011-4-20","4.300","4.300","4.423","4.270","0.00%"
"2011-4-19","4.300","4.300","4.400","4.270","-0.69%"
"2011-4-18","4.330","4.300","4.400","4.270","1.17%"
"2011-4-15","4.280","4.310","4.400","4.270","-0.47%"
"2011-4-14","4.300","4.310","4.400","4.270","0.23%"
"2011-4-13","4.290","4.300","4.400","4.270","-0.92%"
"2011-4-12","4.330","4.300","4.400","4.270","0.93%"
"2011-4-11","4.290","4.290","4.400","4.270","-0.92%"
"2011-4-8","4.330","4.350","4.400","4.270","-0.46%"
"2011-4-7","4.350","4.350","4.400","4.280","-0.93%"
"2011-4-6","4.391","4.300","4.400","4.280","0.94%"
"2011-4-2","4.350","4.350","4.350","4.350","1.64%"
"2011-4-1","4.280","4.320","4.400","4.280","-2.73%"
"2011-3-31","4.400","4.350","4.400","4.280","0.00%"
"2011-3-30","4.400","4.350","4.400","4.280","0.69%"
"2011-3-29","4.370","4.330","4.391","4.280","1.63%"
"2011-3-28","4.300","4.300","4.391","4.280","-1.60%"
"2011-3-25","4.370","4.300","4.400","4.280","1.16%"
"2011-3-24","4.320","4.300","4.400","4.280","0.93%"
"2011-3-23","4.280","4.330","4.400","4.280","0.00%"
"2011-3-22","4.280","4.310","4.400","4.280","-2.51%"
"2011-3-21","4.390","4.300","4.400","4.280","2.09%"
"2011-3-18","4.300","4.280","4.400","4.280","-1.15%"
"2011-3-17","4.350","4.350","4.400","4.280","1.16%"
"2011-3-16","4.300","4.350","4.400","4.270","0.00%"
"2011-3-15","4.300","4.290","4.400","4.280","-0.69%"
"2011-3-14","4.330","4.300","4.400","4.280","-0.23%"
"2011-3-11","4.340","4.350","4.400","4.280","-1.36%"
"2011-3-10","4.400","4.350","4.400","4.280","1.85%"
"2011-3-9","4.320","4.350","4.400","4.280","-1.59%"
"2011-3-8","4.390","4.350","4.400","4.280","2.09%"
"2011-3-7","4.300","4.320","4.400","4.280","0.47%"
"2011-3-4","4.280","4.350","4.400","4.280","-0.47%"
"2011-3-3","4.300","4.350","4.400","4.280","0.00%"
"2011-3-2","4.300","4.290","4.400","4.280","-1.15%"
"2011-3-1","4.350","4.300","4.480","4.280","-1.14%"
"2011-2-28","4.400","4.300","4.480","4.280","1.85%"
"2011-2-25","4.320","4.280","4.480","4.280","0.00%"
"2011-2-24","4.320","4.370","4.400","4.280","0.00%"
"2011-2-23","4.320","4.400","4.480","4.230","2.13%"
"2011-2-22","4.230","4.300","4.480","4.230","-1.63%"
"2011-2-21","4.300","4.400","4.480","4.230","-2.05%"
"2011-2-18","4.390","4.390","4.500","4.230","-0.23%"
"2011-2-17","4.400","4.340","4.500","4.230","1.15%"
"2011-2-16","4.350","4.360","4.500","4.230","2.84%"
"2011-2-15","4.230","4.400","4.500","4.230","0.00%"
"2011-2-14","4.230","4.350","4.500","4.230","-3.86%"
"2011-2-12","4.400","4.400","4.400","4.400","1.15%"
"2011-2-11","4.350","4.350","4.500","4.230","-0.23%"
"2011-2-10","4.360","4.450","4.500","4.230","-3.11%"
"2011-2-9","4.500","4.480","4.500","4.230","4.65%"
"2011-2-1","4.300","4.340","4.400","4.200","0.23%"
"2011-1-31","4.290","4.420","4.420","4.200","-1.38%"
"2011-1-30","4.350","4.350","4.350","4.350","1.64%"
"2011-1-28","4.280","4.420","4.420","4.200","-0.23%"
"2011-1-27","4.290","4.350","4.420","4.200","0.94%"
"2011-1-26","4.250","4.280","4.420","4.200","-1.62%"
"2011-1-25","4.320","4.350","4.420","4.200","1.65%"
"2011-1-24","4.250","4.420","4.420","4.230","0.00%"
"2011-1-21","4.250","4.310","4.420","4.200","-0.93%"
"2011-1-20","4.290","4.310","4.420","4.200","-0.69%"
"2011-1-19","4.320","4.320","4.420","4.200","1.65%"
"2011-1-18","4.250","4.300","4.420","4.200","0.00%"
"2011-1-17","4.250","4.290","4.420","4.200","-3.41%"
"2011-1-14","4.400","4.290","4.420","4.200","3.53%"
"2011-1-13","4.250","4.260","4.420","4.200","-1.16%"
"2011-1-12","4.300","4.300","4.420","4.200","0.00%"
"2011-1-11","4.300","4.280","4.400","4.200","2.63%"
"2011-1-10","4.190","4.270","4.400","4.190","-2.10%"
"2011-1-7","4.280","4.350","4.420","4.190","0.71%"
"2011-1-6","4.250","4.300","4.400","4.190","0.47%"
"2011-1-5","4.230","4.350","4.400","4.200","0.00%"
"2011-1-4","4.230","4.290","4.420","4.200","-0.47%"
"2010-12-31","4.250","4.350","4.420","4.200","-2.97%"
"2010-12-30","4.380","4.450","4.450","4.200","0.00%"
"2010-12-29","4.380","4.290","4.450","4.200","1.15%"
"2010-12-28","4.330","4.300","4.420","4.200","2.36%"
"2010-12-27","4.230","4.240","4.420","4.200","-0.47%"
"2010-12-24","4.250","4.270","4.450","4.200","0.95%"
"2010-12-23","4.210","4.210","4.210","4.210","-0.47%"
"2010-12-22","4.230","4.300","4.450","4.200","-0.47%"
"2010-12-21","4.250","4.250","4.450","4.200","0.95%"
"2010-12-20","4.210","4.300","4.450","4.200","-0.47%"
"2010-12-17","4.230","4.250","4.450","4.230","-1.63%"
"2010-12-16","4.300","4.280","4.420","4.200","0.70%"
"2010-12-15","4.270","4.290","4.450","4.210","-0.23%"
"2010-12-14","4.280","4.340","4.450","4.200","0.71%"
"2010-12-13","4.250","4.290","4.450","4.250","-1.16%"
"2010-12-10","4.300","4.280","4.450","4.200","1.65%"
"2010-12-9","4.230","4.390","4.450","4.210","-0.47%"
"2010-12-8","4.250","4.450","4.450","4.210","0.00%"
"2010-12-7","4.250","4.390","4.420","4.230","-2.30%"
"2010-12-6","4.350","4.400","4.450","4.230","2.84%"
"2010-12-3","4.230","4.370","4.500","4.230","-3.86%"
"2010-12-2","4.400","4.390","4.500","4.230","4.02%"
"2010-12-1","4.230","4.380","4.500","4.220","-2.76%"
"2010-11-30","4.350","4.410","4.500","4.220","-1.14%"
"2010-11-29","4.400","4.410","4.500","4.200","0.92%"
"2010-11-26","4.360","4.450","4.450","4.200","3.07%"
"2010-11-25","4.230","4.450","4.450","4.200","-3.86%"
"2010-11-24","4.400","4.350","4.450","4.190","3.53%"
"2010-11-23","4.250","4.350","4.450","4.190","1.19%"
"2010-11-22","4.200","4.400","4.450","4.150","-3.45%"
"2010-11-19","4.350","4.290","4.400","4.140","5.07%"
"2010-11-18","4.140","4.400","4.400","4.140","-2.59%"
"2010-11-17","4.250","4.330","4.400","4.200","0.71%"
"2010-11-16","4.220","4.330","4.400","4.200","-0.71%"
"2010-11-15","4.250","4.320","4.400","4.080","0.71%"
"2010-11-12","4.220","4.250","4.400","4.050","-2.54%"
"2010-11-11","4.330","4.200","4.330","4.050","3.84%"
"2010-11-10","4.170","4.170","4.330","4.080","-0.71%"
"2010-11-9","4.200","4.210","4.320","4.080","0.00%"
"2010-11-8","4.200","4.210","4.350","4.050","4.74%"
"2010-11-5","4.010","4.100","4.300","4.000","-3.61%"
"2010-11-4","4.160","4.170","4.300","4.000","0.24%"
"2010-11-3","4.150","4.140","4.300","4.000","3.49%"
"2010-11-2","4.010","4.140","4.300","4.000","-2.20%"
"2010-11-1","4.100","4.150","4.250","4.000","0.00%"
"2010-10-29","4.100","4.020","4.200","4.000","-0.73%"
"2010-10-28","4.130","4.130","4.200","4.000","2.99%"
"2010-10-27","4.010","4.140","4.300","4.000","-2.20%"
"2010-10-26","4.100","4.158","4.250","4.000","2.24%"
"2010-10-25","4.010","4.110","4.200","4.000","0.25%"
"2010-10-22","4.000","4.150","4.250","4.000","0.00%"
"2010-10-21","4.000","4.040","4.300","4.000","-0.25%"
"2010-10-20","4.010","4.020","4.300","3.980","0.00%"
"2010-10-19","4.010","4.050","4.100","3.960","0.00%"
"2010-10-18","4.010","4.020","4.100","3.970","-1.01%"
"2010-10-15","4.051","4.000","4.100","3.970","1.28%"
"2010-10-14","4.000","4.020","4.100","3.970","-0.25%"
"2010-10-13","4.010","4.030","4.100","3.970","0.25%"
"2010-10-12","4.000","4.030","4.080","3.970","0.25%"
"2010-10-11","3.990","4.020","4.080","3.960","0.50%"
"2010-10-9","3.970","3.970","3.970","3.970","-0.25%"
"2010-10-8","3.980","4.000","4.080","3.960","-2.21%"
"2010-9-30","4.070","3.970","4.080","3.970","2.52%"
"2010-9-29","3.970","4.010","4.080","3.970","-0.50%"
"2010-9-28","3.990","3.970","4.080","3.970","-1.48%"
"2010-9-27","4.050","3.970","4.080","3.960","1.50%"
"2010-9-26","3.990","3.990","3.990","3.990","-0.75%"
"2010-9-25","4.020","4.020","4.020","4.020","-0.74%"
"2010-9-21","4.050","3.970","4.080","3.960","2.27%"
"2010-9-20","3.960","4.020","4.080","3.960","-1.00%"
"2010-9-19","4.000","4.000","4.000","4.000","0.00%"
"2010-9-17","4.000","4.000","4.000","4.000","-0.25%"
"2010-9-16","4.010","4.010","4.010","4.010","0.50%"
"2010-9-15","3.990","3.990","3.990","3.990","0.25%"
"2010-9-14","3.980","3.980","3.980","3.980","-0.75%"
"2010-9-13","4.010","4.010","4.010","4.010","1.26%"
"2010-9-10","3.960","3.960","3.960","3.960","0.00%"
"2010-9-9","3.960","3.960","3.960","3.960","0.00%"
"2010-9-8","3.960","3.960","3.960","3.960","0.00%"
"2010-9-7","3.960","3.960","3.960","3.960","0.00%"
"2010-9-6","3.960","3.960","3.960","3.960","-1.00%"
"2010-9-3","4.000","4.000","4.000","4.000","0.25%"
"2010-9-2","3.990","3.990","3.990","3.990","0.76%"
"2010-9-1","3.960","3.960","3.960","3.960","-0.53%"
"2010-8-31","3.981","3.981","3.981","3.981","0.53%"
"2010-8-30","3.960","3.960","3.960","3.960","-0.75%"
"2010-8-27","3.990","3.990","3.990","3.990","0.50%"
"2010-8-26","3.970","3.970","3.970","3.970","-1.73%"
"2010-8-25","4.040","4.040","4.040","4.040","1.25%"
"2010-8-24","3.990","3.990","3.990","3.990","0.00%"
"2010-8-23","3.990","3.990","3.990","3.990","0.00%"
"2010-8-20","3.990","3.990","3.990","3.990","0.00%"
"2010-8-19","3.990","3.990","3.990","3.990","0.00%"
"2010-8-18","3.990","3.990","3.990","3.990","0.00%"
"2010-8-17","3.990","3.990","3.990","3.990","0.00%"
"2010-8-16","3.990","3.990","3.990","3.990","0.00%"
"2010-8-13","3.990","3.990","3.990","3.990","-0.25%"
"2010-8-12","4.000","4.000","4.000","4.000","-0.50%"
"2010-8-11","4.020","4.020","4.020","4.020","0.75%"
"2010-8-10","3.990","3.990","3.990","3.990","-0.25%"
"2010-8-9","4.000","4.000","4.000","4.000","0.00%"
"2010-8-6","4.000","4.000","4.000","4.000","-0.99%"
"2010-8-5","4.040","4.040","4.040","4.040","1.00%"
"2010-8-4","4.000","4.000","4.000","4.000","-0.50%"
"2010-8-3","4.020","4.020","4.020","4.020","0.00%"
"2010-8-2","4.020","4.020","4.020","4.020","0.50%"
"2010-7-30","4.000","4.000","4.000","4.000","-0.50%"
"2010-7-29","4.020","4.020","4.020","4.020","-0.25%"
"2010-7-28","4.030","4.030","4.030","4.030","0.75%"
"2010-7-27","4.000","4.000","4.000","4.000","-0.99%"
"2010-7-26","4.040","4.040","4.040","4.040","1.00%"
"2010-7-23","4.000","4.000","4.000","4.000","-0.25%"
"2010-7-22","4.010","4.010","4.010","4.010","-0.74%"
"2010-7-21","4.040","4.040","4.040","4.040","2.02%"
"2010-7-20","3.960","3.960","3.960","3.960","-1.00%"
"2010-7-19","4.000","4.000","4.000","4.000","0.25%"
"2010-7-16","3.990","3.990","3.990","3.990","-1.48%"
"2010-7-15","4.050","4.050","4.050","4.050","1.25%"
"2010-7-14","4.000","4.000","4.000","4.000","1.01%"
"2010-7-13","3.960","3.960","3.960","3.960","-1.00%"
"2010-7-12","4.000","4.000","4.000","4.000","0.00%"
"2010-7-9","4.000","4.000","4.000","4.000","-0.50%"
"2010-7-8","4.020","4.020","4.020","4.020","1.52%"
"2010-7-7","3.960","3.960","3.960","3.960","-2.22%"
"2010-7-6","4.050","4.050","4.050","4.050","0.50%"
"2010-7-5","4.030","4.030","4.030","4.030","0.00%"
"2010-7-2","4.030","4.030","4.030","4.030","-1.47%"
"2010-7-1","4.090","4.090","4.090","4.090","-0.73%"
"2010-6-30","4.120","4.120","4.120","4.120","0.73%"
"2010-6-29","4.090","4.090","4.090","4.090","0.00%"
"2010-6-28","4.090","4.090","4.090","4.090","1.49%"
"2010-6-25","4.030","4.030","4.030","4.030","2.81%"
"2010-6-24","3.920","3.920","3.920","3.920","-1.01%"
"2010-6-23","3.960","3.960","3.960","3.960","-4.35%"
"2010-6-22","4.140","4.140","4.140","4.140","4.55%"
"2010-6-21","3.960","3.960","3.960","3.960","-4.35%"
"2010-6-18","4.140","4.140","4.140","4.140","2.73%"
"2010-6-17","4.030","4.030","4.030","4.030","0.00%"
"2010-6-13","4.030","4.030","4.030","4.030","-0.74%"
"2010-6-12","4.060","4.060","4.060","4.060","2.53%"
"2010-6-11","3.960","3.960","3.960","3.960","-2.94%"
"2010-6-10","4.080","4.080","4.080","4.080","0.74%"
"2010-6-9","4.050","4.050","4.050","4.050","-0.25%"
"2010-6-8","4.060","4.060","4.060","4.060","0.50%"
"2010-6-7","4.040","4.040","4.040","4.040","-0.49%"
"2010-6-4","4.060","4.060","4.060","4.060","0.74%"
"2010-6-3","4.030","4.030","4.030","4.030","-0.98%"
"2010-6-2","4.070","4.070","4.070","4.070","-0.97%"
"2010-6-1","4.110","4.110","4.110","4.110","1.23%"
"2010-5-31","4.060","4.060","4.060","4.060","0.25%"
"2010-5-28","4.050","4.050","4.050","4.050","-0.49%"
"2010-5-27","4.070","4.070","4.070","4.070","0.49%"
"2010-5-26","4.050","4.050","4.050","4.050","-0.49%"
"2010-5-25","4.070","4.070","4.070","4.070","-0.73%"
"2010-5-24","4.100","4.100","4.100","4.100","0.00%"
"2010-5-21","4.100","4.100","4.100","4.100","0.99%"
"2010-5-20","4.060","4.060","4.060","4.060","0.25%"
"2010-5-19","4.050","4.050","4.050","4.050","-0.25%"
"2010-5-18","4.060","4.060","4.060","4.060","0.00%"
"2010-5-17","4.060","4.060","4.060","4.060","0.00%"
"2010-5-14","4.060","4.060","4.060","4.060","0.00%"
"2010-5-13","4.060","4.060","4.060","4.060","-1.46%"
"2010-5-12","4.120","4.120","4.120","4.120","0.73%"
"2010-5-11","4.090","4.090","4.090","4.090","-0.73%"
"2010-5-10","4.120","4.120","4.120","4.120","0.49%"
"2010-5-7","4.100","4.100","4.100","4.100","-0.73%"
"2010-5-6","4.130","4.130","4.130","4.130","0.00%"
"2010-5-5","4.130","4.130","4.130","4.130","0.24%"
"2010-5-4","4.120","4.120","4.120","4.120","2.49%"
"2010-4-30","4.020","4.020","4.020","4.020","-2.19%"
"2010-4-29","4.110","4.110","4.110","4.110","-1.91%"
"2010-4-28","4.190","4.190","4.190","4.190","1.45%"
"2010-4-27","4.130","4.130","4.130","4.130","-0.48%"
"2010-4-26","4.150","4.150","4.150","4.150","-2.12%"
"2010-4-23","4.240","4.240","4.240","4.240","0.00%"
"2010-4-22","4.240","4.240","4.240","4.240","0.00%"
"2010-4-21","4.240","4.240","4.240","4.240","0.00%"
"2010-4-20","4.240","4.240","4.240","4.240","-0.24%"
"2010-4-19","4.250","4.250","4.250","4.250","3.66%"
"2010-4-16","4.100","4.100","4.100","4.100","-1.20%"
"2010-4-15","4.150","4.150","4.150","4.150","0.00%"
"2010-4-14","4.150","4.150","4.150","4.150","-2.58%"
"2010-4-13","4.260","4.260","4.260","4.260","2.65%"
"2010-4-12","4.150","4.150","4.150","4.150","0.73%"
"2010-4-9","4.120","4.120","4.120","4.120","0.49%"
"2010-4-8","4.100","4.100","4.100","4.100","0.00%"
"2010-4-7","4.100","4.100","4.100","4.100","0.00%"
"2010-4-6","4.100","4.100","4.100","4.100","-0.49%"
"2010-4-2","4.120","4.120","4.120","4.120","-1.90%"
"2010-4-1","4.200","4.200","4.200","4.200","0.00%"
"2010-3-31","4.200","4.200","4.200","4.200","2.19%"
"2010-3-30","4.110","4.110","4.110","4.110","0.00%"
"2010-3-29","4.110","4.110","4.110","4.110","-0.72%"
"2010-3-26","4.140","4.140","4.140","4.140","0.98%"
"2010-3-25","4.100","4.100","4.100","4.100","-0.24%"
"2010-3-24","4.110","4.110","4.110","4.110","-0.24%"
"2010-3-23","4.120","4.120","4.120","4.120","0.49%"
"2010-3-22","4.100","4.100","4.100","4.100","-2.61%"
"2010-3-19","4.210","4.210","4.210","4.210","0.24%"
"2010-3-18","4.200","4.200","4.200","4.200","2.19%"
"2010-3-17","4.110","4.110","4.110","4.110","-2.14%"
"2010-3-16","4.200","4.200","4.200","4.200","2.94%"
"2010-3-15","4.080","4.080","4.080","4.080","-2.39%"
"2010-3-12","4.180","4.180","4.180","4.180","2.45%"
"2010-3-11","4.080","4.080","4.080","4.080","0.00%"
"2010-3-10","4.080","4.080","4.080","4.080","-0.73%"
"2010-3-9","4.110","4.110","4.110","4.110","-0.48%"
"2010-3-8","4.130","4.130","4.130","4.130","-1.67%"
"2010-3-5","4.200","4.200","4.200","4.200","1.94%"
"2010-3-4","4.120","4.120","4.120","4.120","-1.90%"
"2010-3-3","4.200","4.200","4.200","4.200","-0.24%"
"2010-3-2","4.210","4.210","4.210","4.210","0.24%"
"2010-3-1","4.200","4.200","4.200","4.200","-0.24%"
"2010-2-26","4.210","4.210","4.210","4.210","-1.01%"
"2010-2-25","4.253","4.253","4.253","4.253","0.00%"
"2010-2-24","4.253","4.253","4.253","4.253","1.02%"
"2010-2-23","4.210","4.210","4.210","4.210","0.24%"
"2010-2-22","4.200","4.200","4.200","4.200","2.19%"
"2010-2-21","4.110","4.110","4.110","4.110","-2.14%"
"2010-2-20","4.200","4.200","4.200","4.200","-1.64%"
"2010-2-12","4.270","4.270","4.270","4.270","1.43%"
"2010-2-11","4.210","4.210","4.210","4.210","-1.01%"
"2010-2-10","4.253","4.253","4.253","4.253","1.50%"
"2010-2-9","4.190","4.190","4.190","4.190","-0.24%"
"2010-2-8","4.200","4.200","4.200","4.200","0.00%"
"2010-2-5","4.200","4.200","4.200","4.200","0.00%"
"2010-2-4","4.200","4.200","4.200","4.200","-0.47%"
"2010-2-3","4.220","4.220","4.220","4.220","0.48%"
"2010-2-2","4.200","4.200","4.200","4.200","0.00%"
"2010-2-1","4.200","4.200","4.200","4.200","0.00%"
"2010-1-29","4.200","4.200","4.200","4.200","0.24%"
"2010-1-28","4.190","4.190","4.190","4.190","-0.24%"
"2010-1-27","4.200","4.200","4.200","4.200","0.48%"
"2010-1-26","4.180","4.180","4.180","4.180","-0.48%"
"2010-1-25","4.200","4.200","4.200","4.200","0.00%"
"2010-1-22","4.200","4.200","4.200","4.200","0.00%"
"2010-1-21","4.200","4.200","4.200","4.200","0.00%"
"2010-1-20","4.200","4.200","4.200","4.200","0.00%"
"2010-1-19","4.200","4.200","4.200","4.200","2.19%"
"2010-1-18","4.110","4.110","4.110","4.110","0.00%"
"2010-1-15","4.110","4.110","4.110","4.110","-2.14%"
"2010-1-14","4.200","4.200","4.200","4.200","-1.87%"
"2010-1-13","4.280","4.280","4.280","4.280","1.90%"
"2010-1-12","4.200","4.200","4.200","4.200","0.00%"
"2010-1-11","4.200","4.200","4.200","4.200","0.00%"
"2010-1-8","4.200","4.200","4.200","4.200","0.00%"
"2010-1-7","4.200","4.200","4.200","4.200","0.00%"
"2010-1-6","4.200","4.200","4.200","4.200","0.00%"
"2010-1-5","4.200","4.200","4.200","4.200","0.00%"
"2010-1-4","4.200","4.200","4.200","4.200","0.00%"