"日期","收盘","开盘","高","低","涨跌幅"
"2025-6-6","4.876","4.881","4.887","4.876","-0.08%"
"2025-6-5","4.880","4.882","4.901","4.832","0.00%"
"2025-6-4","4.880","4.973","4.995","4.869","-2.07%"
"2025-6-3","4.983","4.976","4.997","4.931","0.35%"
"2025-6-2","4.965","4.954","5.003","4.948","0.85%"
"2025-5-30","4.923","4.922","4.951","4.902","-0.01%"
"2025-5-29","4.924","4.986","5.033","4.915","-0.96%"
"2025-5-28","4.972","4.953","5.009","4.940","0.46%"
"2025-5-27","4.949","5.030","5.031","4.931","-1.63%"
"2025-5-26","5.031","5.032","5.032","5.030","0.02%"
"2025-5-23","5.030","5.049","5.057","4.978","-0.19%"
"2025-5-22","5.039","5.108","5.161","5.038","-0.87%"
"2025-5-21","5.084","4.965","5.098","4.959","2.42%"
"2025-5-20","4.963","4.904","4.999","4.890","1.19%"
"2025-5-19","4.905","4.960","5.037","4.902","0.04%"
"2025-5-16","4.903","4.901","4.961","4.851","0.24%"
"2025-5-15","4.891","4.981","5.000","4.887","-1.68%"
"2025-5-14","4.975","4.916","4.980","4.894","1.34%"
"2025-5-13","4.909","4.901","4.953","4.885","0.11%"
"2025-5-12","4.904","4.854","4.912","4.830","1.41%"
"2025-5-9","4.835","4.840","4.874","4.818","-0.21%"
"2025-5-8","4.845","4.782","4.862","4.770","1.57%"
"2025-5-7","4.770","4.815","4.816","4.759","-0.62%"
"2025-5-6","4.800","4.862","4.875","4.798","-0.76%"
"2025-5-5","4.837","4.813","4.939","4.784","1.01%"
"2025-5-2","4.788","4.716","4.803","4.697","1.45%"
"2025-5-1","4.720","4.700","4.745","4.650","0.77%"
"2025-4-30","4.684","4.634","4.721","4.603","0.80%"
"2025-4-29","4.647","4.686","4.721","4.635","-0.73%"
"2025-4-28","4.681","4.701","4.759","4.678","-0.83%"
"2025-4-25","4.720","4.779","4.789","4.703","-1.14%"
"2025-4-24","4.774","4.817","4.820","4.761","-1.06%"
"2025-4-23","4.825","4.821","4.842","4.713","-1.11%"
"2025-4-22","4.880","4.902","4.930","4.849","-0.55%"
"2025-4-21","4.906","4.840","4.923","4.835","2.05%"
"2025-4-17","4.808","4.751","4.829","4.742","1.41%"
"2025-4-16","4.741","4.788","4.808","4.735","-0.93%"
"2025-4-15","4.786","4.801","4.848","4.758","-0.55%"
"2025-4-14","4.812","4.895","4.899","4.790","-1.30%"
"2025-4-11","4.875","4.933","4.991","4.816","0.13%"
"2025-4-10","4.869","4.721","4.878","4.662","2.89%"
"2025-4-9","4.732","4.800","5.023","4.701","-0.59%"
"2025-4-8","4.760","4.630","4.769","4.563","2.78%"
"2025-4-7","4.631","4.332","4.658","4.326","4.87%"
"2025-4-4","4.416","4.483","4.486","4.331","-1.33%"
"2025-4-3","4.476","4.440","4.498","4.431","-0.43%"
"2025-4-2","4.495","4.555","4.582","4.466","-0.50%"
"2025-4-1","4.518","4.579","4.584","4.499","-1.30%"
"2025-3-31","4.577","4.600","4.627","4.562","-1.15%"
"2025-3-28","4.630","4.721","4.722","4.627","-1.90%"
"2025-3-27","4.720","4.692","4.755","4.692","0.38%"
"2025-3-26","4.702","4.672","4.709","4.664","0.87%"
"2025-3-25","4.662","4.662","4.703","4.639","-0.08%"
"2025-3-24","4.666","4.604","4.668","4.602","1.62%"
"2025-3-21","4.591","4.557","4.599","4.529","0.71%"
"2025-3-20","4.559","4.543","4.561","4.490","0.13%"
"2025-3-19","4.553","4.593","4.651","4.551","-0.73%"
"2025-3-18","4.587","4.592","4.642","4.569","-0.09%"
"2025-3-17","4.591","4.598","4.626","4.556","-0.74%"
"2025-3-14","4.625","4.598","4.647","4.594","0.74%"
"2025-3-13","4.591","4.638","4.671","4.580","-0.91%"
"2025-3-12","4.634","4.598","4.642","4.563","0.82%"
"2025-3-11","4.596","4.532","4.613","4.491","1.13%"
"2025-3-10","4.545","4.573","4.597","4.514","-1.22%"
"2025-3-7","4.601","4.580","4.623","4.531","0.48%"
"2025-3-6","4.579","4.585","4.635","4.565","0.17%"
"2025-3-5","4.571","4.536","4.582","4.500","0.69%"
"2025-3-4","4.539","4.442","4.549","4.423","1.96%"
"2025-3-3","4.452","4.519","4.545","4.443","-0.71%"
"2025-2-28","4.484","4.536","4.545","4.473","-1.16%"
"2025-2-27","4.537","4.523","4.567","4.519","0.63%"
"2025-2-26","4.508","4.550","4.591","4.504","-1.04%"
"2025-2-25","4.556","4.652","4.654","4.540","-2.13%"
"2025-2-24","4.655","4.695","4.706","4.642","-0.52%"
"2025-2-21","4.680","4.749","4.752","4.650","-1.43%"
"2025-2-20","4.747","4.768","4.773","4.729","-0.39%"
"2025-2-19","4.766","4.773","4.800","4.751","0.00%"
"2025-2-18","4.765","4.721","4.779","4.712","1.43%"
"2025-2-14","4.698","4.742","4.765","4.664","-0.88%"
"2025-2-13","4.740","4.832","4.833","4.722","-1.89%"
"2025-2-12","4.831","4.752","4.863","4.740","1.70%"
"2025-2-11","4.750","4.723","4.756","4.720","0.85%"
"2025-2-10","4.710","4.691","4.721","4.673","0.36%"
"2025-2-7","4.693","4.639","4.714","4.632","1.15%"
"2025-2-6","4.640","4.639","4.672","4.622","-0.04%"
"2025-2-5","4.642","4.759","4.763","4.626","-2.21%"
"2025-2-4","4.746","4.795","4.834","4.743","-0.76%"
"2025-2-3","4.783","4.796","4.799","4.698","-0.22%"
"2025-1-31","4.793","4.768","4.835","4.750","0.64%"
"2025-1-30","4.763","4.775","4.784","4.727","-0.25%"
"2025-1-29","4.774","4.776","4.819","4.750","-0.06%"
"2025-1-28","4.777","4.780","4.815","4.775","0.16%"
"2025-1-27","4.770","4.823","4.826","4.744","-1.51%"
"2025-1-24","4.843","4.867","4.891","4.840","-0.58%"
"2025-1-23","4.871","4.823","4.892","4.813","0.94%"
"2025-1-22","4.826","4.811","4.833","4.781","0.43%"
"2025-1-21","4.805","4.807","4.826","4.774","-1.01%"
"2025-1-17","4.854","4.861","4.861","4.800","0.00%"
"2025-1-16","4.854","4.879","4.911","4.826","-0.50%"
"2025-1-15","4.878","4.971","4.984","4.857","-1.99%"
"2025-1-14","4.977","4.948","5.005","4.940","0.19%"
"2025-1-13","4.968","4.978","4.992","4.938","0.38%"
"2025-1-10","4.949","4.917","5.005","4.917","0.38%"
"2025-1-9","4.930","4.931","4.934","4.877","-0.03%"
"2025-1-8","4.932","4.917","4.968","4.898","0.39%"
"2025-1-7","4.913","4.850","4.926","4.827","1.33%"
"2025-1-6","4.849","4.836","4.861","4.797","0.72%"
"2025-1-3","4.814","4.768","4.821","4.750","0.69%"
"2025-1-2","4.781","4.788","4.815","4.734","-0.08%"
"2024-12-31","4.785","4.728","4.802","4.717","0.74%"
"2024-12-30","4.750","4.826","4.827","4.750","-1.47%"
"2024-12-27","4.821","4.772","4.825","4.760","1.01%"
"2024-12-26","4.773","4.771","4.819","4.755","0.17%"
"2024-12-24","4.764","4.775","4.819","4.756","-0.27%"
"2024-12-23","4.777","4.725","4.785","4.717","1.17%"
"2024-12-20","4.722","4.729","4.752","4.681","-0.33%"
"2024-12-19","4.738","4.678","4.775","4.668","1.22%"
"2024-12-18","4.680","4.585","4.686","4.571","2.07%"
"2024-12-17","4.585","4.600","4.635","4.565","-0.40%"
"2024-12-16","4.604","4.595","4.627","4.576","0.09%"
"2024-12-13","4.600","4.544","4.622","4.532","1.04%"
"2024-12-12","4.553","4.479","4.559","4.476","1.55%"
"2024-12-11","4.483","4.417","4.485","4.405","1.49%"
"2024-12-10","4.418","4.384","4.435","4.375","0.69%"
"2024-12-9","4.387","4.344","4.392","4.321","1.26%"
"2024-12-6","4.333","4.339","4.354","4.303","-0.02%"
"2024-12-5","4.334","4.355","4.379","4.329","-0.35%"
"2024-12-4","4.349","4.410","4.451","4.341","-1.26%"
"2024-12-3","4.404","4.367","4.417","4.342","0.82%"
"2024-12-2","4.369","4.392","4.415","4.342","0.10%"
"2024-11-29","4.365","4.437","4.438","4.361","-1.66%"
"2024-11-27","4.438","4.481","4.488","4.409","-0.59%"
"2024-11-26","4.465","4.470","4.508","4.460","0.03%"
"2024-11-25","4.463","4.534","4.552","4.443","-2.84%"
"2024-11-22","4.594","4.600","4.618","4.569","-0.11%"
"2024-11-21","4.598","4.598","4.628","4.569","0.00%"
"2024-11-20","4.599","4.592","4.628","4.572","0.36%"
"2024-11-19","4.582","4.607","4.612","4.532","-0.54%"
"2024-11-18","4.607","4.624","4.677","4.580","-0.32%"
"2024-11-15","4.622","4.599","4.655","4.578","0.57%"
"2024-11-14","4.596","4.635","4.666","4.555","-0.89%"
"2024-11-13","4.637","4.573","4.645","4.512","1.53%"
"2024-11-12","4.567","4.473","4.588","4.461","2.11%"
"2024-11-8","4.472","4.542","4.553","4.455","-1.27%"
"2024-11-7","4.530","4.337","4.636","4.335","-1.67%"
"2024-11-6","4.607","4.421","4.678","4.421","3.75%"
"2024-11-5","4.440","4.471","4.522","4.435","-0.57%"
"2024-11-4","4.466","4.504","4.522","4.460","-2.50%"
"2024-11-1","4.580","4.479","4.583","4.433","2.45%"
"2024-10-31","4.471","4.498","4.519","4.450","-0.87%"
"2024-10-30","4.510","4.496","4.514","4.431","-0.20%"
"2024-10-29","4.519","4.517","4.583","4.497","-0.24%"
"2024-10-28","4.530","4.524","4.555","4.491","0.69%"
"2024-10-25","4.499","4.470","4.513","4.437","0.72%"
"2024-10-24","4.467","4.523","4.523","4.450","-1.06%"
"2024-10-23","4.515","4.498","4.537","4.493","0.47%"
"2024-10-22","4.494","4.502","4.529","4.464","0.18%"
"2024-10-21","4.486","4.407","4.502","4.384","2.37%"
"2024-10-18","4.382","4.394","4.427","4.363","-0.27%"
"2024-10-17","4.394","4.304","4.400","4.302","2.21%"
"2024-10-16","4.299","4.327","4.333","4.276","-0.67%"
"2024-10-15","4.328","4.397","4.399","4.313","-1.23%"
"2024-10-11","4.382","4.364","4.421","4.352","-0.07%"
"2024-10-10","4.385","4.344","4.411","4.335","1.08%"
"2024-10-9","4.338","4.300","4.355","4.293","0.30%"
"2024-10-8","4.325","4.300","4.342","4.280","0.49%"
"2024-10-7","4.304","4.262","4.312","4.245","0.84%"
"2024-10-4","4.268","4.182","4.275","4.166","2.09%"
"2024-10-3","4.181","4.135","4.192","4.131","1.27%"
"2024-10-2","4.128","4.073","4.168","4.064","1.41%"
"2024-10-1","4.071","4.115","4.124","4.033","-1.28%"
"2024-9-30","4.124","4.106","4.138","4.092","0.44%"
"2024-9-27","4.106","4.130","4.142","4.086","-0.61%"
"2024-9-26","4.131","4.140","4.167","4.111","-0.35%"
"2024-9-25","4.145","4.087","4.150","4.075","1.45%"
"2024-9-24","4.086","4.092","4.154","4.081","-0.24%"
"2024-9-23","4.096","4.071","4.134","4.071","0.31%"
"2024-9-20","4.083","4.049","4.090","4.031","0.72%"
"2024-9-19","4.054","4.031","4.090","4.014","0.57%"
"2024-9-18","4.031","3.953","4.038","3.948","1.81%"
"2024-9-17","3.960","3.929","3.964","3.898","0.72%"
"2024-9-16","3.931","4.001","4.001","3.928","-1.32%"
"2024-9-13","3.984","3.968","4.015","3.952","-0.26%"
"2024-9-12","3.994","3.972","4.021","3.959","0.52%"
"2024-9-11","3.974","3.955","3.988","3.923","0.46%"
"2024-9-10","3.955","4.006","4.022","3.948","-1.19%"
"2024-9-9","4.003","4.045","4.063","3.993","-0.52%"
"2024-9-6","4.024","4.028","4.060","3.954","0.13%"
"2024-9-5","4.019","4.058","4.076","4.014","-1.00%"
"2024-9-4","4.060","4.130","4.135","4.055","-1.54%"
"2024-9-3","4.123","4.219","4.223","4.111","-2.27%"
"2024-9-2","4.219","4.215","4.219","4.215","0.42%"
"2024-8-30","4.201","4.151","4.231","4.127","1.23%"
"2024-8-29","4.150","4.128","4.176","4.104","0.53%"
"2024-8-28","4.128","4.109","4.137","4.096","0.20%"
"2024-8-27","4.120","4.103","4.160","4.099","0.26%"
"2024-8-26","4.110","4.084","4.117","4.071","0.57%"
"2024-8-23","4.086","4.122","4.133","4.079","-1.07%"
"2024-8-22","4.130","4.080","4.151","4.067","1.34%"
"2024-8-21","4.076","4.053","4.097","4.040","0.37%"
"2024-8-20","4.061","4.122","4.138","4.054","-1.54%"
"2024-8-19","4.124","4.160","4.160","4.100","-0.35%"
"2024-8-16","4.138","4.178","4.178","4.132","-0.83%"
"2024-8-15","4.173","4.129","4.226","4.116","1.07%"
"2024-8-14","4.129","4.164","4.199","4.104","-0.76%"
"2024-8-13","4.160","4.199","4.220","4.154","-1.00%"
"2024-8-12","4.202","4.225","4.247","4.188","-0.41%"
"2024-8-9","4.220","4.282","4.282","4.208","-1.31%"
"2024-8-8","4.276","4.236","4.314","4.206","0.55%"
"2024-8-7","4.253","4.179","4.272","4.170","1.48%"
"2024-8-6","4.191","4.110","4.195","4.091","3.06%"
"2024-8-5","4.066","4.106","4.121","3.999","-1.04%"
"2024-8-2","4.109","4.270","4.273","4.100","-4.00%"
"2024-8-1","4.280","4.327","4.336","4.253","-0.59%"
"2024-7-31","4.306","4.408","4.414","4.304","-2.13%"
"2024-7-30","4.399","4.426","4.441","4.386","-0.52%"
"2024-7-29","4.423","4.451","4.452","4.400","-0.71%"
"2024-7-26","4.454","4.487","4.523","4.443","-0.75%"
"2024-7-25","4.488","4.536","4.539","4.459","-1.19%"
"2024-7-24","4.542","4.487","4.552","4.459","1.22%"
"2024-7-23","4.487","4.473","4.488","4.445","0.32%"
"2024-7-22","4.473","4.422","4.496","4.406","0.48%"
"2024-7-19","4.451","4.412","4.461","4.402","0.69%"
"2024-7-18","4.421","4.378","4.424","4.374","1.03%"
"2024-7-17","4.376","4.373","4.402","4.357","0.08%"
"2024-7-16","4.372","4.450","4.450","4.367","-1.95%"
"2024-7-15","4.459","4.400","4.479","4.400","1.35%"
"2024-7-12","4.400","4.419","4.450","4.390","-0.52%"
"2024-7-11","4.423","4.478","4.489","4.376","-1.06%"
"2024-7-10","4.470","4.489","4.504","4.460","-0.42%"
"2024-7-9","4.489","4.466","4.518","4.460","0.59%"
"2024-7-8","4.463","4.489","4.510","4.455","-0.29%"
"2024-7-5","4.476","4.543","4.561","4.464","-1.48%"
"2024-7-4","4.543","4.546","4.546","4.543","0.44%"
"2024-7-3","4.523","4.598","4.608","4.516","-1.83%"
"2024-7-2","4.607","4.622","4.635","4.588","-0.55%"
"2024-7-1","4.633","4.579","4.655","4.555","1.73%"
"2024-6-28","4.554","4.429","4.566","4.413","2.91%"
"2024-6-27","4.425","4.469","4.483","4.416","-0.77%"
"2024-6-26","4.459","4.376","4.464","4.373","1.88%"
"2024-6-25","4.377","4.369","4.391","4.343","0.23%"
"2024-6-24","4.367","4.396","4.417","4.360","-0.67%"
"2024-6-21","4.396","4.400","4.417","4.359","-0.06%"
"2024-6-20","4.399","4.362","4.430","4.361","0.80%"
"2024-6-19","4.364","4.363","4.364","4.363","0.29%"
"2024-6-18","4.352","4.401","4.426","4.344","-1.35%"
"2024-6-17","4.411","4.373","4.434","4.361","1.35%"
"2024-6-14","4.352","4.406","4.422","4.332","-1.10%"
"2024-6-13","4.401","4.469","4.491","4.391","-1.74%"
"2024-6-12","4.479","4.540","4.543","4.418","-1.29%"
"2024-6-11","4.537","4.592","4.594","4.530","-1.31%"
"2024-6-10","4.598","4.571","4.606","4.562","0.99%"
"2024-6-7","4.553","4.442","4.558","4.437","2.65%"
"2024-6-6","4.435","4.441","4.472","4.424","0.10%"
"2024-6-5","4.431","4.476","4.501","4.430","-0.98%"
"2024-6-4","4.474","4.546","4.559","4.466","-1.43%"
"2024-6-3","4.540","4.642","4.645","4.538","-2.38%"
"2024-5-31","4.650","4.681","4.697","4.627","-0.71%"
"2024-5-30","4.683","4.743","4.749","4.674","-1.11%"
"2024-5-29","4.736","4.662","4.756","4.655","1.57%"
"2024-5-28","4.663","4.571","4.668","4.554","2.01%"
"2024-5-27","4.571","4.573","4.574","4.571","-0.04%"
"2024-5-24","4.573","4.583","4.604","4.568","-0.23%"
"2024-5-23","4.583","4.540","4.603","4.529","0.92%"
"2024-5-22","4.542","4.550","4.590","4.538","-0.17%"
"2024-5-21","4.549","4.586","4.592","4.539","-0.75%"
"2024-5-20","4.583","4.555","4.595","4.548","0.48%"
"2024-5-17","4.562","4.510","4.563","4.506","1.01%"
"2024-5-16","4.516","4.497","4.524","4.467","0.23%"
"2024-5-15","4.506","4.592","4.593","4.502","-1.89%"
"2024-5-14","4.592","4.631","4.672","4.585","-0.85%"
"2024-5-13","4.632","4.635","4.642","4.605","-0.23%"
"2024-5-10","4.642","4.612","4.654","4.591","0.65%"
"2024-5-9","4.613","4.645","4.678","4.603","-0.68%"
"2024-5-8","4.644","4.598","4.645","4.594","0.91%"
"2024-5-7","4.602","4.642","4.644","4.568","-0.74%"
"2024-5-6","4.637","4.642","4.675","4.631","-0.50%"
"2024-5-3","4.660","4.723","4.740","4.633","-1.55%"
"2024-5-2","4.734","4.752","4.786","4.716","-0.53%"
"2024-5-1","4.759","4.784","4.800","4.700","-0.53%"
"2024-4-30","4.784","4.732","4.798","4.720","1.13%"
"2024-4-29","4.731","4.766","4.769","4.725","-0.96%"
"2024-4-26","4.777","4.823","4.826","4.754","-0.77%"
"2024-4-25","4.813","4.779","4.846","4.761","0.75%"
"2024-4-24","4.778","4.724","4.800","4.724","1.00%"
"2024-4-23","4.730","4.719","4.756","4.691","0.33%"
"2024-4-22","4.715","4.719","4.756","4.713","0.04%"
"2024-4-19","4.713","4.730","4.739","4.616","-0.48%"
"2024-4-18","4.735","4.702","4.748","4.677","0.68%"
"2024-4-17","4.703","4.775","4.780","4.694","-1.31%"
"2024-4-16","4.766","4.727","4.805","4.706","0.88%"
"2024-4-15","4.724","4.646","4.752","4.635","2.18%"
"2024-4-12","4.623","4.675","4.675","4.588","-1.11%"
"2024-4-11","4.675","4.630","4.685","4.616","1.11%"
"2024-4-10","4.624","4.500","4.646","4.481","2.84%"
"2024-4-9","4.496","4.558","4.562","4.490","-1.20%"
"2024-4-8","4.551","4.563","4.604","4.543","0.00%"
"2024-4-5","4.551","4.469","4.557","4.468","1.81%"
"2024-4-4","4.470","4.504","4.536","4.461","-0.94%"
"2024-4-3","4.512","4.503","4.570","4.488","0.33%"
"2024-4-2","4.497","4.447","4.546","4.444","1.01%"
"2024-4-1","4.452","4.346","4.472","4.345","2.37%"
"2024-3-28","4.349","4.359","4.382","4.327","0.00%"
"2024-3-27","4.349","4.403","4.407","4.346","-1.22%"
"2024-3-26","4.403","4.412","4.435","4.392","-0.37%"
"2024-3-25","4.419","4.373","4.433","4.365","0.90%"
"2024-3-22","4.380","4.434","4.438","4.366","-1.24%"
"2024-3-21","4.435","4.459","4.468","4.407","-0.44%"
"2024-3-20","4.454","4.444","4.490","4.397","0.39%"
"2024-3-19","4.437","4.454","4.464","4.428","-0.33%"
"2024-3-18","4.451","4.430","4.471","4.415","0.46%"
"2024-3-15","4.431","4.439","4.450","4.400","-0.09%"
"2024-3-14","4.435","4.339","4.445","4.339","2.16%"
"2024-3-13","4.341","4.307","4.359","4.292","0.66%"
"2024-3-12","4.312","4.255","4.327","4.241","1.18%"
"2024-3-11","4.262","4.257","4.286","4.226","0.20%"
"2024-3-8","4.254","4.250","4.295","4.221","0.15%"
"2024-3-7","4.247","4.240","4.274","4.190","0.13%"
"2024-3-6","4.241","4.297","4.315","4.229","-1.13%"
"2024-3-5","4.290","4.362","4.363","4.258","-1.43%"
"2024-3-4","4.352","4.337","4.381","4.333","0.48%"
"2024-3-1","4.331","4.384","4.421","4.324","-1.15%"
"2024-2-29","4.382","4.405","4.448","4.357","-0.54%"
"2024-2-28","4.406","4.434","4.443","4.397","-0.50%"
"2024-2-27","4.428","4.399","4.446","4.376","0.66%"
"2024-2-26","4.399","4.374","4.423","4.338","0.74%"
"2024-2-23","4.366","4.468","4.477","4.365","-2.18%"
"2024-2-22","4.464","4.484","4.506","4.449","-0.35%"
"2024-2-21","4.479","4.459","4.496","4.429","0.77%"
"2024-2-20","4.445","4.475","4.476","4.420","-0.65%"
"2024-2-19","4.475","4.478","4.478","4.475","0.85%"
"2024-2-16","4.437","4.415","4.477","4.413","0.55%"
"2024-2-15","4.412","4.432","4.436","4.378","-0.61%"
"2024-2-14","4.439","4.476","4.487","4.428","-0.72%"
"2024-2-13","4.472","4.382","4.473","4.350","2.10%"
"2024-2-12","4.380","4.382","4.400","4.351","0.13%"
"2024-2-9","4.374","4.356","4.386","4.332","0.40%"
"2024-2-8","4.357","4.327","4.383","4.310","0.89%"
"2024-2-7","4.318","4.301","4.338","4.282","0.60%"
"2024-2-6","4.293","4.334","4.353","4.285","-1.15%"
"2024-2-5","4.343","4.244","4.356","4.235","2.81%"
"2024-2-2","4.224","4.122","4.249","4.101","2.49%"
"2024-2-1","4.122","4.183","4.201","4.065","-1.23%"
"2024-1-31","4.173","4.257","4.270","4.168","-1.84%"
"2024-1-30","4.251","4.317","4.325","4.247","-1.48%"
"2024-1-29","4.315","4.378","4.380","4.299","-1.29%"
"2024-1-26","4.372","4.370","4.402","4.343","0.04%"
"2024-1-25","4.370","4.415","4.399","4.354","-0.95%"
"2024-1-24","4.411","4.367","4.422","4.326","1.02%"
"2024-1-23","4.367","4.319","4.396","4.308","1.02%"
"2024-1-22","4.323","4.340","4.343","4.288","-0.31%"
"2024-1-19","4.337","4.372","4.403","4.328","-0.66%"
"2024-1-18","4.365","4.314","4.387","4.292","1.22%"
"2024-1-17","4.313","4.299","4.344","4.267","0.35%"
"2024-1-16","4.297","4.217","4.319","4.214","1.91%"
"2024-1-15","4.217","4.218","4.218","4.217","1.00%"
"2024-1-12","4.175","4.171","4.222","4.153","-0.15%"
"2024-1-11","4.181","4.204","4.248","4.157","-0.60%"
"2024-1-10","4.206","4.178","4.217","4.151","0.52%"
"2024-1-9","4.185","4.189","4.218","4.158","0.02%"
"2024-1-8","4.184","4.203","4.231","4.143","-0.52%"
"2024-1-5","4.206","4.155","4.235","4.121","1.29%"
"2024-1-4","4.152","4.068","4.156","4.062","2.02%"
"2024-1-3","4.070","4.093","4.155","4.046","-0.31%"
"2024-1-2","4.083","4.057","4.148","4.023","1.58%"
"2024-1-1","4.019","4.019","4.019","4.019","0.00%"
"2023-12-29","4.019","3.994","4.048","3.985","0.58%"
"2023-12-28","3.996","3.957","4.002","3.943","1.27%"
"2023-12-27","3.946","4.048","4.052","3.940","-2.49%"
"2023-12-26","4.047","4.055","4.060","4.025","-0.23%"
"2023-12-25","4.056","4.056","4.056","4.056","0.06%"
"2023-12-22","4.054","4.032","4.073","3.992","0.49%"
"2023-12-21","4.034","3.999","4.040","3.977","1.12%"
"2023-12-20","3.989","4.033","4.049","3.981","-1.25%"
"2023-12-19","4.040","4.045","4.057","4.008","-0.21%"
"2023-12-18","4.048","4.031","4.085","3.995","0.89%"
"2023-12-15","4.012","4.045","4.082","4.001","-0.74%"
"2023-12-14","4.042","4.182","4.185","4.023","-3.32%"
"2023-12-13","4.181","4.309","4.317","4.167","-3.10%"
"2023-12-12","4.315","4.328","4.354","4.255","-0.31%"
"2023-12-11","4.328","4.318","4.375","4.309","0.47%"
"2023-12-8","4.308","4.260","4.360","4.251","1.26%"
"2023-12-7","4.254","4.221","4.283","4.212","0.81%"
"2023-12-6","4.220","4.302","4.329","4.211","-1.81%"
"2023-12-5","4.298","4.413","4.418","4.296","-2.60%"
"2023-12-4","4.413","4.402","4.459","4.401","0.47%"
"2023-12-1","4.392","4.492","4.520","4.387","-2.32%"
"2023-11-30","4.497","4.450","4.539","4.428","1.22%"
"2023-11-29","4.443","4.507","4.514","4.438","-1.39%"
"2023-11-28","4.505","4.546","4.571","4.504","-0.78%"
"2023-11-27","4.541","4.623","4.638","4.523","-1.35%"
"2023-11-24","4.603","4.580","4.624","4.571","0.47%"
"2023-11-23","4.581","4.575","4.581","4.575","0.83%"
"2023-11-22","4.544","4.553","4.579","4.518","-0.21%"
"2023-11-21","4.553","4.569","4.609","4.525","-0.50%"
"2023-11-20","4.576","4.620","4.640","4.555","-0.39%"
"2023-11-17","4.594","4.621","4.651","4.563","-0.54%"
"2023-11-16","4.618","4.689","4.691","4.607","-1.70%"
"2023-11-15","4.698","4.616","4.717","4.597","1.48%"
"2023-11-14","4.630","4.758","4.786","4.594","-2.67%"
"2023-11-13","4.757","4.772","4.808","4.735","0.02%"
"2023-11-10","4.756","4.764","4.788","4.705","-0.34%"
"2023-11-9","4.772","4.624","4.834","4.616","3.48%"
"2023-11-8","4.612","4.739","4.765","4.608","-2.45%"
"2023-11-7","4.727","4.810","4.833","4.707","-1.82%"
"2023-11-6","4.815","4.783","4.838","4.765","0.95%"
"2023-11-3","4.770","4.803","4.827","4.673","-0.62%"
"2023-11-2","4.800","4.916","4.933","4.788","-2.50%"
"2023-11-1","4.923","5.089","5.097","4.922","-3.28%"
"2023-10-31","5.090","5.050","5.097","4.956","0.91%"
"2023-10-30","5.044","5.044","5.096","4.999","0.52%"
"2023-10-27","5.018","4.997","5.075","4.995","0.50%"
"2023-10-26","4.993","5.082","5.131","4.978","-1.96%"
"2023-10-25","5.093","4.946","5.097","4.929","3.27%"
"2023-10-24","4.931","5.010","5.030","4.929","-1.43%"
"2023-10-23","5.003","5.122","5.179","4.967","-1.48%"
"2023-10-20","5.078","5.107","5.146","5.046","-0.61%"
"2023-10-19","5.109","5.025","5.119","4.978","2.24%"
"2023-10-18","4.997","4.931","5.029","4.917","1.47%"
"2023-10-17","4.925","4.859","4.985","4.850","1.61%"
"2023-10-16","4.847","4.791","4.884","4.788","1.90%"
"2023-10-13","4.756","4.853","4.853","4.740","-2.03%"
"2023-10-12","4.855","4.686","4.886","4.670","3.36%"
"2023-10-11","4.697","4.836","4.838","4.691","-2.91%"
"2023-10-10","4.838","4.816","4.913","4.799","0.43%"
"2023-10-9","4.817","4.824","4.824","4.817","-2.87%"
"2023-10-6","4.960","4.899","5.053","4.881","1.40%"
"2023-10-5","4.891","4.863","4.929","4.841","0.59%"
"2023-10-4","4.863","4.933","5.011","4.851","-1.22%"
"2023-10-3","4.923","4.789","4.950","4.779","2.65%"
"2023-10-2","4.796","4.733","4.819","4.722","1.85%"
"2023-9-29","4.709","4.706","4.740","4.648","0.02%"
"2023-9-28","4.707","4.720","4.808","4.698","-0.20%"
"2023-9-27","4.717","4.669","4.740","4.623","0.65%"
"2023-9-26","4.687","4.662","4.700","4.603","0.83%"
"2023-9-25","4.648","4.535","4.671","4.534","2.64%"
"2023-9-22","4.529","4.576","4.590","4.510","-1.08%"
"2023-9-21","4.578","4.446","4.584","4.446","3.11%"
"2023-9-20","4.440","4.428","4.451","4.383","0.25%"
"2023-9-19","4.429","4.385","4.437","4.382","1.05%"
"2023-9-18","4.383","4.385","4.392","4.382","-0.86%"
"2023-9-15","4.421","4.384","4.423","4.370","0.94%"
"2023-9-14","4.380","4.339","4.397","4.319","0.80%"
"2023-9-13","4.345","4.354","4.401","4.327","-0.15%"
"2023-9-12","4.352","4.384","4.386","4.341","-0.55%"
"2023-9-11","4.376","4.356","4.391","4.348","0.98%"
"2023-9-8","4.334","4.344","4.363","4.300","-0.20%"
"2023-9-7","4.342","4.365","4.377","4.339","-0.51%"
"2023-9-6","4.365","4.368","4.387","4.343","-0.24%"
"2023-9-5","4.375","4.317","4.389","4.314","1.36%"
"2023-9-4","4.317","4.301","4.324","4.298","0.31%"
"2023-9-3","4.303","4.301","4.308","4.301","0.13%"
"2023-9-1","4.297","4.218","4.313","4.200","2.10%"
"2023-8-31","4.209","4.224","4.230","4.180","-0.33%"
"2023-8-30","4.223","4.244","4.271","4.214","-0.07%"
"2023-8-29","4.226","4.275","4.314","4.210","-1.25%"
"2023-8-28","4.279","4.294","4.303","4.252","0.00%"
"2023-8-25","4.279","4.296","4.324","4.266","-0.55%"
"2023-8-24","4.303","4.267","4.310","4.246","0.80%"
"2023-8-23","4.269","4.396","4.397","4.259","-3.12%"
"2023-8-22","4.406","4.458","4.469","4.399","-0.99%"
"2023-8-21","4.450","4.383","4.474","4.379","1.72%"
"2023-8-18","4.375","4.382","4.407","4.339","-0.40%"
"2023-8-17","4.393","4.354","4.426","4.354","0.84%"
"2023-8-16","4.356","4.314","4.379","4.299","0.80%"
"2023-8-15","4.321","4.294","4.321","4.286","0.51%"
"2023-8-14","4.299","4.273","4.301","4.240","0.82%"
"2023-8-11","4.264","4.241","4.291","4.240","0.22%"
"2023-8-10","4.255","4.176","4.270","4.143","1.91%"
"2023-8-9","4.175","4.196","4.218","4.164","-0.87%"
"2023-8-8","4.212","4.266","4.266","4.156","-1.41%"
"2023-8-7","4.272","4.206","4.276","4.200","1.64%"
"2023-8-4","4.203","4.303","4.351","4.198","-2.17%"
"2023-8-3","4.296","4.178","4.326","4.175","2.68%"
"2023-8-2","4.184","4.092","4.207","4.085","1.98%"
"2023-8-1","4.102","4.012","4.115","4.007","2.20%"
"2023-7-31","4.014","4.025","4.048","3.989","0.02%"
"2023-7-28","4.013","4.051","4.085","4.010","-0.66%"
"2023-7-27","4.040","3.941","4.070","3.923","2.44%"
"2023-7-26","3.944","3.942","3.961","3.906","0.19%"
"2023-7-25","3.936","3.925","3.959","3.916","0.21%"
"2023-7-24","3.928","3.908","3.934","3.865","0.71%"
"2023-7-21","3.900","3.911","3.912","3.871","-0.33%"
"2023-7-20","3.913","3.845","3.928","3.840","1.89%"
"2023-7-19","3.841","3.901","3.906","3.832","-1.50%"
"2023-7-18","3.899","3.927","3.929","3.885","-0.80%"
"2023-7-17","3.931","3.919","3.948","3.885","0.12%"
"2023-7-14","3.926","3.907","3.932","3.879","0.52%"
"2023-7-13","3.905","3.950","3.970","3.891","-1.20%"
"2023-7-12","3.953","4.006","4.030","3.937","-1.52%"
"2023-7-11","4.014","4.038","4.042","3.993","-0.59%"
"2023-7-10","4.038","4.050","4.086","4.024","-0.23%"
"2023-7-7","4.047","4.001","4.061","3.984","1.21%"
"2023-7-6","3.999","3.932","4.022","3.929","1.84%"
"2023-7-5","3.927","3.856","3.952","3.854","1.84%"
"2023-7-4","3.856","3.863","3.891","3.848","-0.35%"
"2023-7-3","3.870","3.866","3.882","3.812","0.14%"
"2023-6-30","3.864","3.900","3.936","3.835","-0.89%"
"2023-6-29","3.899","3.811","3.927","3.810","2.27%"
"2023-6-28","3.812","3.840","3.850","3.794","-0.87%"
"2023-6-27","3.846","3.818","3.850","3.786","0.78%"
"2023-6-26","3.816","3.803","3.829","3.768","0.05%"
"2023-6-23","3.814","3.867","3.876","3.786","-1.45%"
"2023-6-22","3.870","3.811","3.881","3.804","1.60%"
"2023-6-21","3.810","3.823","3.874","3.800","-0.07%"
"2023-6-20","3.812","3.911","3.913","3.800","-2.50%"
"2023-6-19","3.910","3.849","3.926","3.841","1.53%"
"2023-6-18","3.851","3.860","3.860","3.849","-0.05%"
"2023-6-16","3.853","3.841","3.888","3.827","0.33%"
"2023-6-15","3.840","3.883","3.920","3.802","-0.99%"
"2023-6-14","3.879","3.923","3.943","3.872","-1.36%"
"2023-6-13","3.932","3.880","3.948","3.837","1.14%"
"2023-6-12","3.888","3.878","3.938","3.850","0.12%"
"2023-6-9","3.883","3.891","3.925","3.873","-0.07%"
"2023-6-8","3.886","3.944","3.980","3.879","-1.57%"
"2023-6-7","3.948","3.848","3.952","3.835","2.46%"
"2023-6-6","3.853","3.888","3.920","3.844","-0.92%"
"2023-6-5","3.889","3.896","3.947","3.861","-0.02%"
"2023-6-2","3.889","3.824","3.891","3.818","1.86%"
"2023-6-1","3.819","3.857","3.885","3.802","-1.06%"
"2023-5-31","3.859","3.899","3.904","3.831","-0.96%"
"2023-5-30","3.897","3.924","3.938","3.880","-0.66%"
"2023-5-29","3.923","3.971","3.976","3.905","-1.22%"
"2023-5-28","3.971","3.969","3.991","3.958","0.05%"
"2023-5-26","3.969","3.998","4.006","3.960","-0.66%"
"2023-5-25","3.995","3.988","4.009","3.957","0.21%"
"2023-5-24","3.987","3.953","3.990","3.917","0.88%"
"2023-5-23","3.952","3.971","4.003","3.942","-0.38%"
"2023-5-22","3.967","3.927","3.977","3.907","0.80%"
"2023-5-19","3.935","3.909","3.960","3.889","0.66%"
"2023-5-18","3.910","3.849","3.918","3.836","1.28%"
"2023-5-17","3.860","3.865","3.888","3.834","0.05%"
"2023-5-16","3.858","3.845","3.903","3.802","0.38%"
"2023-5-15","3.844","3.783","3.846","3.777","1.62%"
"2023-5-12","3.783","3.741","3.793","3.716","1.13%"
"2023-5-11","3.740","3.800","3.806","3.717","-1.46%"
"2023-5-10","3.796","3.842","3.845","3.790","-1.22%"
"2023-5-9","3.843","3.834","3.856","3.794","0.52%"
"2023-5-8","3.823","3.766","3.841","3.737","1.94%"
"2023-5-5","3.750","3.626","3.799","3.626","0.55%"
"2023-5-4","3.730","3.676","3.753","3.665","1.00%"
"2023-5-3","3.693","3.740","3.732","3.663","-0.57%"
"2023-5-2","3.714","3.815","3.815","3.705","-2.50%"
"2023-5-1","3.809","3.690","3.859","3.689","3.45%"
"2023-4-28","3.682","3.755","3.775","3.652","-1.97%"
"2023-4-27","3.756","3.701","3.768","3.696","1.38%"
"2023-4-26","3.705","3.666","3.711","3.630","1.34%"
"2023-4-25","3.656","3.707","3.714","3.633","-1.53%"
"2023-4-24","3.713","3.777","3.780","3.711","-1.55%"
"2023-4-21","3.771","3.750","3.786","3.723","0.74%"
"2023-4-20","3.744","3.786","3.795","3.730","-1.01%"
"2023-4-19","3.782","3.801","3.833","3.775","-0.14%"
"2023-4-18","3.787","3.815","3.820","3.768","-0.78%"
"2023-4-17","3.817","3.747","3.818","3.729","2.13%"
"2023-4-14","3.737","3.684","3.754","3.679","1.38%"
"2023-4-13","3.686","3.624","3.693","3.614","1.41%"
"2023-4-12","3.635","3.626","3.717","3.585","0.29%"
"2023-4-11","3.625","3.636","3.647","3.597","-0.07%"
"2023-4-10","3.627","3.596","3.646","3.570","0.12%"
"2023-4-7","3.623","3.550","3.630","3.539","2.11%"
"2023-4-6","3.548","3.569","3.576","3.527","-0.62%"
"2023-4-5","3.570","3.602","3.612","3.555","-0.69%"
"2023-4-4","3.595","3.633","3.686","3.579","-1.04%"
"2023-4-3","3.633","3.700","3.729","3.612","-0.50%"
"2023-3-31","3.651","3.742","3.770","3.647","-2.13%"
"2023-3-30","3.730","3.772","3.785","3.729","-0.92%"
"2023-3-29","3.765","3.776","3.815","3.751","-0.33%"
"2023-3-28","3.777","3.769","3.790","3.735","0.24%"
"2023-3-27","3.769","3.663","3.776","3.629","3.42%"
"2023-3-24","3.644","3.693","3.700","3.602","-1.02%"
"2023-3-23","3.681","3.664","3.747","3.655","0.31%"
"2023-3-22","3.670","3.729","3.774","3.648","-1.55%"
"2023-3-21","3.728","3.675","3.749","3.640","1.62%"
"2023-3-20","3.668","3.653","3.689","3.542","1.12%"
"2023-3-17","3.627","3.698","3.732","3.585","-2.27%"
"2023-3-16","3.712","3.643","3.722","3.579","1.72%"
"2023-3-15","3.649","3.811","3.821","3.603","-4.10%"
"2023-3-14","3.805","3.700","3.816","3.635","3.00%"
"2023-3-13","3.694","3.789","3.794","3.526","-0.47%"
"2023-3-10","3.712","3.855","3.857","3.680","-3.75%"
"2023-3-9","3.857","3.886","3.924","3.847","-0.89%"
"2023-3-8","3.891","3.886","3.911","3.819","0.38%"
"2023-3-7","3.877","3.902","3.932","3.848","-0.56%"
"2023-3-6","3.899","3.885","3.926","3.823","0.54%"
"2023-3-3","3.878","4.005","4.010","3.875","-3.08%"
"2023-3-2","4.001","3.956","4.047","3.952","1.16%"
"2023-3-1","3.955","3.928","3.985","3.901","0.81%"
"2023-2-28","3.924","3.928","3.978","3.895","-0.21%"
"2023-2-27","3.932","3.914","3.976","3.899","0.05%"
"2023-2-24","3.930","3.886","3.962","3.858","1.02%"
"2023-2-23","3.890","3.918","3.967","3.854","-0.82%"
"2023-2-22","3.922","3.975","3.987","3.906","-1.19%"
"2023-2-21","3.970","3.886","3.981","3.882","2.09%"
"2023-2-20","3.888","3.888","3.889","3.888","0.59%"
"2023-2-17","3.866","3.921","3.969","3.864","-1.33%"
"2023-2-16","3.918","3.854","3.932","3.819","2.12%"
"2023-2-15","3.836","3.776","3.873","3.765","1.47%"
"2023-2-14","3.781","3.783","3.843","3.723","0.14%"
"2023-2-13","3.776","3.828","3.831","3.764","-1.36%"
"2023-2-10","3.828","3.754","3.836","3.736","2.53%"
"2023-2-9","3.733","3.684","3.751","3.628","1.67%"
"2023-2-8","3.672","3.710","3.752","3.671","-1.18%"
"2023-2-7","3.716","3.679","3.727","3.655","1.07%"
"2023-2-6","3.676","3.645","3.689","3.616","1.67%"
"2023-2-3","3.616","3.547","3.664","3.518","1.70%"
"2023-2-2","3.555","3.581","3.584","3.498","-0.48%"
"2023-2-1","3.572","3.640","3.646","3.532","-1.74%"
"2023-1-31","3.635","3.657","3.684","3.616","-0.43%"
"2023-1-30","3.651","3.626","3.675","3.612","0.71%"
"2023-1-27","3.626","3.643","3.689","3.621","-0.46%"
"2023-1-26","3.642","3.598","3.700","3.589","1.10%"
"2023-1-25","3.603","3.603","3.645","3.576","-0.04%"
"2023-1-24","3.604","3.686","3.716","3.602","-2.22%"
"2023-1-23","3.686","3.662","3.718","3.645","1.02%"
"2023-1-20","3.649","3.571","3.668","3.562","2.25%"
"2023-1-19","3.569","3.544","3.598","3.490","0.80%"
"2023-1-18","3.540","3.656","3.672","3.522","-3.31%"
"2023-1-17","3.661","3.645","3.697","3.616","0.41%"
"2023-1-16","3.647","3.646","3.647","3.646","1.03%"
"2023-1-13","3.609","3.581","3.632","3.558","1.00%"
"2023-1-12","3.574","3.683","3.723","3.549","-2.62%"
"2023-1-11","3.670","3.745","3.748","3.649","-2.04%"
"2023-1-10","3.746","3.667","3.775","3.648","2.62%"
"2023-1-9","3.651","3.687","3.741","3.642","-0.90%"
"2023-1-6","3.684","3.803","3.837","3.671","-2.86%"
"2023-1-5","3.792","3.812","3.876","3.780","-0.38%"
"2023-1-4","3.807","3.859","3.872","3.759","-1.17%"
"2023-1-3","3.852","3.945","3.983","3.829","-3.08%"
"2023-1-2","3.975","3.975","3.975","3.975","0.00%"
"2022-12-30","3.975","3.909","3.990","3.909","1.82%"
"2022-12-29","3.904","3.962","3.982","3.898","-1.79%"
"2022-12-28","3.975","3.931","3.989","3.885","1.04%"
"2022-12-27","3.934","3.820","3.948","3.796","2.93%"
"2022-12-26","3.822","3.822","3.822","3.822","-0.14%"
"2022-12-23","3.827","3.745","3.829","3.741","2.21%"
"2022-12-22","3.744","3.720","3.756","3.694","0.45%"
"2022-12-21","3.727","3.759","3.774","3.692","-0.61%"
"2022-12-20","3.750","3.644","3.767","3.635","3.15%"
"2022-12-19","3.635","3.564","3.658","3.555","2.62%"
"2022-12-16","3.543","3.510","3.595","3.505","1.28%"
"2022-12-15","3.498","3.539","3.567","3.454","-1.06%"
"2022-12-14","3.536","3.535","3.583","3.495","0.00%"
"2022-12-13","3.536","3.574","3.579","3.451","-1.22%"
"2022-12-12","3.579","3.561","3.599","3.489","0.32%"
"2022-12-9","3.568","3.440","3.583","3.406","3.73%"
"2022-12-8","3.440","3.440","3.478","3.414","0.18%"
"2022-12-7","3.433","3.554","3.569","3.412","-3.16%"
"2022-12-6","3.545","3.596","3.617","3.520","-1.22%"
"2022-12-5","3.589","3.575","3.650","3.534","1.16%"
"2022-12-2","3.548","3.608","3.704","3.524","-1.56%"
"2022-12-1","3.604","3.755","3.767","3.599","-3.77%"
"2022-11-30","3.745","3.807","3.847","3.726","-1.48%"
"2022-11-29","3.801","3.738","3.815","3.705","2.10%"
"2022-11-28","3.723","3.755","3.771","3.685","-0.74%"
"2022-11-25","3.751","3.709","3.782","3.701","1.09%"
"2022-11-24","3.711","3.707","3.711","3.707","-0.38%"
"2022-11-23","3.725","3.829","3.845","3.723","-2.76%"
"2022-11-22","3.831","3.915","3.915","3.819","-1.94%"
"2022-11-21","3.907","3.922","3.930","3.860","-0.52%"
"2022-11-18","3.927","3.896","3.934","3.856","1.27%"
"2022-11-17","3.878","3.847","3.936","3.827","0.88%"
"2022-11-16","3.844","3.962","4.019","3.834","-3.02%"
"2022-11-15","3.963","4.054","4.063","3.943","-2.02%"
"2022-11-14","4.045","4.077","4.094","4.026","-0.34%"
"2022-11-10","4.059","4.273","4.293","4.047","-4.98%"
"2022-11-9","4.272","4.276","4.334","4.242","0.00%"
"2022-11-8","4.272","4.326","4.349","4.238","-1.15%"
"2022-11-7","4.321","4.251","4.336","4.204","1.53%"
"2022-11-4","4.256","4.203","4.277","4.174","1.71%"
"2022-11-3","4.184","4.168","4.235","4.139","1.27%"
"2022-11-2","4.132","4.106","4.151","4.056","0.80%"
"2022-11-1","4.099","4.179","4.180","4.054","-1.53%"
"2022-10-31","4.163","4.138","4.231","4.127","0.67%"
"2022-10-28","4.135","4.091","4.170","4.076","1.12%"
"2022-10-27","4.089","4.143","4.208","4.054","-1.35%"
"2022-10-26","4.145","4.251","4.260","4.134","-2.46%"
"2022-10-25","4.250","4.373","4.375","4.217","-3.11%"
"2022-10-24","4.386","4.332","4.425","4.260","1.14%"
"2022-10-21","4.337","4.221","4.384","4.218","2.77%"
"2022-10-20","4.220","4.136","4.235","4.117","2.21%"
"2022-10-19","4.129","4.031","4.147","4.028","2.55%"
"2022-10-18","4.027","4.011","4.098","3.987","0.18%"
"2022-10-17","4.019","3.980","4.030","3.924","0.64%"
"2022-10-14","3.994","3.938","4.001","3.848","1.63%"
"2022-10-13","3.930","3.889","4.013","3.844","1.16%"
"2022-10-12","3.884","3.926","3.958","3.874","-0.87%"
"2022-10-11","3.918","3.938","3.962","3.853","-0.49%"
"2022-10-10","3.937","3.935","3.938","3.935","2.33%"
"2022-10-7","3.848","3.783","3.877","3.776","1.58%"
"2022-10-6","3.788","3.754","3.817","3.732","0.98%"
"2022-10-5","3.751","3.693","3.813","3.684","1.27%"
"2022-10-4","3.704","3.669","3.719","3.634","0.72%"
"2022-10-3","3.677","3.768","3.777","3.638","-2.73%"
"2022-9-30","3.781","3.723","3.787","3.630","1.76%"
"2022-9-29","3.715","3.710","3.796","3.676","0.49%"
"2022-9-28","3.697","3.832","3.905","3.662","-3.38%"
"2022-9-27","3.826","3.729","3.875","3.671","2.13%"
"2022-9-26","3.747","3.648","3.749","3.612","3.80%"
"2022-9-23","3.610","3.646","3.717","3.566","-0.76%"
"2022-9-22","3.638","3.512","3.656","3.471","3.72%"
"2022-9-21","3.507","3.573","3.627","3.481","-1.91%"
"2022-9-20","3.575","3.515","3.615","3.500","1.69%"
"2022-9-19","3.516","3.518","3.571","3.486","-0.10%"
"2022-9-16","3.520","3.465","3.549","3.455","1.43%"
"2022-9-15","3.470","3.456","3.514","3.453","0.29%"
"2022-9-14","3.460","3.492","3.544","3.457","-0.87%"
"2022-9-13","3.490","3.505","3.574","3.454","-0.54%"
"2022-9-12","3.509","3.453","3.532","3.413","1.75%"
"2022-9-9","3.449","3.473","3.492","3.423","-0.79%"
"2022-9-8","3.477","3.418","3.480","3.364","1.80%"
"2022-9-7","3.415","3.497","3.515","3.392","-2.42%"
"2022-9-6","3.500","3.366","3.509","3.354","3.96%"
"2022-9-5","3.367","3.370","3.370","3.364","0.57%"
"2022-9-2","3.348","3.375","3.410","3.334","-0.49%"
"2022-9-1","3.364","3.301","3.412","3.296","1.96%"
"2022-8-31","3.299","3.224","3.300","3.209","2.27%"
"2022-8-30","3.226","3.232","3.264","3.193","-0.65%"
"2022-8-29","3.247","3.216","3.270","3.212","1.84%"
"2022-8-26","3.189","3.250","3.287","3.184","-1.60%"
"2022-8-25","3.241","3.317","3.330","3.228","-2.26%"
"2022-8-24","3.316","3.263","3.330","3.237","1.62%"
"2022-8-23","3.263","3.234","3.287","3.202","0.97%"
"2022-8-22","3.231","3.229","3.268","3.185","0.50%"
"2022-8-19","3.215","3.137","3.236","3.137","2.30%"
"2022-8-18","3.143","3.153","3.160","3.103","-0.39%"
"2022-8-17","3.155","3.103","3.171","3.088","2.12%"
"2022-8-16","3.090","3.098","3.173","3.078","-0.44%"
"2022-8-15","3.104","3.111","3.130","3.053","-0.34%"
"2022-8-12","3.114","3.155","3.175","3.105","-2.12%"
"2022-8-11","3.182","3.043","3.189","3.002","4.75%"
"2022-8-10","3.037","3.002","3.061","2.942","1.39%"
"2022-8-9","2.996","2.983","3.030","2.977","0.68%"
"2022-8-8","2.976","3.074","3.089","2.972","-2.95%"
"2022-8-5","3.066","2.958","3.106","2.957","3.01%"
"2022-8-4","2.977","2.959","2.988","2.927","0.84%"
"2022-8-3","2.952","3.007","3.080","2.938","-1.93%"
"2022-8-2","3.010","2.906","3.039","2.855","3.22%"
"2022-8-1","2.916","3.024","3.056","2.909","-3.20%"
"2022-7-29","3.012","3.023","3.085","2.955","-0.16%"
"2022-7-28","3.017","3.042","3.098","2.970","-1.68%"
"2022-7-27","3.069","3.021","3.081","2.983","1.49%"
"2022-7-26","3.023","3.031","3.033","2.952","-0.19%"
"2022-7-25","3.029","2.998","3.079","2.996","1.80%"
"2022-7-22","2.976","3.045","3.077","2.951","-2.53%"
"2022-7-21","3.053","3.156","3.209","3.041","-3.55%"
"2022-7-20","3.165","3.183","3.189","3.110","-0.56%"
"2022-7-19","3.183","3.157","3.205","3.134","0.61%"
"2022-7-18","3.164","3.090","3.180","3.081","2.36%"
"2022-7-15","3.091","3.106","3.119","3.061","-0.56%"
"2022-7-14","3.108","3.119","3.171","3.081","-0.24%"
"2022-7-13","3.116","3.158","3.231","3.068","-1.38%"
"2022-7-12","3.159","3.173","3.175","3.086","-0.51%"
"2022-7-11","3.175","3.264","3.267","3.152","-2.36%"
"2022-7-8","3.252","3.193","3.278","3.163","2.02%"
"2022-7-7","3.188","3.124","3.206","3.098","1.94%"
"2022-7-6","3.127","3.057","3.142","2.995","2.58%"
"2022-7-5","3.049","3.161","3.198","3.011","-3.55%"
"2022-7-4","3.161","3.159","3.162","3.159","1.45%"
"2022-7-1","3.116","3.195","3.197","3.028","-2.16%"
"2022-6-30","3.184","3.209","3.231","3.119","-0.95%"
"2022-6-29","3.215","3.288","3.303","3.210","-2.10%"
"2022-6-28","3.284","3.324","3.365","3.277","-0.89%"
"2022-6-27","3.314","3.265","3.342","3.254","1.49%"
"2022-6-24","3.265","3.200","3.267","3.167","1.85%"
"2022-6-23","3.206","3.242","3.260","3.147","-1.32%"
"2022-6-22","3.248","3.348","3.352","3.228","-3.00%"
"2022-6-21","3.349","3.345","3.395","3.326","0.11%"
"2022-6-20","3.345","3.349","3.349","3.345","1.92%"
"2022-6-17","3.282","3.268","3.338","3.246","1.20%"
"2022-6-16","3.243","3.333","3.494","3.220","-2.69%"
"2022-6-15","3.333","3.406","3.459","3.322","-2.85%"
"2022-6-14","3.431","3.356","3.447","3.277","2.26%"
"2022-6-13","3.355","3.208","3.417","3.197","4.74%"
"2022-6-10","3.203","3.178","3.238","3.095","1.18%"
"2022-6-9","3.165","3.180","3.210","3.150","-0.35%"
"2022-6-8","3.177","3.137","3.193","3.132","1.45%"
"2022-6-7","3.131","3.197","3.208","3.105","-1.87%"
"2022-6-6","3.191","3.091","3.205","3.088","3.11%"
"2022-6-3","3.095","3.083","3.158","3.069","0.51%"
"2022-6-2","3.079","3.059","3.114","3.047","0.54%"
"2022-6-1","3.062","3.060","3.105","3.030","0.21%"
"2022-5-31","3.056","3.018","3.103","3.004","1.22%"
"2022-5-30","3.019","3.022","3.022","3.019","1.60%"
"2022-5-27","2.971","2.987","3.000","2.940","-0.08%"
"2022-5-26","2.974","2.969","3.027","2.936","-0.03%"
"2022-5-25","2.975","2.968","2.992","2.924","0.16%"
"2022-5-24","2.970","3.056","3.073","2.941","-3.09%"
"2022-5-23","3.065","3.009","3.080","2.998","2.39%"
"2022-5-20","2.993","3.058","3.088","2.980","-1.83%"
"2022-5-19","3.049","3.048","3.105","2.975","-0.69%"
"2022-5-18","3.070","3.186","3.202","3.052","-3.87%"
"2022-5-17","3.194","3.104","3.196","3.096","2.92%"
"2022-5-16","3.103","3.107","3.114","3.043","0.51%"
"2022-5-13","3.088","3.024","3.100","3.009","2.16%"
"2022-5-12","3.023","3.042","3.056","2.956","-0.73%"
"2022-5-11","3.045","3.123","3.215","3.016","-2.62%"
"2022-5-10","3.127","3.155","3.188","3.062","-0.93%"
"2022-5-9","3.156","3.242","3.309","3.149","-2.52%"
"2022-5-6","3.238","3.136","3.247","3.121","3.80%"
"2022-5-5","3.119","3.052","3.208","3.010","2.61%"
"2022-5-4","3.040","3.009","3.054","2.979","0.74%"
"2022-5-3","3.018","3.034","3.055","2.968","-0.38%"
"2022-5-2","3.029","3.000","3.074","2.977","1.09%"
"2022-4-29","2.996","2.966","3.006","2.904","3.24%"
"2022-4-28","2.902","2.920","2.972","2.891","-0.38%"
"2022-4-27","2.913","2.840","2.925","2.822","2.77%"
"2022-4-26","2.835","2.891","2.923","2.823","-1.77%"
"2022-4-25","2.886","2.938","2.943","2.857","-2.19%"
"2022-4-22","2.951","2.937","2.973","2.888","0.80%"
"2022-4-21","2.927","2.880","2.987","2.878","1.85%"
"2022-4-20","2.874","3.013","3.032","2.864","-3.99%"
"2022-4-19","2.993","2.939","3.018","2.929","1.60%"
"2022-4-18","2.946","2.940","2.969","2.903","0.92%"
"2022-4-14","2.919","2.809","2.929","2.774","3.81%"
"2022-4-13","2.812","2.823","2.871","2.763","0.21%"
"2022-4-12","2.806","2.833","2.860","2.761","0.03%"
"2022-4-11","2.805","2.738","2.838","2.726","3.10%"
"2022-4-8","2.721","2.672","2.760","2.648","1.31%"
"2022-4-7","2.685","2.622","2.719","2.591","2.39%"
"2022-4-6","2.623","2.593","2.680","2.591","1.56%"
"2022-4-5","2.582","2.464","2.599","2.457","5.15%"
"2022-4-4","2.456","2.445","2.504","2.438","0.87%"
"2022-4-1","2.435","2.460","2.545","2.415","-0.74%"
"2022-3-31","2.453","2.475","2.494","2.433","-1.11%"
"2022-3-30","2.480","2.513","2.544","2.452","-0.89%"
"2022-3-29","2.503","2.530","2.604","2.481","-1.86%"
"2022-3-28","2.550","2.589","2.645","2.520","-1.99%"
"2022-3-25","2.602","2.538","2.644","2.497","2.76%"
"2022-3-24","2.532","2.497","2.578","2.496","2.09%"
"2022-3-23","2.480","2.610","2.642","2.464","-4.73%"
"2022-3-22","2.603","2.521","2.618","2.521","3.29%"
"2022-3-21","2.520","2.425","2.556","2.425","4.11%"
"2022-3-18","2.421","2.457","2.487","2.404","-1.63%"
"2022-3-17","2.461","2.459","2.503","2.361","-0.09%"
"2022-3-16","2.463","2.486","2.540","2.427","-0.83%"
"2022-3-15","2.484","2.473","2.505","2.426","0.12%"
"2022-3-14","2.481","2.379","2.485","2.372","5.41%"
"2022-3-11","2.354","2.372","2.397","2.337","-0.81%"
"2022-3-10","2.373","2.331","2.420","2.289","1.81%"
"2022-3-9","2.331","2.239","2.340","2.221","5.03%"
"2022-3-8","2.219","2.182","2.259","2.162","1.63%"
"2022-3-7","2.184","2.123","2.212","2.109","1.01%"
"2022-3-4","2.162","2.234","2.234","2.116","-2.87%"
"2022-3-3","2.226","2.232","2.268","2.203","-1.24%"
"2022-3-2","2.254","2.133","2.289","2.096","6.87%"
"2022-3-1","2.109","2.176","2.204","2.069","-2.33%"
"2022-2-28","2.159","2.218","2.254","2.149","-5.50%"
"2022-2-25","2.285","2.290","2.321","2.245","0.10%"
"2022-2-24","2.283","2.278","2.304","2.161","-0.86%"
"2022-2-23","2.302","2.243","2.306","2.241","2.68%"
"2022-2-22","2.242","2.209","2.271","2.177","1.49%"
"2022-2-21","2.209","2.200","2.209","2.200","-1.47%"
"2022-2-18","2.242","2.292","2.324","2.231","-2.39%"
"2022-2-17","2.297","2.339","2.351","2.267","-1.94%"
"2022-2-16","2.342","2.356","2.388","2.317","-0.81%"
"2022-2-15","2.362","2.280","2.373","2.270","3.34%"
"2022-2-14","2.285","2.281","2.330","2.208","2.29%"
"2022-2-11","2.234","2.299","2.353","2.232","-3.84%"
"2022-2-10","2.323","2.247","2.351","2.221","3.21%"
"2022-2-9","2.251","2.250","2.259","2.210","-0.40%"
"2022-2-8","2.260","2.221","2.271","2.221","1.88%"
"2022-2-7","2.218","2.206","2.246","2.192","0.24%"
"2022-2-4","2.213","2.155","2.237","2.121","2.64%"
"2022-2-3","2.156","2.092","2.184","2.091","2.38%"
"2022-2-2","2.106","2.122","2.135","2.061","-0.52%"
"2022-2-1","2.117","2.116","2.152","2.068","0.07%"
"2022-1-31","2.116","2.093","2.127","2.075","1.69%"
"2022-1-28","2.080","2.097","2.144","2.074","-0.52%"
"2022-1-27","2.091","2.153","2.168","2.074","-3.83%"
"2022-1-26","2.175","2.124","2.187","2.108","2.62%"
"2022-1-25","2.119","2.111","2.141","2.066","0.14%"
"2022-1-24","2.116","2.087","2.121","2.033","1.51%"
"2022-1-21","2.085","2.113","2.118","2.051","-1.82%"
"2022-1-20","2.124","2.169","2.175","2.118","-2.24%"
"2022-1-19","2.172","2.189","2.216","2.137","-0.79%"
"2022-1-18","2.189","2.137","2.201","2.119","2.43%"
"2022-1-17","2.137","2.139","2.140","2.137","0.48%"
"2022-1-14","2.127","2.057","2.131","2.046","4.24%"
"2022-1-13","2.041","2.092","2.102","2.029","-2.59%"
"2022-1-12","2.095","2.072","2.100","2.046","0.91%"
"2022-1-11","2.076","2.098","2.103","2.064","-0.56%"
"2022-1-10","2.088","2.117","2.151","2.082","-1.38%"
"2022-1-7","2.117","2.079","2.145","2.069","1.58%"
"2022-1-6","2.084","2.093","2.138","2.075","-0.42%"
"2022-1-5","2.092","2.069","2.106","2.041","1.65%"
"2022-1-4","2.059","2.013","2.103","2.009","1.34%"
"2022-1-3","2.031","1.903","2.045","1.902","6.61%"
"2021-12-31","1.905","1.921","1.937","1.882","-0.46%"
"2021-12-30","1.914","1.961","1.969","1.911","-2.66%"
"2021-12-29","1.967","1.897","1.971","1.889","3.29%"
"2021-12-28","1.904","1.884","1.915","1.853","1.17%"
"2021-12-27","1.882","1.895","1.902","1.878","-1.23%"
"2021-12-23","1.905","1.855","1.915","1.848","2.89%"
"2021-12-22","1.852","1.859","1.891","1.849","-1.03%"
"2021-12-21","1.871","1.851","1.927","1.841","0.81%"
"2021-12-20","1.856","1.786","1.858","1.760","2.54%"
"2021-12-17","1.810","1.863","1.868","1.806","-3.05%"
"2021-12-16","1.867","1.859","1.905","1.845","0.48%"
"2021-12-15","1.858","1.827","1.875","1.813","1.71%"
"2021-12-14","1.827","1.813","1.870","1.802","1.53%"
"2021-12-13","1.799","1.889","1.904","1.797","-4.39%"
"2021-12-10","1.882","1.878","1.890","1.838","0.36%"
"2021-12-9","1.875","1.896","1.904","1.844","-0.98%"
"2021-12-8","1.893","1.801","1.904","1.755","4.66%"
"2021-12-7","1.809","1.762","1.814","1.750","2.23%"
"2021-12-6","1.770","1.701","1.775","1.691","5.07%"
"2021-12-3","1.684","1.752","1.794","1.667","-4.62%"
"2021-12-2","1.766","1.754","1.788","1.737","1.22%"
"2021-12-1","1.745","1.819","1.846","1.740","-3.21%"
"2021-11-30","1.803","1.865","1.876","1.776","-2.88%"
"2021-11-29","1.856","1.867","1.911","1.850","1.56%"
"2021-11-26","1.827","1.934","1.938","1.823","-5.49%"
"2021-11-25","1.934","1.931","1.939","1.931","-1.74%"
"2021-11-24","1.968","2.024","2.036","1.957","-3.10%"
"2021-11-23","2.031","1.978","2.042","1.960","2.91%"
"2021-11-22","1.973","1.922","1.988","1.902","3.24%"
"2021-11-19","1.911","1.971","1.995","1.901","-3.14%"
"2021-11-18","1.973","1.985","1.999","1.962","0.28%"
"2021-11-17","1.968","2.031","2.049","1.965","-3.20%"
"2021-11-16","2.033","2.003","2.036","1.971","1.81%"
"2021-11-15","1.997","1.945","2.023","1.915","3.04%"
"2021-11-12","1.938","1.917","2.002","1.894","1.20%"
"2021-11-11","1.915","1.923","1.923","1.915","-0.50%"
"2021-11-10","1.924","1.831","1.988","1.818","5.60%"
"2021-11-9","1.822","1.887","1.887","1.795","-3.56%"
"2021-11-8","1.890","1.898","1.918","1.882","0.11%"
"2021-11-5","1.888","1.980","1.987","1.872","-3.94%"
"2021-11-4","1.965","2.010","2.036","1.949","-2.93%"
"2021-11-3","2.024","1.987","2.032","1.924","3.38%"
"2021-11-2","1.958","1.974","1.984","1.937","-0.14%"
"2021-11-1","1.961","1.952","1.997","1.925","1.13%"
"2021-10-29","1.939","1.973","2.026","1.923","-2.02%"
"2021-10-28","1.979","1.946","1.984","1.924","0.99%"
"2021-10-27","1.960","2.047","2.062","1.932","-3.88%"
"2021-10-26","2.039","2.089","2.096","2.039","-2.11%"
"2021-10-25","2.083","2.085","2.122","2.072","0.55%"
"2021-10-22","2.071","2.137","2.147","2.067","-3.39%"
"2021-10-21","2.144","2.144","2.160","2.105","0.34%"
"2021-10-20","2.136","2.103","2.138","2.078","2.21%"
"2021-10-19","2.090","2.025","2.095","2.009","3.22%"
"2021-10-18","2.025","2.060","2.080","2.009","-1.00%"
"2021-10-15","2.046","2.023","2.068","2.021","1.26%"
"2021-10-14","2.020","2.040","2.076","2.013","-0.66%"
"2021-10-13","2.034","2.087","2.107","2.028","-2.68%"
"2021-10-12","2.090","2.173","2.177","2.082","-3.82%"
"2021-10-11","2.173","2.168","2.173","2.168","0.34%"
"2021-10-8","2.165","2.136","2.177","2.123","1.74%"
"2021-10-7","2.128","2.085","2.138","2.064","2.20%"
"2021-10-6","2.082","2.106","2.149","2.059","-0.75%"
"2021-10-5","2.098","2.048","2.108","2.033","2.61%"
"2021-10-4","2.045","2.033","2.082","2.024","0.59%"
"2021-10-1","2.033","2.063","2.078","2.030","-0.82%"
"2021-9-30","2.050","2.053","2.103","2.043","-0.92%"
"2021-9-29","2.069","2.095","2.110","2.039","-1.29%"
"2021-9-28","2.096","1.994","2.103","1.988","4.73%"
"2021-9-27","2.001","1.998","2.045","1.972","0.84%"
"2021-9-24","1.985","1.940","1.993","1.914","1.99%"
"2021-9-23","1.946","1.813","1.948","1.813","7.37%"
"2021-9-22","1.813","1.849","1.876","1.809","-2.54%"
"2021-9-21","1.860","1.848","1.881","1.846","0.62%"
"2021-9-20","1.848","1.903","1.911","1.834","-2.87%"
"2021-9-17","1.903","1.881","1.925","1.869","1.19%"
"2021-9-16","1.881","1.865","1.899","1.857","0.90%"
"2021-9-15","1.864","1.863","1.885","1.822","0.29%"
"2021-9-14","1.859","1.904","1.945","1.831","-2.48%"
"2021-9-13","1.906","1.934","1.940","1.900","-1.48%"
"2021-9-10","1.934","1.902","1.946","1.898","2.19%"
"2021-9-9","1.893","1.954","1.960","1.885","-3.18%"
"2021-9-8","1.955","1.983","1.991","1.944","-1.91%"
"2021-9-7","1.993","1.953","1.999","1.951","2.08%"
"2021-9-6","1.952","1.952","1.952","1.952","0.32%"
"2021-9-3","1.946","1.901","1.954","1.889","2.51%"
"2021-9-2","1.898","1.921","1.924","1.896","-0.85%"
"2021-9-1","1.915","1.936","1.949","1.904","-0.67%"
"2021-8-31","1.928","1.896","1.939","1.883","1.72%"
"2021-8-30","1.895","1.917","1.930","1.890","-1.34%"
"2021-8-27","1.921","1.945","1.945","1.903","-1.48%"
"2021-8-26","1.950","1.953","1.977","1.934","-0.35%"
"2021-8-25","1.956","1.915","1.969","1.904","2.18%"
"2021-8-24","1.915","1.876","1.919","1.876","2.16%"
"2021-8-23","1.874","1.875","1.897","1.869","0.18%"
"2021-8-20","1.871","1.871","1.882","1.853","-0.15%"
"2021-8-19","1.874","1.905","1.907","1.852","-1.42%"
"2021-8-18","1.901","1.919","1.941","1.898","-1.31%"
"2021-8-17","1.926","1.926","1.937","1.883","-0.24%"
"2021-8-16","1.930","1.936","1.942","1.886","-0.14%"
"2021-8-13","1.933","2.013","2.017","1.930","-3.48%"
"2021-8-12","2.003","1.997","2.035","1.988","0.07%"
"2021-8-11","2.001","2.007","2.037","1.970","0.00%"
"2021-8-10","2.001","1.970","2.003","1.953","1.58%"
"2021-8-9","1.970","1.948","1.974","1.921","0.91%"
"2021-8-6","1.953","1.864","1.955","1.862","4.76%"
"2021-8-5","1.864","1.845","1.871","1.821","1.64%"
"2021-8-4","1.834","1.845","1.879","1.810","-0.59%"
"2021-8-3","1.845","1.855","1.873","1.829","-0.24%"
"2021-8-2","1.849","1.908","1.921","1.830","-2.41%"
"2021-7-30","1.895","1.914","1.915","1.885","-1.22%"
"2021-7-29","1.918","1.890","1.933","1.882","1.68%"
"2021-7-28","1.887","1.896","1.933","1.881","-0.34%"
"2021-7-27","1.893","1.942","1.943","1.884","-2.77%"
"2021-7-26","1.947","1.923","1.948","1.856","1.25%"
"2021-7-23","1.923","1.918","1.971","1.910","0.54%"
"2021-7-22","1.913","1.981","1.981","1.880","-1.41%"
"2021-7-21","1.940","1.883","1.967","1.853","3.35%"
"2021-7-20","1.877","1.837","1.883","1.780","2.62%"
"2021-7-19","1.829","1.899","1.918","1.803","-5.11%"
"2021-7-16","1.928","1.923","1.966","1.920","0.10%"
"2021-7-15","1.926","1.974","1.974","1.917","-2.43%"
"2021-7-14","1.974","2.042","2.051","1.971","-3.67%"
"2021-7-13","2.049","1.996","2.056","1.957","2.48%"
"2021-7-12","2.000","1.993","2.002","1.952","0.50%"
"2021-7-9","1.990","1.938","1.992","1.934","3.34%"
"2021-7-8","1.925","1.939","1.939","1.856","-0.88%"
"2021-7-7","1.942","1.984","1.994","1.918","-1.99%"
"2021-7-6","1.982","2.059","2.071","1.972","-3.76%"
"2021-7-5","2.059","2.059","2.059","2.059","0.69%"
"2021-7-2","2.045","2.067","2.086","2.032","-0.95%"
"2021-7-1","2.065","2.091","2.106","2.063","-1.13%"
"2021-6-30","2.088","2.088","2.096","2.047","0.03%"
"2021-6-29","2.088","2.101","2.131","2.084","-0.61%"
"2021-6-28","2.101","2.157","2.164","2.087","-2.33%"
"2021-6-25","2.151","2.102","2.177","2.082","2.12%"
"2021-6-24","2.106","2.108","2.134","2.085","0.06%"
"2021-6-23","2.105","2.093","2.128","2.086","0.68%"
"2021-6-22","2.091","2.116","2.149","2.080","-1.39%"
"2021-6-21","2.120","2.016","2.123","1.929","5.12%"
"2021-6-18","2.017","2.105","2.117","2.004","-3.88%"
"2021-6-17","2.098","2.210","2.220","2.049","-5.09%"
"2021-6-16","2.211","2.194","2.223","2.171","1.18%"
"2021-6-15","2.185","2.183","2.214","2.170","0.03%"
"2021-6-14","2.184","2.151","2.194","2.143","1.97%"
"2021-6-11","2.142","2.136","2.163","2.122","0.55%"
"2021-6-10","2.130","2.168","2.211","2.128","-1.84%"
"2021-6-9","2.170","2.215","2.218","2.150","-2.23%"
"2021-6-8","2.220","2.245","2.247","2.195","-1.19%"
"2021-6-7","2.247","2.247","2.263","2.241","0.66%"
"2021-6-4","2.232","2.300","2.321","2.230","-2.82%"
"2021-6-3","2.297","2.272","2.308","2.268","1.07%"
"2021-6-2","2.272","2.295","2.305","2.270","-0.63%"
"2021-6-1","2.287","2.291","2.330","2.285","-0.19%"
"2021-5-31","2.291","2.290","2.291","2.290","1.23%"
"2021-5-28","2.263","2.287","2.300","2.258","-0.75%"
"2021-5-27","2.280","2.262","2.307","2.255","0.85%"
"2021-5-26","2.261","2.255","2.275","2.237","0.38%"
"2021-5-25","2.253","2.305","2.305","2.248","-2.08%"
"2021-5-24","2.300","2.320","2.326","2.287","-0.74%"
"2021-5-21","2.318","2.341","2.347","2.317","-0.68%"
"2021-5-20","2.333","2.374","2.382","2.328","-1.75%"
"2021-5-19","2.375","2.364","2.400","2.336","0.56%"
"2021-5-18","2.362","2.363","2.382","2.344","-0.13%"
"2021-5-17","2.365","2.349","2.371","2.323","0.78%"
"2021-5-14","2.347","2.387","2.395","2.341","-2.30%"
"2021-5-13","2.402","2.417","2.420","2.378","-0.53%"
"2021-5-12","2.414","2.358","2.424","2.327","2.89%"
"2021-5-11","2.347","2.324","2.364","2.306","0.87%"
"2021-5-10","2.326","2.289","2.332","2.272","1.99%"
"2021-5-7","2.281","2.241","2.285","2.158","1.78%"
"2021-5-6","2.241","2.255","2.271","2.233","-0.17%"
"2021-5-5","2.245","2.262","2.296","2.241","-0.77%"
"2021-5-4","2.262","2.288","2.302","2.236","-0.94%"
"2021-5-3","2.284","2.298","2.326","2.253","-0.63%"
"2021-4-30","2.298","2.310","2.321","2.292","-0.26%"
"2021-4-29","2.304","2.295","2.353","2.295","0.61%"
"2021-4-28","2.290","2.294","2.322","2.283","-0.30%"
"2021-4-27","2.297","2.248","2.305","2.243","2.35%"
"2021-4-26","2.244","2.241","2.274","2.226","0.41%"
"2021-4-23","2.235","2.231","2.264","2.217","0.58%"
"2021-4-22","2.223","2.250","2.274","2.220","-1.44%"
"2021-4-21","2.255","2.263","2.283","2.249","-0.24%"
"2021-4-20","2.260","2.289","2.327","2.253","-1.56%"
"2021-4-19","2.296","2.265","2.302","2.237","0.68%"
"2021-4-16","2.281","2.260","2.289","2.234","0.71%"
"2021-4-15","2.265","2.321","2.325","2.207","-2.22%"
"2021-4-14","2.316","2.296","2.334","2.292","0.74%"
"2021-4-13","2.299","2.343","2.365","2.295","-1.66%"
"2021-4-12","2.338","2.343","2.353","2.311","0.07%"
"2021-4-9","2.336","2.321","2.362","2.304","0.87%"
"2021-4-8","2.316","2.356","2.362","2.305","-2.07%"
"2021-4-7","2.365","2.328","2.366","2.295","1.75%"
"2021-4-6","2.325","2.344","2.365","2.311","-1.06%"
"2021-4-5","2.349","2.344","2.392","2.339","0.66%"
"2021-4-2","2.334","2.335","2.391","2.318","0.00%"
"2021-4-1","2.334","2.410","2.426","2.327","-3.37%"
"2021-3-31","2.415","2.376","2.430","2.367","2.00%"
"2021-3-30","2.368","2.415","2.463","2.368","-2.02%"
"2021-3-29","2.417","2.378","2.434","2.336","1.59%"
"2021-3-26","2.379","2.348","2.400","2.341","1.11%"
"2021-3-25","2.353","2.310","2.361","2.293","1.64%"
"2021-3-24","2.315","2.318","2.354","2.292","-0.63%"
"2021-3-23","2.329","2.385","2.406","2.324","-2.87%"
"2021-3-22","2.398","2.419","2.421","2.372","-1.60%"
"2021-3-19","2.437","2.457","2.475","2.395","-0.61%"
"2021-3-18","2.452","2.434","2.518","2.409","1.35%"
"2021-3-17","2.420","2.381","2.464","2.371","1.73%"
"2021-3-16","2.378","2.357","2.400","2.343","0.83%"
"2021-3-15","2.359","2.399","2.399","2.346","-0.82%"
"2021-3-12","2.378","2.295","2.404","2.286","3.66%"
"2021-3-11","2.295","2.246","2.304","2.212","2.25%"
"2021-3-10","2.244","2.238","2.282","2.231","0.37%"
"2021-3-9","2.236","2.314","2.319","2.235","-3.94%"
"2021-3-8","2.328","2.322","2.334","2.279","0.80%"
"2021-3-5","2.309","2.319","2.352","2.266","-0.46%"
"2021-3-4","2.320","2.270","2.324","2.231","1.96%"
"2021-3-3","2.275","2.208","2.285","2.205","3.47%"
"2021-3-2","2.199","2.197","2.241","2.173","0.00%"
"2021-3-1","2.199","2.147","2.236","2.138","2.07%"
"2021-2-26","2.154","2.299","2.331","2.108","-6.25%"
"2021-2-25","2.298","2.237","2.401","2.229","3.28%"
"2021-2-24","2.225","2.184","2.293","2.168","2.13%"
"2021-2-23","2.179","2.178","2.217","2.162","-0.03%"
"2021-2-22","2.179","2.154","2.196","2.120","2.08%"
"2021-2-19","2.135","2.078","2.155","2.064","2.41%"
"2021-2-18","2.085","2.039","2.101","2.026","1.94%"
"2021-2-17","2.045","2.106","2.112","2.031","-2.04%"
"2021-2-16","2.088","2.040","2.095","2.019","2.37%"
"2021-2-15","2.039","2.040","2.040","2.038","1.38%"
"2021-2-12","2.011","1.947","2.014","1.930","2.96%"
"2021-2-11","1.954","1.914","1.957","1.898","2.31%"
"2021-2-10","1.910","1.954","1.967","1.908","-2.18%"
"2021-2-9","1.952","1.949","1.956","1.918","-0.41%"
"2021-2-8","1.960","1.983","2.006","1.933","-0.84%"
"2021-2-5","1.977","1.937","1.986","1.922","2.33%"
"2021-2-4","1.932","1.927","1.951","1.916","0.26%"
"2021-2-3","1.927","1.884","1.930","1.877","3.22%"
"2021-2-2","1.867","1.860","1.894","1.849","0.73%"
"2021-2-1","1.853","1.840","1.860","1.826","0.96%"
"2021-1-29","1.835","1.809","1.870","1.796","1.20%"
"2021-1-28","1.814","1.780","1.837","1.755","2.39%"
"2021-1-27","1.771","1.800","1.813","1.761","-1.04%"
"2021-1-26","1.790","1.803","1.816","1.786","-0.35%"
"2021-1-25","1.796","1.861","1.865","1.789","-2.73%"
"2021-1-22","1.847","1.874","1.883","1.835","-1.39%"
"2021-1-21","1.873","1.835","1.881","1.824","2.59%"
"2021-1-20","1.825","1.847","1.854","1.822","-0.77%"
"2021-1-19","1.839","1.854","1.874","1.832","-0.80%"
"2021-1-18","1.854","1.851","1.854","1.851","0.80%"
"2021-1-15","1.839","1.868","1.870","1.833","-1.77%"
"2021-1-14","1.873","1.819","1.888","1.806","2.67%"
"2021-1-13","1.824","1.860","1.877","1.807","-2.67%"
"2021-1-12","1.874","1.883","1.915","1.872","-0.45%"
"2021-1-11","1.883","1.876","1.898","1.850","0.38%"
"2021-1-8","1.875","1.854","1.893","1.832","0.88%"
"2021-1-7","1.859","1.815","1.872","1.806","2.59%"
"2021-1-6","1.812","1.700","1.837","1.692","6.34%"
"2021-1-5","1.704","1.666","1.722","1.662","2.55%"
"2021-1-4","1.662","1.662","1.691","1.638","0.94%"
"2020-12-31","1.646","1.660","1.709","1.640","-0.81%"
"2020-12-30","1.660","1.672","1.703","1.656","-1.16%"
"2020-12-29","1.679","1.673","1.699","1.666","1.21%"
"2020-12-28","1.659","1.678","1.715","1.659","-0.20%"
"2020-12-24","1.662","1.692","1.699","1.658","-1.35%"
"2020-12-23","1.685","1.651","1.727","1.631","1.90%"
"2020-12-22","1.654","1.674","1.679","1.648","-1.47%"
"2020-12-21","1.678","1.688","1.694","1.620","-0.68%"
"2020-12-18","1.690","1.677","1.702","1.656","0.52%"
"2020-12-17","1.681","1.660","1.692","1.626","1.45%"
"2020-12-16","1.657","1.654","1.707","1.647","0.21%"
"2020-12-15","1.653","1.632","1.669","1.616","1.26%"
"2020-12-14","1.633","1.644","1.682","1.624","0.33%"
"2020-12-11","1.628","1.632","1.645","1.600","0.00%"
"2020-12-10","1.628","1.674","1.686","1.626","-3.56%"
"2020-12-9","1.688","1.680","1.711","1.668","1.25%"
"2020-12-8","1.667","1.686","1.700","1.643","-1.15%"
"2020-12-7","1.686","1.744","1.744","1.681","-3.15%"
"2020-12-4","1.741","1.658","1.750","1.646","5.13%"
"2020-12-3","1.656","1.689","1.702","1.648","-1.98%"
"2020-12-2","1.690","1.665","1.724","1.649","1.13%"
"2020-12-1","1.671","1.574","1.684","1.562","6.48%"
"2020-11-30","1.569","1.581","1.595","1.562","-0.42%"
"2020-11-27","1.576","1.603","1.609","1.571","-1.72%"
"2020-11-26","1.603","1.605","1.605","1.603","-1.46%"
"2020-11-25","1.627","1.612","1.634","1.584","0.90%"
"2020-11-24","1.612","1.578","1.612","1.556","3.57%"
"2020-11-23","1.557","1.532","1.569","1.527","2.68%"
"2020-11-20","1.516","1.530","1.565","1.516","-2.70%"
"2020-11-19","1.558","1.595","1.599","1.546","-2.69%"
"2020-11-18","1.601","1.612","1.636","1.574","-0.61%"
"2020-11-17","1.611","1.659","1.677","1.607","-3.42%"
"2020-11-16","1.668","1.653","1.690","1.619","1.26%"
"2020-11-13","1.648","1.638","1.656","1.612","0.42%"
"2020-11-12","1.641","1.724","1.735","1.639","-4.98%"
"2020-11-11","1.727","1.727","1.727","1.727","-1.14%"
"2020-11-10","1.747","1.719","1.760","1.677","2.03%"
"2020-11-9","1.712","1.612","1.767","1.571","6.93%"
"2020-11-6","1.601","1.522","1.619","1.517","4.92%"
"2020-11-5","1.526","1.530","1.567","1.481","-1.30%"
"2020-11-4","1.546","1.714","1.757","1.506","-7.76%"
"2020-11-3","1.676","1.635","1.687","1.632","3.29%"
"2020-11-2","1.622","1.637","1.672","1.607","-2.16%"
"2020-10-30","1.658","1.614","1.667","1.582","3.04%"
"2020-10-29","1.609","1.567","1.634","1.550","3.18%"
"2020-10-28","1.560","1.549","1.575","1.528","0.35%"
"2020-10-27","1.554","1.586","1.605","1.552","-2.34%"
"2020-10-26","1.592","1.624","1.630","1.578","-3.01%"
"2020-10-23","1.641","1.677","1.690","1.637","-2.35%"
"2020-10-22","1.681","1.623","1.687","1.607","2.89%"
"2020-10-21","1.633","1.606","1.653","1.596","2.54%"
"2020-10-20","1.593","1.560","1.609","1.551","2.00%"
"2020-10-19","1.562","1.546","1.574","1.540","1.75%"
"2020-10-16","1.535","1.514","1.548","1.496","1.06%"
"2020-10-15","1.519","1.507","1.520","1.457","0.58%"
"2020-10-14","1.510","1.516","1.522","1.483","-0.18%"
"2020-10-13","1.513","1.555","1.562","1.507","-2.75%"
"2020-10-12","1.556","1.556","1.556","1.556","-1.37%"
"2020-10-9","1.577","1.574","1.609","1.561","-0.25%"
"2020-10-8","1.581","1.580","1.593","1.559","0.00%"
"2020-10-7","1.581","1.541","1.606","1.536","3.25%"
"2020-10-6","1.531","1.586","1.610","1.523","-3.36%"
"2020-10-5","1.584","1.503","1.593","1.492","6.20%"
"2020-10-2","1.492","1.459","1.495","1.425","2.53%"
"2020-10-1","1.455","1.462","1.497","1.445","0.05%"
"2020-9-30","1.454","1.419","1.487","1.412","2.66%"
"2020-9-29","1.417","1.419","1.425","1.399","-0.13%"
"2020-9-28","1.419","1.402","1.426","1.400","1.20%"
"2020-9-25","1.402","1.412","1.421","1.389","-0.32%"
"2020-9-24","1.406","1.417","1.426","1.397","-1.19%"
"2020-9-23","1.423","1.427","1.449","1.403","0.18%"
"2020-9-22","1.421","1.416","1.436","1.406","0.18%"
"2020-9-21","1.418","1.456","1.456","1.390","-2.54%"
"2020-9-18","1.455","1.438","1.456","1.411","1.04%"
"2020-9-17","1.440","1.452","1.454","1.393","-1.52%"
"2020-9-16","1.462","1.426","1.466","1.405","1.95%"
"2020-9-15","1.434","1.414","1.439","1.405","1.38%"
"2020-9-14","1.415","1.421","1.428","1.398","0.09%"
"2020-9-11","1.413","1.421","1.445","1.412","-0.55%"
"2020-9-10","1.421","1.457","1.493","1.416","-2.24%"
"2020-9-9","1.454","1.406","1.465","1.394","1.96%"
"2020-9-8","1.426","1.478","1.480","1.385","-3.53%"
"2020-9-7","1.478","1.478","1.478","1.478","0.31%"
"2020-9-4","1.473","1.352","1.477","1.348","8.26%"
"2020-9-3","1.361","1.374","1.403","1.320","-1.15%"
"2020-9-2","1.377","1.430","1.447","1.372","-3.29%"
"2020-9-1","1.424","1.482","1.516","1.419","-3.54%"
"2020-8-31","1.476","1.504","1.538","1.451","-1.97%"
"2020-8-28","1.506","1.528","1.577","1.482","-0.30%"
"2020-8-27","1.510","1.408","1.516","1.363","7.24%"
"2020-8-26","1.408","1.393","1.437","1.393","0.74%"
"2020-8-25","1.398","1.358","1.422","1.356","3.10%"
"2020-8-24","1.356","1.341","1.361","1.326","0.52%"
"2020-8-21","1.349","1.380","1.397","1.341","-2.71%"
"2020-8-20","1.387","1.413","1.419","1.367","-2.71%"
"2020-8-19","1.425","1.392","1.438","1.362","1.79%"
"2020-8-18","1.400","1.428","1.431","1.391","-2.51%"
"2020-8-17","1.436","1.452","1.452","1.407","-0.54%"
"2020-8-14","1.444","1.425","1.450","1.398","1.37%"
"2020-8-13","1.424","1.361","1.444","1.324","4.08%"
"2020-8-12","1.369","1.322","1.384","1.312","2.82%"
"2020-8-11","1.331","1.247","1.354","1.245","5.95%"
"2020-8-10","1.256","1.250","1.256","1.217","1.78%"
"2020-8-7","1.234","1.197","1.243","1.173","2.76%"
"2020-8-6","1.201","1.223","1.235","1.165","-1.98%"
"2020-8-5","1.225","1.188","1.241","1.184","3.09%"
"2020-8-4","1.189","1.234","1.244","1.181","-3.29%"
"2020-8-3","1.229","1.199","1.258","1.198","2.82%"
"2020-7-31","1.196","1.202","1.232","1.176","-0.72%"
"2020-7-30","1.204","1.237","1.243","1.190","-2.87%"
"2020-7-29","1.240","1.219","1.258","1.215","1.85%"
"2020-7-28","1.217","1.260","1.289","1.216","-3.29%"
"2020-7-27","1.259","1.232","1.265","1.206","2.67%"
"2020-7-24","1.226","1.224","1.264","1.203","-0.51%"
"2020-7-23","1.232","1.299","1.299","1.230","-5.06%"
"2020-7-22","1.298","1.312","1.315","1.274","-1.07%"
"2020-7-21","1.312","1.314","1.326","1.298","0.05%"
"2020-7-20","1.312","1.333","1.334","1.298","-1.16%"
"2020-7-17","1.327","1.310","1.333","1.287","1.23%"
"2020-7-16","1.311","1.330","1.335","1.292","-1.78%"
"2020-7-15","1.335","1.328","1.357","1.303","1.82%"
"2020-7-14","1.311","1.314","1.328","1.278","0.15%"
"2020-7-13","1.309","1.322","1.368","1.308","-1.78%"
"2020-7-10","1.333","1.321","1.339","1.247","1.47%"
"2020-7-9","1.313","1.398","1.402","1.301","-6.25%"
"2020-7-8","1.401","1.383","1.415","1.373","1.85%"
"2020-7-7","1.375","1.441","1.454","1.368","-4.47%"
"2020-7-6","1.440","1.439","1.480","1.438","0.74%"
"2020-7-2","1.429","1.428","1.473","1.416","0.37%"
"2020-7-1","1.424","1.412","1.466","1.411","0.79%"
"2020-6-30","1.413","1.383","1.428","1.365","2.33%"
"2020-6-29","1.381","1.363","1.399","1.356","0.67%"
"2020-6-26","1.371","1.428","1.432","1.369","-4.04%"
"2020-6-25","1.429","1.426","1.439","1.401","-0.18%"
"2020-6-24","1.432","1.497","1.519","1.428","-4.11%"
"2020-6-23","1.493","1.469","1.505","1.432","1.83%"
"2020-6-22","1.466","1.466","1.473","1.428","0.27%"
"2020-6-19","1.462","1.485","1.528","1.457","-1.17%"
"2020-6-18","1.480","1.524","1.525","1.459","-2.96%"
"2020-6-17","1.525","1.550","1.561","1.506","-0.35%"
"2020-6-16","1.530","1.508","1.582","1.484","4.65%"
"2020-6-15","1.462","1.408","1.465","1.386","0.09%"
"2020-6-12","1.461","1.406","1.477","1.396","4.30%"
"2020-6-11","1.401","1.497","1.509","1.399","-7.60%"
"2020-6-10","1.516","1.577","1.589","1.504","-3.97%"
"2020-6-9","1.579","1.640","1.641","1.547","-3.93%"
"2020-6-8","1.643","1.674","1.726","1.636","-1.56%"
"2020-6-5","1.669","1.626","1.762","1.602","2.07%"
"2020-6-4","1.635","1.543","1.638","1.522","6.66%"
"2020-6-3","1.533","1.497","1.569","1.492","2.85%"
"2020-6-2","1.491","1.442","1.495","1.438","1.74%"
"2020-6-1","1.465","1.400","1.474","1.398","3.84%"
"2020-5-29","1.411","1.445","1.462","1.404","-3.52%"
"2020-5-28","1.462","1.456","1.485","1.435","0.27%"
"2020-5-27","1.459","1.435","1.480","1.416","0.97%"
"2020-5-26","1.444","1.368","1.451","1.366","5.45%"
"2020-5-25","1.370","1.368","1.371","1.368","-0.05%"
"2020-5-22","1.370","1.385","1.392","1.329","-2.00%"
"2020-5-21","1.398","1.397","1.404","1.368","-0.75%"
"2020-5-20","1.409","1.409","1.444","1.388","-0.37%"
"2020-5-19","1.414","1.439","1.465","1.408","-1.47%"
"2020-5-18","1.435","1.327","1.460","1.323","8.34%"
"2020-5-15","1.325","1.298","1.332","1.251","2.67%"
"2020-5-14","1.290","1.346","1.349","1.272","-4.03%"
"2020-5-13","1.344","1.364","1.368","1.316","-2.14%"
"2020-5-12","1.374","1.420","1.434","1.359","-2.82%"
"2020-5-11","1.414","1.399","1.448","1.377","2.01%"
"2020-5-8","1.386","1.334","1.393","1.296","4.50%"
"2020-5-7","1.326","1.380","1.418","1.308","-5.37%"
"2020-5-6","1.401","1.352","1.446","1.334","5.08%"
"2020-5-5","1.334","1.300","1.342","1.297","4.43%"
"2020-5-4","1.277","1.245","1.306","1.230","1.92%"
"2020-5-1","1.253","1.274","1.303","1.233","-3.07%"
"2020-4-30","1.293","1.244","1.300","1.219","3.38%"
"2020-4-29","1.250","1.210","1.255","1.171","3.75%"
"2020-4-28","1.205","1.261","1.271","1.191","-4.23%"
"2020-4-27","1.259","1.178","1.264","1.172","7.10%"
"2020-4-24","1.175","1.184","1.207","1.153","-0.48%"
"2020-4-23","1.181","1.212","1.232","1.168","-2.77%"
"2020-4-22","1.215","1.171","1.238","1.127","4.72%"
"2020-4-21","1.160","1.222","1.229","1.126","-5.44%"
"2020-4-20","1.227","1.266","1.273","1.219","-3.01%"
"2020-4-17","1.265","1.275","1.297","1.183","4.19%"
"2020-4-16","1.214","1.279","1.288","1.202","-4.56%"
"2020-4-15","1.272","1.399","1.404","1.255","-9.23%"
"2020-4-14","1.401","1.406","1.417","1.375","0.00%"
"2020-4-13","1.401","1.345","1.415","1.338","3.56%"
"2020-4-9","1.353","1.396","1.396","1.330","-1.80%"
"2020-4-8","1.378","1.307","1.384","1.287","4.65%"
"2020-4-7","1.316","1.308","1.389","1.292","2.33%"
"2020-4-6","1.286","1.228","1.294","1.227","5.69%"
"2020-4-3","1.217","1.254","1.260","1.193","-3.39%"
"2020-4-2","1.260","1.217","1.280","1.206","1.14%"
"2020-4-1","1.246","1.327","1.343","1.205","-5.36%"
"2020-3-31","1.316","1.338","1.363","1.290","-1.74%"
"2020-3-30","1.339","1.245","1.348","1.182","7.66%"
"2020-3-27","1.244","1.434","1.441","1.243","-13.53%"
"2020-3-26","1.439","1.409","1.446","1.318","-0.62%"
"2020-3-25","1.448","1.404","1.472","1.313","2.83%"
"2020-3-24","1.408","1.348","1.462","1.340","5.87%"
"2020-3-23","1.330","1.378","1.535","1.280","-9.72%"
"2020-3-20","1.473","1.912","1.927","1.434","-17.38%"
"2020-3-19","1.783","1.747","1.931","1.597","1.12%"
"2020-3-18","1.763","1.673","1.943","1.587","3.38%"
"2020-3-17","1.706","1.338","1.726","1.331","29.74%"
"2020-3-16","1.315","1.327","1.513","1.260","-17.70%"
"2020-3-13","1.597","1.472","1.870","1.410","11.72%"
"2020-3-12","1.430","1.375","1.496","1.157","5.66%"
"2020-3-11","1.353","1.264","1.404","1.105","4.37%"
"2020-3-10","1.296","1.065","1.331","1.013","25.70%"
"2020-3-9","1.031","0.989","1.088","0.702","-20.45%"
"2020-3-6","1.297","1.549","1.560","1.187","-16.21%"
"2020-3-5","1.547","1.701","1.701","1.536","-9.08%"
"2020-3-4","1.702","1.604","1.712","1.567","5.54%"
"2020-3-3","1.613","1.719","1.754","1.507","-5.46%"
"2020-3-2","1.706","1.642","1.727","1.583","1.29%"
"2020-2-28","1.684","1.780","1.787","1.638","-4.86%"
"2020-2-27","1.770","1.819","1.827","1.742","-2.78%"
"2020-2-26","1.821","1.830","1.870","1.786","-0.18%"
"2020-2-25","1.824","1.845","1.874","1.786","-0.47%"
"2020-2-24","1.833","1.918","1.918","1.811","-4.39%"
"2020-2-21","1.917","1.960","1.968","1.886","-2.33%"
"2020-2-20","1.963","2.023","2.029","1.957","-2.55%"
"2020-2-19","2.014","2.021","2.033","1.990","0.31%"
"2020-2-18","2.008","2.028","2.029","1.983","-1.06%"
"2020-2-17","2.029","2.027","2.029","2.027","-0.45%"
"2020-2-14","2.038","2.076","2.102","2.024","-1.68%"
"2020-2-13","2.073","2.074","2.090","2.036","-0.95%"
"2020-2-12","2.093","2.071","2.101","2.063","1.35%"
"2020-2-11","2.065","2.047","2.069","2.035","1.56%"
"2020-2-10","2.033","2.028","2.063","2.015","-0.60%"
"2020-2-7","2.046","2.111","2.116","2.035","-3.03%"
"2020-2-6","2.110","2.136","2.159","2.105","-1.03%"
"2020-2-5","2.132","2.082","2.143","2.050","2.53%"
"2020-2-4","2.079","1.999","2.091","1.996","3.79%"
"2020-2-3","2.003","2.006","2.053","1.992","0.30%"
"2020-1-31","1.997","2.047","2.068","1.992","-2.93%"
"2020-1-30","2.057","2.044","2.063","2.004","1.16%"
"2020-1-29","2.034","2.105","2.122","2.032","-3.88%"
"2020-1-28","2.116","2.062","2.119","2.022","2.61%"
"2020-1-27","2.062","2.085","2.111","2.049","-3.42%"
"2020-1-24","2.135","2.187","2.210","2.121","-1.85%"
"2020-1-23","2.175","2.216","2.217","2.166","-2.15%"
"2020-1-22","2.223","2.245","2.253","2.207","-0.51%"
"2020-1-21","2.234","2.286","2.286","2.223","-2.24%"
"2020-1-20","2.286","2.285","2.286","2.284","0.03%"
"2020-1-17","2.285","2.289","2.313","2.273","1.20%"
"2020-1-16","2.258","2.248","2.271","2.229","0.88%"
"2020-1-15","2.238","2.269","2.278","2.232","-1.50%"
"2020-1-14","2.272","2.307","2.320","2.271","-1.37%"
"2020-1-13","2.304","2.277","2.322","2.277","1.10%"
"2020-1-10","2.279","2.333","2.341","2.277","-2.16%"
"2020-1-9","2.329","2.359","2.382","2.320","-1.45%"
"2020-1-8","2.363","2.254","2.365","2.201","2.90%"
"2020-1-7","2.296","2.285","2.310","2.273","0.50%"
"2020-1-6","2.285","2.228","2.290","2.225","1.58%"
"2020-1-3","2.249","2.295","2.301","2.245","-3.39%"
"2020-1-2","2.328","2.395","2.419","2.316","-2.54%"
"2020-1-1","2.389","2.389","2.389","2.389","0.00%"
"2019-12-31","2.389","2.333","2.393","2.333","2.32%"
"2019-12-30","2.335","2.317","2.391","2.315","0.75%"
"2019-12-27","2.318","2.328","2.335","2.305","-0.16%"
"2019-12-26","2.321","2.338","2.349","2.320","-0.71%"
"2019-12-25","2.338","2.334","2.338","2.334","0.15%"
"2019-12-24","2.334","2.355","2.376","2.328","-0.83%"
"2019-12-23","2.354","2.346","2.368","2.318","0.43%"
"2019-12-20","2.344","2.356","2.376","2.341","-0.43%"
"2019-12-19","2.354","2.351","2.381","2.331","0.19%"
"2019-12-18","2.349","2.313","2.362","2.290","2.17%"
"2019-12-17","2.299","2.290","2.326","2.270","0.38%"
"2019-12-16","2.291","2.262","2.318","2.256","1.64%"
"2019-12-13","2.254","2.365","2.368","2.236","-2.50%"
"2019-12-12","2.312","2.228","2.350","2.219","3.91%"
"2019-12-11","2.225","2.263","2.265","2.212","-1.78%"
"2019-12-10","2.265","2.256","2.277","2.232","0.38%"
"2019-12-9","2.257","2.283","2.287","2.242","-1.22%"
"2019-12-6","2.284","2.253","2.302","2.233","1.26%"
"2019-12-5","2.256","2.222","2.267","2.208","1.43%"
"2019-12-4","2.224","2.168","2.243","2.150","2.74%"
"2019-12-3","2.165","2.267","2.292","2.142","-4.55%"
"2019-12-2","2.268","2.221","2.298","2.221","2.98%"
"2019-11-29","2.203","2.203","2.228","2.180","0.06%"
"2019-11-28","2.201","2.203","2.203","2.201","0.54%"
"2019-11-27","2.189","2.183","2.214","2.175","0.54%"
"2019-11-26","2.178","2.204","2.220","2.169","-0.89%"
"2019-11-25","2.197","2.227","2.242","2.197","-0.98%"
"2019-11-22","2.219","2.229","2.244","2.200","-0.63%"
"2019-11-21","2.233","2.199","2.251","2.175","1.05%"
"2019-11-20","2.210","2.241","2.248","2.192","-1.85%"
"2019-11-19","2.251","2.295","2.308","2.249","-2.01%"
"2019-11-18","2.297","2.300","2.337","2.275","-0.47%"
"2019-11-15","2.308","2.316","2.334","2.294","0.25%"
"2019-11-14","2.303","2.364","2.371","2.287","-2.84%"
"2019-11-13","2.370","2.404","2.408","2.340","-1.43%"
"2019-11-12","2.404","2.407","2.434","2.374","-0.15%"
"2019-11-11","2.408","2.409","2.410","2.408","-0.80%"
"2019-11-8","2.427","2.403","2.430","2.364","0.74%"
"2019-11-7","2.409","2.308","2.444","2.296","3.99%"
"2019-11-6","2.317","2.336","2.338","2.288","-0.82%"
"2019-11-5","2.336","2.282","2.354","2.276","3.04%"
"2019-11-4","2.267","2.200","2.283","2.200","3.41%"
"2019-11-1","2.193","2.180","2.230","2.167","0.88%"
"2019-10-31","2.173","2.259","2.275","2.165","-3.71%"
"2019-10-30","2.257","2.329","2.346","2.251","-3.14%"
"2019-10-29","2.330","2.342","2.352","2.308","-0.19%"
"2019-10-28","2.335","2.294","2.350","2.293","1.99%"
"2019-10-25","2.289","2.253","2.298","2.243","1.12%"
"2019-10-24","2.264","2.250","2.271","2.222","0.39%"
"2019-10-23","2.255","2.253","2.260","2.218","-0.06%"
"2019-10-22","2.256","2.297","2.299","2.250","-1.56%"
"2019-10-21","2.292","2.237","2.299","2.237","1.94%"
"2019-10-18","2.249","2.233","2.264","2.220","0.71%"
"2019-10-17","2.233","2.222","2.272","2.207","0.19%"
"2019-10-16","2.228","2.231","2.253","2.198","-0.20%"
"2019-10-15","2.233","2.180","2.243","2.148","2.42%"
"2019-10-14","2.180","2.176","2.181","2.176","-0.77%"
"2019-10-11","2.197","2.155","2.243","2.132","1.70%"
"2019-10-10","2.160","2.066","2.174","2.055","3.54%"
"2019-10-9","2.086","2.034","2.114","2.028","2.56%"
"2019-10-8","2.034","2.048","2.088","2.008","-0.93%"
"2019-10-7","2.053","2.008","2.057","1.998","1.96%"
"2019-10-4","2.014","2.034","2.048","2.004","-0.87%"
"2019-10-3","2.031","2.086","2.090","2.016","-2.69%"
"2019-10-2","2.088","2.097","2.134","2.067","-0.17%"
"2019-10-1","2.091","2.118","2.205","2.077","-1.08%"
"2019-9-30","2.114","2.134","2.163","2.110","-0.78%"
"2019-9-27","2.131","2.140","2.171","2.120","-0.69%"
"2019-9-26","2.145","2.180","2.181","2.118","-1.93%"
"2019-9-25","2.188","2.106","2.190","2.082","3.76%"
"2019-9-24","2.109","2.167","2.170","2.085","-2.90%"
"2019-9-23","2.171","2.198","2.213","2.113","0.59%"
"2019-9-20","2.159","2.226","2.238","2.153","-3.21%"
"2019-9-19","2.230","2.244","2.265","2.193","-0.90%"
"2019-9-18","2.251","2.272","2.285","2.211","-0.95%"
"2019-9-17","2.272","2.314","2.321","2.254","-1.82%"
"2019-9-16","2.315","2.384","2.386","2.268","-2.55%"
"2019-9-13","2.375","2.257","2.381","2.249","5.13%"
"2019-9-12","2.259","2.245","2.280","2.142","1.48%"
"2019-9-11","2.226","2.211","2.233","2.184","-0.03%"
"2019-9-10","2.227","2.130","2.229","2.096","4.51%"
"2019-9-9","2.131","2.027","2.134","2.024","5.23%"
"2019-9-6","2.025","2.045","2.098","2.011","-1.39%"
"2019-9-5","2.054","1.975","2.091","1.972","3.93%"
"2019-9-4","1.976","1.941","2.002","1.941","1.16%"
"2019-9-3","1.953","1.975","2.010","1.909","-1.11%"
"2019-9-2","1.975","1.979","1.979","1.975","0.61%"
"2019-8-30","1.963","1.959","2.020","1.955","0.07%"
"2019-8-29","1.962","1.956","2.009","1.920","1.23%"
"2019-8-28","1.938","1.958","1.977","1.905","-0.78%"
"2019-8-27","1.953","2.030","2.036","1.949","-4.32%"
"2019-8-26","2.042","1.982","2.045","1.935","0.71%"
"2019-8-23","2.027","2.107","2.158","2.006","-3.65%"
"2019-8-22","2.104","2.070","2.110","2.033","1.43%"
"2019-8-21","2.074","2.041","2.096","2.020","1.88%"
"2019-8-20","2.036","2.072","2.085","2.028","-2.40%"
"2019-8-19","2.086","2.060","2.130","2.049","2.04%"
"2019-8-16","2.044","1.972","2.053","1.959","4.61%"
"2019-8-15","1.954","2.030","2.033","1.916","-3.29%"
"2019-8-14","2.021","2.155","2.173","2.015","-6.62%"
"2019-8-13","2.164","2.147","2.170","2.097","1.71%"
"2019-8-12","2.128","2.299","2.299","2.119","-5.83%"
"2019-8-9","2.259","2.227","2.262","2.193","1.37%"
"2019-8-8","2.229","2.224","2.322","2.220","-0.59%"
"2019-8-7","2.242","2.225","2.255","2.123","0.06%"
"2019-8-6","2.241","2.235","2.327","2.230","-1.03%"
"2019-8-5","2.264","2.391","2.395","2.256","-4.72%"
"2019-8-2","2.376","2.445","2.457","2.368","-2.96%"
"2019-8-1","2.449","2.531","2.559","2.422","-2.84%"
"2019-7-31","2.521","2.581","2.586","2.516","-2.32%"
"2019-7-30","2.580","2.583","2.594","2.565","-0.42%"
"2019-7-29","2.591","2.592","2.596","2.567","-0.17%"
"2019-7-26","2.596","2.610","2.616","2.578","-0.51%"
"2019-7-25","2.609","2.579","2.633","2.546","1.19%"
"2019-7-24","2.578","2.620","2.620","2.573","-1.45%"
"2019-7-23","2.616","2.573","2.620","2.568","1.70%"
"2019-7-22","2.573","2.582","2.586","2.542","-0.34%"
"2019-7-19","2.581","2.568","2.588","2.562","0.68%"
"2019-7-18","2.564","2.565","2.600","2.554","0.31%"
"2019-7-17","2.556","2.617","2.621","2.555","-2.23%"
"2019-7-16","2.614","2.611","2.653","2.602","0.17%"
"2019-7-15","2.610","2.658","2.666","2.606","-1.45%"
"2019-7-12","2.648","2.653","2.677","2.632","-0.50%"
"2019-7-11","2.661","2.569","2.672","2.551","3.42%"
"2019-7-10","2.574","2.541","2.598","2.537","1.10%"
"2019-7-9","2.546","2.521","2.552","2.516","0.54%"
"2019-7-8","2.532","2.542","2.543","2.507","-0.48%"
"2019-7-5","2.544","2.461","2.572","2.456","3.26%"
"2019-7-4","2.464","2.461","2.464","2.461","-0.26%"
"2019-7-3","2.470","2.501","2.502","2.465","-1.36%"
"2019-7-2","2.504","2.541","2.552","2.502","-1.93%"
"2019-7-1","2.553","2.558","2.575","2.528","0.79%"
"2019-6-28","2.533","2.535","2.549","2.521","0.08%"
"2019-6-27","2.531","2.567","2.582","2.521","-1.60%"
"2019-6-26","2.572","2.527","2.573","2.525","1.97%"
"2019-6-25","2.523","2.544","2.552","2.516","-0.93%"
"2019-6-24","2.546","2.591","2.596","2.543","-1.54%"
"2019-6-21","2.586","2.533","2.593","2.510","1.90%"
"2019-6-20","2.538","2.542","2.544","2.480","-0.09%"
"2019-6-19","2.540","2.550","2.578","2.533","-0.37%"
"2019-6-18","2.549","2.578","2.585","2.513","-1.20%"
"2019-6-17","2.580","2.591","2.613","2.573","-0.28%"
"2019-6-14","2.588","2.594","2.605","2.570","-0.48%"
"2019-6-13","2.600","2.616","2.621","2.596","-0.67%"
"2019-6-12","2.618","2.611","2.632","2.593","0.00%"
"2019-6-11","2.618","2.622","2.656","2.613","-0.36%"
"2019-6-10","2.627","2.593","2.632","2.587","2.04%"
"2019-6-7","2.575","2.621","2.627","2.559","-1.53%"
"2019-6-6","2.615","2.635","2.645","2.579","-1.09%"
"2019-6-5","2.644","2.611","2.649","2.584","1.55%"
"2019-6-4","2.603","2.549","2.616","2.545","2.59%"
"2019-6-3","2.538","2.566","2.579","2.522","-1.29%"
"2019-5-31","2.571","2.625","2.631","2.567","-2.79%"
"2019-5-30","2.644","2.689","2.705","2.641","-1.79%"
"2019-5-29","2.693","2.705","2.706","2.655","-0.47%"
"2019-5-28","2.705","2.735","2.741","2.698","-1.10%"
"2019-5-27","2.735","2.736","2.737","2.735","-0.60%"
"2019-5-24","2.752","2.753","2.766","2.743","-0.17%"
"2019-5-23","2.757","2.810","2.811","2.731","-1.79%"
"2019-5-22","2.807","2.844","2.849","2.807","-1.36%"
"2019-5-21","2.845","2.836","2.854","2.826","0.22%"
"2019-5-20","2.839","2.832","2.841","2.808","0.52%"
"2019-5-17","2.825","2.837","2.844","2.804","-0.30%"
"2019-5-16","2.833","2.821","2.847","2.801","0.41%"
"2019-5-15","2.822","2.848","2.855","2.808","-1.03%"
"2019-5-14","2.851","2.837","2.860","2.833","0.44%"
"2019-5-13","2.839","2.859","2.870","2.828","-1.78%"
"2019-5-10","2.890","2.874","2.890","2.850","0.73%"
"2019-5-9","2.869","2.890","2.894","2.851","-0.88%"
"2019-5-8","2.895","2.864","2.899","2.840","1.27%"
"2019-5-7","2.858","2.894","2.910","2.857","-1.73%"
"2019-5-6","2.908","2.887","2.910","2.886","-0.45%"
"2019-5-3","2.922","2.931","2.962","2.912","-0.43%"
"2019-5-2","2.934","2.920","2.948","2.903","0.91%"
"2019-5-1","2.908","2.936","2.936","2.885","-0.75%"
"2019-4-30","2.930","2.948","2.974","2.929","-0.85%"
"2019-4-29","2.955","2.919","2.970","2.904","1.05%"
"2019-4-26","2.924","2.938","2.955","2.916","-0.67%"
"2019-4-25","2.944","2.938","2.958","2.931","0.27%"
"2019-4-24","2.936","2.983","2.985","2.935","-1.53%"
"2019-4-23","2.982","2.990","3.001","2.976","-0.29%"
"2019-4-22","2.990","2.964","2.997","2.963","1.07%"
"2019-4-18","2.959","2.990","2.991","2.959","-1.16%"
"2019-4-17","2.993","2.992","3.011","2.979","-0.05%"
"2019-4-16","2.995","2.967","2.998","2.963","0.88%"
"2019-4-15","2.969","2.974","2.982","2.960","-0.19%"
"2019-4-12","2.974","2.930","2.978","2.918","1.56%"
"2019-4-11","2.929","2.897","2.940","2.895","1.29%"
"2019-4-10","2.891","2.913","2.923","2.886","-0.75%"
"2019-4-9","2.913","2.922","2.934","2.895","-0.43%"
"2019-4-8","2.926","2.909","2.930","2.896","0.72%"
"2019-4-5","2.905","2.921","2.952","2.902","-0.56%"
"2019-4-4","2.921","2.929","2.938","2.913","-0.48%"
"2019-4-3","2.935","2.878","2.937","2.875","2.05%"
"2019-4-2","2.876","2.885","2.897","2.865","-0.53%"
"2019-4-1","2.892","2.833","2.898","2.831","2.67%"
"2019-3-29","2.816","2.817","2.846","2.809","-0.08%"
"2019-3-28","2.819","2.810","2.830","2.791","-0.08%"
"2019-3-27","2.821","2.875","2.883","2.811","-1.89%"
"2019-3-26","2.875","2.871","2.906","2.860","0.32%"
"2019-3-25","2.866","2.884","2.914","2.830","-0.30%"
"2019-3-22","2.875","2.967","2.967","2.857","-3.05%"
"2019-3-21","2.965","2.970","2.975","2.953","-0.16%"
"2019-3-20","2.970","3.026","3.029","2.964","-1.94%"
"2019-3-19","3.029","3.014","3.052","3.005","0.37%"
"2019-3-18","3.017","3.014","3.033","3.007","0.16%"
"2019-3-15","3.013","3.042","3.052","3.004","-1.02%"
"2019-3-14","3.044","3.016","3.049","3.010","0.85%"
"2019-3-13","3.018","2.991","3.019","2.991","0.99%"
"2019-3-12","2.989","3.042","3.064","2.983","-1.29%"
"2019-3-11","3.028","3.013","3.046","3.008","0.50%"
"2019-3-8","3.013","3.031","3.045","3.004","-0.47%"
"2019-3-7","3.027","3.068","3.072","3.025","-1.42%"
"2019-3-6","3.070","3.083","3.089","3.054","-0.39%"
"2019-3-5","3.083","3.093","3.111","3.080","-0.32%"
"2019-3-4","3.092","3.133","3.135","3.086","-1.12%"
"2019-3-1","3.128","3.083","3.137","3.079","1.48%"
"2019-2-28","3.082","3.061","3.101","3.042","0.53%"
"2019-2-27","3.066","3.007","3.077","3.005","1.92%"
"2019-2-26","3.008","3.024","3.035","3.004","-0.77%"
"2019-2-25","3.031","3.024","3.047","3.018","0.48%"
"2019-2-22","3.017","3.049","3.049","2.999","-1.10%"
"2019-2-21","3.050","2.994","3.054","2.990","1.73%"
"2019-2-20","2.998","2.981","3.013","2.970","0.66%"
"2019-2-19","2.979","2.998","3.004","2.969","-0.63%"
"2019-2-18","2.998","2.998","2.998","2.998","0.11%"
"2019-2-15","2.994","3.002","3.024","2.984","-0.16%"
"2019-2-14","2.999","3.028","3.039","2.986","-1.21%"
"2019-2-13","3.036","3.030","3.045","3.018","0.40%"
"2019-2-12","3.024","2.994","3.031","2.992","1.12%"
"2019-2-11","2.990","2.978","3.006","2.976","0.48%"
"2019-2-8","2.976","3.001","3.005","2.971","-0.66%"
"2019-2-7","2.996","3.032","3.032","2.991","-1.28%"
"2019-2-6","3.035","3.035","3.043","3.008","0.00%"
"2019-2-5","3.035","3.051","3.073","3.018","-0.71%"
"2019-2-4","3.057","3.031","3.074","3.024","1.04%"
"2019-2-1","3.025","3.006","3.037","2.987","0.94%"
"2019-1-31","2.997","3.035","3.038","2.989","-1.18%"
"2019-1-30","3.033","3.045","3.072","3.031","-0.23%"
"2019-1-29","3.040","3.064","3.076","3.037","-0.88%"
"2019-1-28","3.067","3.061","3.072","3.040","0.03%"
"2019-1-25","3.066","3.039","3.068","3.036","1.09%"
"2019-1-24","3.033","3.062","3.070","3.025","-1.13%"
"2019-1-23","3.068","3.062","3.101","3.052","0.17%"
"2019-1-22","3.063","3.095","3.100","3.046","-1.08%"
"2019-1-21","3.096","3.095","3.096","3.095","-0.15%"
"2019-1-18","3.101","3.071","3.109","3.069","0.83%"
"2019-1-17","3.075","3.069","3.085","3.048","0.02%"
"2019-1-16","3.074","3.076","3.106","3.059","-0.10%"
"2019-1-15","3.077","3.052","3.080","3.033","0.66%"
"2019-1-14","3.057","3.056","3.064","3.007","0.78%"
"2019-1-11","3.033","3.051","3.061","3.017","-1.01%"
"2019-1-10","3.064","3.008","3.066","2.986","1.94%"
"2019-1-9","3.006","3.011","3.034","2.998","0.05%"
"2019-1-8","3.004","2.984","3.011","2.977","0.38%"
"2019-1-7","2.993","2.980","2.997","2.935","0.41%"
"2019-1-4","2.981","2.906","2.996","2.888","2.68%"
"2019-1-3","2.903","2.967","2.974","2.897","-2.01%"
"2019-1-2","2.963","3.016","3.059","2.953","-1.88%"
"2019-1-1","3.020","3.020","3.020","3.020","0.00%"
"2018-12-31","3.020","3.047","3.053","3.005","0.00%"
"2018-12-28","3.020","3.048","3.065","3.020","-1.26%"
"2018-12-27","3.058","3.058","3.075","3.003","-0.23%"
"2018-12-26","3.065","3.006","3.071","2.977","1.96%"
"2018-12-25","3.006","3.004","3.006","3.004","0.25%"
"2018-12-24","2.999","3.041","3.045","2.995","-1.03%"
"2018-12-21","3.030","3.040","3.044","3.005","-0.45%"
"2018-12-20","3.044","2.989","3.053","2.957","1.83%"
"2018-12-19","2.989","3.072","3.077","2.982","-2.79%"
"2018-12-18","3.075","3.117","3.117","3.068","-1.25%"
"2018-12-17","3.114","3.146","3.151","3.106","-1.15%"
"2018-12-14","3.150","3.165","3.166","3.131","-0.50%"
"2018-12-13","3.165","3.150","3.171","3.133","0.58%"
"2018-12-12","3.147","3.129","3.154","3.125","0.75%"
"2018-12-11","3.124","3.125","3.153","3.100","-0.27%"
"2018-12-10","3.132","3.122","3.148","3.103","-0.48%"
"2018-12-7","3.147","3.162","3.188","3.131","-0.33%"
"2018-12-6","3.158","3.172","3.178","3.106","-0.45%"
"2018-12-5","3.172","3.168","3.172","3.168","0.05%"
"2018-12-4","3.170","3.253","3.256","3.129","-2.51%"
"2018-12-3","3.252","3.324","3.335","3.250","-1.28%"
"2018-11-30","3.294","3.323","3.327","3.291","-0.99%"
"2018-11-29","3.327","3.340","3.343","3.288","-0.62%"
"2018-11-28","3.348","3.319","3.352","3.306","0.87%"
"2018-11-27","3.319","3.315","3.329","3.302","0.05%"
"2018-11-26","3.317","3.306","3.327","3.302","0.35%"
"2018-11-23","3.306","3.317","3.326","3.278","-0.32%"
"2018-11-22","3.316","3.316","3.316","3.316","0.00%"
"2018-11-21","3.316","3.314","3.338","3.310","0.08%"
"2018-11-20","3.314","3.322","3.325","3.289","-0.25%"
"2018-11-19","3.322","3.312","3.359","3.311","0.12%"
"2018-11-16","3.318","3.358","3.370","3.317","-1.20%"
"2018-11-15","3.358","3.363","3.378","3.332","-0.22%"
"2018-11-14","3.366","3.362","3.395","3.334","0.15%"
"2018-11-13","3.361","3.352","3.385","3.348","0.27%"
"2018-11-12","3.352","3.355","3.355","3.352","-1.05%"
"2018-11-9","3.388","3.429","3.432","3.383","-1.42%"
"2018-11-8","3.436","3.442","3.448","3.409","-0.18%"
"2018-11-7","3.443","3.435","3.465","3.385","-0.10%"
"2018-11-6","3.446","3.438","3.448","3.417","0.52%"
"2018-11-5","3.428","3.452","3.456","3.421","-0.98%"
"2018-11-2","3.462","3.382","3.467","3.382","2.55%"
"2018-11-1","3.376","3.402","3.427","3.374","-0.59%"
"2018-10-31","3.396","3.366","3.405","3.365","1.10%"
"2018-10-30","3.359","3.331","3.371","3.329","0.76%"
"2018-10-29","3.334","3.320","3.355","3.294","0.65%"
"2018-10-26","3.312","3.331","3.341","3.300","-1.09%"
"2018-10-25","3.349","3.331","3.365","3.326","0.39%"
"2018-10-24","3.336","3.369","3.369","3.324","-1.01%"
"2018-10-23","3.370","3.386","3.386","3.312","-0.62%"
"2018-10-22","3.391","3.373","3.392","3.358","0.34%"
"2018-10-19","3.379","3.363","3.393","3.354","0.47%"
"2018-10-18","3.363","3.372","3.386","3.344","-0.34%"
"2018-10-17","3.375","3.338","3.376","3.313","1.20%"
"2018-10-16","3.335","3.338","3.358","3.324","0.00%"
"2018-10-15","3.335","3.327","3.346","3.318","-0.10%"
"2018-10-12","3.338","3.329","3.356","3.309","0.63%"
"2018-10-11","3.317","3.354","3.374","3.299","-1.34%"
"2018-10-10","3.362","3.376","3.418","3.349","-0.10%"
"2018-10-9","3.366","3.420","3.446","3.362","-1.57%"
"2018-10-8","3.420","3.423","3.423","3.418","0.41%"
"2018-10-5","3.405","3.352","3.424","3.347","1.73%"
"2018-10-4","3.348","3.357","3.392","3.333","0.34%"
"2018-10-3","3.336","3.217","3.342","3.206","3.80%"
"2018-10-2","3.214","3.238","3.239","3.196","-0.70%"
"2018-10-1","3.237","3.210","3.244","3.206","0.89%"
"2018-9-28","3.208","3.176","3.210","3.161","0.73%"
"2018-9-27","3.185","3.186","3.206","3.160","0.08%"
"2018-9-26","3.182","3.227","3.228","3.179","-1.38%"
"2018-9-25","3.227","3.226","3.249","3.224","0.08%"
"2018-9-24","3.224","3.209","3.228","3.196","0.66%"
"2018-9-21","3.203","3.199","3.222","3.188","0.13%"
"2018-9-20","3.199","3.211","3.243","3.195","-0.42%"
"2018-9-19","3.212","3.198","3.248","3.189","0.32%"
"2018-9-18","3.202","3.124","3.204","3.121","2.20%"
"2018-9-17","3.133","3.128","3.159","3.120","0.00%"
"2018-9-14","3.133","3.109","3.143","3.104","0.68%"
"2018-9-13","3.112","3.105","3.123","3.083","0.16%"
"2018-9-12","3.107","3.119","3.120","3.100","-0.50%"
"2018-9-11","3.123","3.084","3.128","3.083","1.24%"
"2018-9-10","3.084","3.105","3.109","3.082","-0.53%"
"2018-9-7","3.101","3.051","3.110","3.049","1.52%"
"2018-9-6","3.054","3.075","3.092","3.046","-0.71%"
"2018-9-5","3.076","3.061","3.083","3.050","0.48%"
"2018-9-4","3.062","3.030","3.071","3.020","1.06%"
"2018-9-3","3.029","3.030","3.030","3.029","0.34%"
"2018-8-31","3.019","3.008","3.030","2.978","0.40%"
"2018-8-30","3.007","3.021","3.030","3.001","-0.53%"
"2018-8-29","3.023","3.033","3.042","3.014","-0.34%"
"2018-8-28","3.033","2.999","3.039","2.994","1.33%"
"2018-8-27","2.994","2.969","2.998","2.961","1.09%"
"2018-8-24","2.961","2.977","3.000","2.960","-0.63%"
"2018-8-23","2.980","2.983","2.990","2.969","-0.08%"
"2018-8-22","2.983","2.989","3.000","2.972","-0.66%"
"2018-8-21","3.002","2.988","3.018","2.985","0.64%"
"2018-8-20","2.983","3.022","3.026","2.980","-1.16%"
"2018-8-17","3.018","3.026","3.033","3.003","-0.29%"
"2018-8-16","3.027","3.030","3.053","3.024","-0.13%"
"2018-8-15","3.031","3.066","3.067","3.014","-1.18%"
"2018-8-14","3.067","3.046","3.070","3.037","0.71%"
"2018-8-13","3.046","3.023","3.055","3.011","0.45%"
"2018-8-10","3.032","3.077","3.090","3.012","-1.32%"
"2018-8-9","3.072","3.114","3.118","3.067","-1.29%"
"2018-8-8","3.113","3.120","3.132","3.105","-0.29%"
"2018-8-7","3.122","3.093","3.127","3.085","0.94%"
"2018-8-6","3.093","3.097","3.101","3.065","0.10%"
"2018-8-3","3.089","3.124","3.127","3.089","-0.96%"
"2018-8-2","3.119","3.130","3.136","3.100","-0.36%"
"2018-8-1","3.131","3.081","3.148","3.078","1.59%"
"2018-7-31","3.081","3.105","3.109","3.057","-0.83%"
"2018-7-30","3.107","3.087","3.116","3.086","0.70%"
"2018-7-27","3.085","3.098","3.110","3.073","-0.60%"
"2018-7-26","3.104","3.099","3.105","3.072","0.13%"
"2018-7-25","3.100","3.077","3.106","3.053","0.78%"
"2018-7-24","3.076","3.096","3.106","3.073","-0.62%"
"2018-7-23","3.095","3.028","3.104","3.019","2.10%"
"2018-7-20","3.031","2.965","3.033","2.956","2.49%"
"2018-7-19","2.958","2.994","3.006","2.951","-1.04%"
"2018-7-18","2.989","2.973","2.997","2.957","0.68%"
"2018-7-17","2.969","2.964","2.976","2.951","0.26%"
"2018-7-16","2.961","2.929","2.985","2.928","0.95%"
"2018-7-13","2.933","2.953","2.957","2.930","-0.47%"
"2018-7-12","2.947","2.952","2.966","2.945","0.16%"
"2018-7-11","2.942","2.942","2.962","2.933","-0.79%"
"2018-7-10","2.966","2.966","2.974","2.955","0.00%"
"2018-7-9","2.966","2.938","2.970","2.938","1.19%"
"2018-7-6","2.931","2.946","2.959","2.924","-0.55%"
"2018-7-5","2.947","2.969","2.989","2.941","-0.68%"
"2018-7-4","2.967","2.969","2.969","2.967","0.24%"
"2018-7-3","2.960","2.993","3.008","2.958","-1.09%"
"2018-7-2","2.993","2.991","2.997","2.966","0.10%"
"2018-6-29","2.990","2.971","2.998","2.954","0.76%"
"2018-6-28","2.967","2.972","2.985","2.964","-0.05%"
"2018-6-27","2.969","3.029","3.032","2.967","-1.84%"
"2018-6-26","3.024","3.028","3.045","3.016","-0.08%"
"2018-6-25","3.027","3.035","3.043","3.016","-0.34%"
"2018-6-22","3.037","3.048","3.073","3.036","-0.21%"
"2018-6-21","3.043","3.075","3.089","3.035","-1.01%"
"2018-6-20","3.074","3.029","3.079","3.016","1.44%"
"2018-6-19","3.031","3.028","3.036","2.991","-0.44%"
"2018-6-18","3.044","3.046","3.063","3.029","-0.11%"
"2018-6-15","3.047","3.058","3.058","3.013","-0.26%"
"2018-6-14","3.055","3.086","3.089","3.046","-1.18%"
"2018-6-13","3.092","3.093","3.122","3.079","-0.11%"
"2018-6-12","3.095","3.098","3.118","3.087","0.08%"
"2018-6-11","3.093","3.092","3.111","3.089","0.05%"
"2018-6-8","3.091","3.081","3.092","3.043","0.60%"
"2018-6-7","3.073","3.126","3.152","3.043","-1.62%"
"2018-6-6","3.123","3.086","3.137","3.079","1.35%"
"2018-6-5","3.082","3.085","3.087","3.053","-0.10%"
"2018-6-4","3.085","3.054","3.093","3.046","1.12%"
"2018-6-1","3.051","3.025","3.070","3.023","0.86%"
"2018-5-31","3.024","3.019","3.047","2.984","-0.03%"
"2018-5-30","3.025","2.964","3.059","2.964","1.65%"
"2018-5-29","2.976","3.069","3.078","2.954","-3.02%"
"2018-5-28","3.069","3.090","3.090","3.065","-0.70%"
"2018-5-25","3.090","3.125","3.143","3.080","-1.16%"
"2018-5-24","3.127","3.161","3.174","3.115","-0.82%"
"2018-5-23","3.152","3.201","3.211","3.148","-1.68%"
"2018-5-22","3.207","3.198","3.220","3.189","0.18%"
"2018-5-21","3.201","3.217","3.219","3.194","-0.05%"
"2018-5-18","3.202","3.251","3.264","3.198","-1.48%"
"2018-5-17","3.250","3.216","3.256","3.212","0.85%"
"2018-5-16","3.223","3.197","3.224","3.182","0.78%"
"2018-5-15","3.198","3.133","3.225","3.127","2.10%"
"2018-5-14","3.132","3.106","3.136","3.095","0.99%"
"2018-5-11","3.102","3.115","3.123","3.093","-0.23%"
"2018-5-10","3.109","3.160","3.164","3.107","-1.70%"
"2018-5-9","3.163","3.132","3.168","3.129","1.11%"
"2018-5-8","3.128","3.121","3.149","3.113","0.16%"
"2018-5-7","3.123","3.128","3.129","3.106","0.00%"
"2018-5-4","3.123","3.125","3.139","3.089","0.00%"
"2018-5-3","3.123","3.148","3.156","3.102","-0.89%"
"2018-5-2","3.151","3.129","3.160","3.120","0.66%"
"2018-5-1","3.130","3.125","3.147","3.111","0.21%"
"2018-4-30","3.124","3.137","3.139","3.095","-0.11%"
"2018-4-27","3.127","3.168","3.169","3.123","-1.15%"
"2018-4-26","3.163","3.208","3.217","3.161","-1.51%"
"2018-4-25","3.212","3.175","3.219","3.172","0.90%"
"2018-4-24","3.183","3.148","3.185","3.125","1.24%"
"2018-4-23","3.144","3.152","3.180","3.139","-0.08%"
"2018-4-20","3.147","3.106","3.151","3.096","1.43%"
"2018-4-19","3.102","3.058","3.127","3.048","1.35%"
"2018-4-18","3.061","3.015","3.063","3.009","1.47%"
"2018-4-17","3.017","3.027","3.044","2.997","-0.29%"
"2018-4-16","3.025","3.043","3.072","3.025","-0.05%"
"2018-4-13","3.027","3.032","3.050","3.018","-0.63%"
"2018-4-12","3.046","2.994","3.050","2.989","1.74%"
"2018-4-11","2.994","3.024","3.027","2.970","-0.84%"
"2018-4-10","3.020","3.017","3.042","3.006","0.19%"
"2018-4-9","3.014","3.030","3.052","3.004","-0.16%"
"2018-4-6","3.019","3.060","3.074","3.014","-1.78%"
"2018-4-5","3.074","3.042","3.078","3.037","1.01%"
"2018-4-4","3.043","3.009","3.044","2.987","0.96%"
"2018-4-3","3.014","2.973","3.025","2.967","1.60%"
"2018-4-2","2.967","2.991","3.010","2.956","-0.19%"
"2018-3-29","2.972","3.022","3.029","2.968","-1.63%"
"2018-3-28","3.021","3.035","3.048","2.999","-0.19%"
"2018-3-27","3.027","3.088","3.093","3.021","-1.91%"
"2018-3-26","3.086","3.070","3.101","3.052","0.77%"
"2018-3-23","3.062","3.046","3.101","3.040","0.13%"
"2018-3-22","3.058","3.116","3.122","3.032","-1.70%"
"2018-3-21","3.111","3.128","3.157","3.099","-0.68%"
"2018-3-20","3.132","3.086","3.136","3.083","1.43%"
"2018-3-19","3.088","3.088","3.111","3.067","0.37%"
"2018-3-16","3.077","3.058","3.089","3.035","0.63%"
"2018-3-15","3.058","3.056","3.070","3.042","-0.05%"
"2018-3-14","3.059","3.098","3.101","3.046","-1.28%"
"2018-3-13","3.099","3.131","3.146","3.093","-0.94%"
"2018-3-12","3.128","3.166","3.174","3.124","-1.04%"
"2018-3-9","3.161","3.134","3.178","3.128","1.24%"
"2018-3-8","3.123","3.151","3.163","3.111","-0.86%"
"2018-3-7","3.150","3.122","3.158","3.117","-0.10%"
"2018-3-6","3.153","3.152","3.173","3.123","0.00%"
"2018-3-5","3.153","3.131","3.172","3.096","0.34%"
"2018-3-2","3.142","3.097","3.147","3.074","1.64%"
"2018-3-1","3.092","3.129","3.146","3.079","-1.15%"
"2018-2-28","3.128","3.163","3.172","3.124","-1.12%"
"2018-2-27","3.163","3.155","3.199","3.133","0.21%"
"2018-2-26","3.156","3.161","3.163","3.123","0.05%"
"2018-2-23","3.155","3.210","3.225","3.151","-1.55%"
"2018-2-22","3.204","3.217","3.220","3.180","-0.73%"
"2018-2-21","3.228","3.157","3.233","3.140","2.30%"
"2018-2-20","3.155","3.137","3.174","3.136","0.63%"
"2018-2-19","3.136","3.134","3.142","3.133","0.16%"
"2018-2-16","3.131","3.164","3.164","3.103","-0.99%"
"2018-2-15","3.162","3.162","3.189","3.120","-0.32%"
"2018-2-14","3.172","3.115","3.184","3.092","1.77%"
"2018-2-13","3.117","3.147","3.148","3.112","-0.86%"
"2018-2-12","3.144","3.199","3.199","3.098","-0.68%"
"2018-2-9","3.165","3.128","3.172","3.110","1.12%"
"2018-2-8","3.130","3.104","3.168","3.101","0.68%"
"2018-2-7","3.109","3.065","3.133","3.028","1.38%"
"2018-2-6","3.067","3.028","3.077","2.965","2.10%"
"2018-2-5","3.003","3.095","3.136","2.976","-2.70%"
"2018-2-2","3.087","3.026","3.099","3.019","2.32%"
"2018-2-1","3.017","2.947","3.032","2.938","2.59%"
"2018-1-31","2.941","2.971","2.983","2.936","-1.18%"
"2018-1-30","2.976","2.951","2.994","2.932","0.91%"
"2018-1-29","2.949","2.910","2.971","2.905","1.31%"
"2018-1-26","2.911","2.886","2.927","2.885","0.67%"
"2018-1-25","2.891","2.931","2.940","2.878","-1.34%"
"2018-1-24","2.931","2.892","2.956","2.891","1.17%"
"2018-1-23","2.897","2.916","2.920","2.877","-0.69%"
"2018-1-22","2.917","2.935","2.944","2.899","-0.55%"
"2018-1-19","2.933","2.904","2.936","2.891","1.11%"
"2018-1-18","2.901","2.853","2.907","2.848","1.65%"
"2018-1-17","2.854","2.825","2.858","2.808","0.81%"
"2018-1-16","2.831","2.855","2.859","2.822","-0.86%"
"2018-1-15","2.855","2.855","2.855","2.852","0.11%"
"2018-1-12","2.852","2.875","2.903","2.848","-0.52%"
"2018-1-11","2.867","2.897","2.915","2.856","-1.10%"
"2018-1-10","2.899","2.895","2.946","2.884","0.22%"
"2018-1-9","2.893","2.812","2.898","2.807","2.96%"
"2018-1-8","2.810","2.807","2.827","2.790","0.06%"
"2018-1-5","2.808","2.787","2.820","2.778","0.84%"
"2018-1-4","2.785","2.796","2.816","2.780","0.08%"
"2018-1-3","2.782","2.815","2.825","2.779","-0.94%"
"2018-1-2","2.809","2.744","2.827","2.744","2.55%"
"2018-1-1","2.739","2.739","2.739","2.739","0.00%"
"2017-12-29","2.739","2.758","2.779","2.738","-0.67%"
"2017-12-28","2.758","2.758","2.780","2.751","0.33%"
"2017-12-27","2.748","2.825","2.825","2.740","-2.61%"
"2017-12-26","2.822","2.850","2.859","2.803","-0.97%"
"2017-12-25","2.850","2.833","2.858","2.833","0.59%"
"2017-12-22","2.833","2.842","2.848","2.832","-0.22%"
"2017-12-21","2.839","2.874","2.882","2.829","-1.29%"
"2017-12-20","2.877","2.814","2.884","2.804","2.21%"
"2017-12-19","2.814","2.744","2.832","2.730","2.72%"
"2017-12-18","2.740","2.699","2.752","2.692","2.01%"
"2017-12-16","2.686","2.686","2.686","2.686","0.00%"
"2017-12-15","2.686","2.711","2.725","2.678","-0.73%"
"2017-12-14","2.706","2.731","2.758","2.704","-0.89%"
"2017-12-13","2.730","2.775","2.797","2.726","-1.61%"
"2017-12-12","2.775","2.772","2.808","2.764","-0.09%"
"2017-12-11","2.777","2.771","2.778","2.739","0.37%"
"2017-12-8","2.767","2.769","2.790","2.758","0.28%"
"2017-12-7","2.759","2.730","2.776","2.700","1.18%"
"2017-12-6","2.727","2.735","2.744","2.695","-0.20%"
"2017-12-5","2.732","2.770","2.787","2.726","-1.09%"
"2017-12-4","2.762","2.818","2.818","2.761","0.14%"
"2017-12-1","2.758","2.828","2.833","2.716","-2.61%"
"2017-11-30","2.832","2.820","2.869","2.817","0.30%"
"2017-11-29","2.824","2.763","2.837","2.749","2.45%"
"2017-11-28","2.756","2.768","2.782","2.745","-0.47%"
"2017-11-27","2.769","2.762","2.778","2.738","0.28%"
"2017-11-24","2.761","2.741","2.779","2.741","0.73%"
"2017-11-23","2.741","2.741","2.745","2.739","0.03%"
"2017-11-22","2.741","2.755","2.789","2.739","-0.70%"
"2017-11-21","2.760","2.779","2.781","2.739","-0.78%"
"2017-11-20","2.782","2.775","2.801","2.760","0.11%"
"2017-11-17","2.779","2.823","2.827","2.777","-1.60%"
"2017-11-16","2.824","2.765","2.828","2.765","1.99%"
"2017-11-15","2.769","2.828","2.830","2.763","-2.22%"
"2017-11-14","2.832","2.869","2.877","2.825","-1.48%"
"2017-11-13","2.874","2.881","2.881","2.843","-0.31%"
"2017-11-10","2.883","2.815","2.890","2.812","2.46%"
"2017-11-9","2.814","2.789","2.821","2.781","0.81%"
"2017-11-8","2.791","2.769","2.793","2.766","0.45%"
"2017-11-7","2.779","2.794","2.810","2.765","-0.67%"
"2017-11-6","2.797","2.824","2.836","2.791","-0.53%"
"2017-11-3","2.812","2.824","2.839","2.809","-0.53%"
"2017-11-2","2.827","2.855","2.866","2.822","-1.02%"
"2017-11-1","2.856","2.879","2.899","2.836","-0.66%"
"2017-10-31","2.875","2.877","2.894","2.870","-0.25%"
"2017-10-30","2.883","2.919","2.929","2.878","-1.45%"
"2017-10-27","2.925","2.967","2.980","2.918","-1.58%"
"2017-10-26","2.972","2.942","2.974","2.917","0.94%"
"2017-10-25","2.944","2.931","2.980","2.928","0.30%"
"2017-10-24","2.936","2.885","2.942","2.882","1.70%"
"2017-10-23","2.886","2.902","2.911","2.874","-0.28%"
"2017-10-20","2.895","2.838","2.913","2.833","2.02%"
"2017-10-19","2.837","2.853","2.855","2.805","-0.47%"
"2017-10-18","2.851","2.805","2.863","2.803","1.68%"
"2017-10-17","2.803","2.818","2.842","2.801","-0.64%"
"2017-10-16","2.822","2.817","2.832","2.806","0.56%"
"2017-10-13","2.806","2.851","2.862","2.805","-1.57%"
"2017-10-12","2.851","2.883","2.885","2.847","-1.24%"
"2017-10-11","2.886","2.890","2.899","2.863","-0.06%"
"2017-10-10","2.888","2.898","2.908","2.852","-0.36%"
"2017-10-9","2.898","2.896","2.900","2.896","0.08%"
"2017-10-6","2.896","2.890","2.933","2.886","0.28%"
"2017-10-5","2.888","2.873","2.901","2.859","0.81%"
"2017-10-4","2.865","2.867","2.894","2.847","0.06%"
"2017-10-3","2.863","2.871","2.902","2.861","-0.28%"
"2017-10-2","2.871","2.865","2.891","2.842","0.19%"
"2017-9-29","2.866","2.870","2.884","2.851","-0.11%"
"2017-9-28","2.869","2.858","2.904","2.855","0.20%"
"2017-9-27","2.863","2.775","2.870","2.773","3.22%"
"2017-9-26","2.774","2.765","2.788","2.752","0.45%"
"2017-9-25","2.761","2.792","2.796","2.752","-0.83%"
"2017-9-22","2.785","2.800","2.803","2.775","-0.72%"
"2017-9-21","2.805","2.817","2.821","2.782","-0.22%"
"2017-9-20","2.811","2.815","2.836","2.793","-0.14%"
"2017-9-19","2.815","2.795","2.818","2.786","0.42%"
"2017-9-18","2.803","2.777","2.814","2.772","1.24%"
"2017-9-15","2.769","2.761","2.784","2.758","0.05%"
"2017-9-14","2.768","2.786","2.812","2.765","-0.81%"
"2017-9-13","2.790","2.769","2.797","2.760","0.67%"
"2017-9-12","2.772","2.741","2.788","2.737","0.87%"
"2017-9-11","2.748","2.703","2.752","2.700","2.88%"
"2017-9-8","2.671","2.660","2.694","2.636","0.34%"
"2017-9-7","2.662","2.718","2.718","2.651","-2.28%"
"2017-9-6","2.724","2.677","2.730","2.674","1.59%"
"2017-9-5","2.681","2.751","2.770","2.680","-3.36%"
"2017-9-1","2.775","2.731","2.782","2.716","1.75%"
"2017-8-31","2.727","2.745","2.758","2.723","-0.47%"
"2017-8-30","2.740","2.742","2.758","2.735","0.03%"
"2017-8-29","2.739","2.728","2.752","2.687","-0.61%"
"2017-8-28","2.756","2.755","2.775","2.747","0.25%"
"2017-8-25","2.749","2.768","2.776","2.743","-0.72%"
"2017-8-24","2.769","2.751","2.774","2.747","0.81%"
"2017-8-23","2.747","2.789","2.793","2.745","-1.50%"
"2017-8-22","2.789","2.765","2.793","2.765","0.87%"
"2017-8-21","2.765","2.789","2.789","2.758","-0.50%"
"2017-8-18","2.779","2.779","2.793","2.754","0.19%"
"2017-8-17","2.773","2.810","2.828","2.772","-1.22%"
"2017-8-16","2.807","2.847","2.866","2.803","-1.40%"
"2017-8-15","2.847","2.813","2.871","2.812","1.23%"
"2017-8-14","2.813","2.797","2.818","2.793","0.92%"
"2017-8-11","2.787","2.773","2.820","2.769","0.40%"
"2017-8-10","2.776","2.828","2.832","2.774","-1.75%"
"2017-8-9","2.825","2.840","2.841","2.790","-0.65%"
"2017-8-8","2.844","2.835","2.874","2.831","0.24%"
"2017-8-7","2.837","2.849","2.856","2.834","-0.19%"
"2017-8-4","2.842","2.797","2.864","2.794","1.71%"
"2017-8-3","2.794","2.853","2.857","2.793","-2.11%"
"2017-8-2","2.854","2.861","2.882","2.833","-0.03%"
"2017-8-1","2.855","2.905","2.930","2.851","-1.60%"
"2017-7-31","2.901","2.888","2.917","2.880","0.24%"
"2017-7-28","2.895","2.912","2.941","2.890","-1.28%"
"2017-7-27","2.932","2.891","2.944","2.878","1.24%"
"2017-7-26","2.896","2.918","2.931","2.885","-0.59%"
"2017-7-25","2.913","2.838","2.919","2.830","2.75%"
"2017-7-24","2.835","2.803","2.837","2.802","0.95%"
"2017-7-21","2.809","2.831","2.835","2.796","-0.54%"
"2017-7-20","2.824","2.851","2.855","2.809","-0.94%"
"2017-7-19","2.851","2.853","2.864","2.840","0.05%"
"2017-7-18","2.849","2.902","2.902","2.846","-1.81%"
"2017-7-17","2.902","2.920","2.923","2.881","-0.61%"
"2017-7-14","2.920","2.922","2.927","2.868","0.03%"
"2017-7-13","2.919","2.888","2.938","2.866","1.13%"
"2017-7-12","2.886","2.923","2.927","2.878","-1.25%"
"2017-7-11","2.923","2.930","2.946","2.909","-0.08%"
"2017-7-10","2.925","2.931","2.937","2.909","-0.03%"
"2017-7-7","2.926","2.904","2.943","2.902","0.83%"
"2017-7-6","2.902","2.855","2.923","2.847","1.86%"
"2017-7-5","2.849","2.857","2.870","2.845","-0.27%"
"2017-7-4","2.856","2.858","2.858","2.855","-0.27%"
"2017-7-3","2.864","2.849","2.873","2.823","1.05%"
"2017-7-1","2.834","2.834","2.834","2.834","0.00%"
"2017-6-30","2.834","2.817","2.849","2.813","0.70%"
"2017-6-29","2.814","2.779","2.842","2.771","1.27%"
"2017-6-28","2.779","2.748","2.807","2.745","1.06%"
"2017-6-27","2.750","2.701","2.765","2.687","2.01%"
"2017-6-26","2.695","2.718","2.730","2.682","-0.71%"
"2017-6-23","2.715","2.718","2.739","2.710","-0.03%"
"2017-6-22","2.716","2.727","2.739","2.713","-0.52%"
"2017-6-21","2.730","2.742","2.754","2.721","-0.22%"
"2017-6-20","2.736","2.790","2.792","2.733","-1.75%"
"2017-6-19","2.784","2.780","2.793","2.762","0.32%"
"2017-6-16","2.775","2.791","2.799","2.773","-0.43%"
"2017-6-15","2.787","2.770","2.799","2.766","0.65%"
"2017-6-14","2.769","2.864","2.866","2.765","-3.34%"
"2017-6-13","2.865","2.872","2.886","2.859","-0.13%"
"2017-6-12","2.869","2.865","2.873","2.836","0.43%"
"2017-6-9","2.856","2.839","2.883","2.831","0.19%"
"2017-6-8","2.851","2.845","2.866","2.834","0.40%"
"2017-6-7","2.840","2.817","2.842","2.808","1.03%"
"2017-6-6","2.811","2.837","2.837","2.793","-0.99%"
"2017-6-5","2.839","2.811","2.845","2.805","1.03%"
"2017-6-2","2.810","2.866","2.872","2.799","-1.89%"
"2017-6-1","2.864","2.868","2.893","2.863","-0.08%"
"2017-5-31","2.866","2.884","2.898","2.856","-0.38%"
"2017-5-30","2.877","2.905","2.912","2.876","-0.98%"
"2017-5-29","2.906","2.905","2.906","2.904","-0.35%"
"2017-5-26","2.916","2.920","2.921","2.896","-0.13%"
"2017-5-25","2.920","2.924","2.942","2.915","-0.11%"
"2017-5-24","2.923","2.944","2.952","2.917","-0.69%"
"2017-5-23","2.943","2.897","2.953","2.889","1.07%"
"2017-5-22","2.912","2.903","2.916","2.896","0.54%"
"2017-5-19","2.897","2.904","2.924","2.890","-0.11%"
"2017-5-18","2.900","2.921","2.934","2.874","-0.21%"
"2017-5-17","2.906","2.967","2.974","2.894","-2.88%"
"2017-5-16","2.992","3.005","3.025","2.968","-0.42%"
"2017-5-15","3.005","2.988","3.020","2.986","0.64%"
"2017-5-12","2.986","3.029","3.031","2.982","-1.47%"
"2017-5-11","3.030","3.037","3.059","3.022","-0.18%"
"2017-5-10","3.036","3.021","3.046","3.000","0.34%"
"2017-5-9","3.026","3.024","3.047","3.017","0.06%"
"2017-5-8","3.024","2.993","3.026","2.962","1.12%"
"2017-5-5","2.990","3.004","3.027","2.977","-0.27%"
"2017-5-4","2.998","2.970","3.020","2.969","0.99%"
"2017-5-3","2.969","2.976","2.990","2.939","-0.24%"
"2017-5-2","2.976","3.006","3.020","2.970","-0.93%"
"2017-5-1","3.004","2.951","3.021","2.949","1.55%"
"2017-4-28","2.958","2.964","3.000","2.949","-0.40%"
"2017-4-27","2.970","2.970","2.987","2.952","0.29%"
"2017-4-26","2.961","2.986","3.003","2.958","-0.87%"
"2017-4-25","2.987","2.923","2.997","2.923","2.07%"
"2017-4-24","2.927","2.952","2.964","2.912","0.78%"
"2017-4-22","2.904","2.904","2.904","2.904","0.00%"
"2017-4-21","2.904","2.889","2.905","2.861","0.70%"
"2017-4-20","2.884","2.866","2.908","2.851","0.32%"
"2017-4-19","2.875","2.848","2.883","2.841","1.27%"
"2017-4-18","2.838","2.912","2.915","2.824","-2.33%"
"2017-4-17","2.906","2.871","2.918","2.867","0.62%"
"2017-4-13","2.888","2.891","2.916","2.870","-0.06%"
"2017-4-12","2.890","2.931","2.944","2.886","-1.36%"
"2017-4-11","2.930","2.981","2.983","2.925","-2.03%"
"2017-4-10","2.990","3.009","3.018","2.972","-0.63%"
"2017-4-7","3.009","2.993","3.013","2.939","0.77%"
"2017-4-6","2.986","2.983","3.020","2.981","-0.05%"
"2017-4-5","2.988","2.997","3.027","2.974","-0.50%"
"2017-4-4","3.003","2.961","3.003","2.956","1.66%"
"2017-4-3","2.954","3.015","3.035","2.952","-1.92%"
"2017-3-31","3.012","3.027","3.048","3.010","-0.74%"
"2017-3-30","3.034","2.993","3.037","2.978","1.58%"
"2017-3-29","2.987","3.029","3.031","2.984","-1.29%"
"2017-3-28","3.026","2.987","3.029","2.964","1.44%"
"2017-3-27","2.983","2.985","2.993","2.960","-1.13%"
"2017-3-24","3.017","3.030","3.047","2.998","-0.42%"
"2017-3-23","3.030","3.019","3.045","3.001","0.42%"
"2017-3-22","3.017","3.033","3.037","2.992","-0.53%"
"2017-3-21","3.033","3.081","3.111","3.032","-1.42%"
"2017-3-20","3.077","3.111","3.124","3.075","-1.05%"
"2017-3-18","3.110","3.110","3.110","3.110","0.00%"
"2017-3-17","3.110","3.149","3.152","3.103","-1.20%"
"2017-3-16","3.147","3.109","3.156","3.096","1.13%"
"2017-3-15","3.112","3.173","3.177","3.094","-2.10%"
"2017-3-14","3.179","3.203","3.215","3.165","-1.04%"
"2017-3-13","3.212","3.165","3.213","3.144","1.58%"
"2017-3-10","3.162","3.195","3.200","3.161","-0.94%"
"2017-3-9","3.192","3.151","3.195","3.146","1.29%"
"2017-3-8","3.151","3.121","3.175","3.106","1.08%"
"2017-3-7","3.118","3.100","3.123","3.091","0.55%"
"2017-3-6","3.101","3.069","3.109","3.053","0.82%"
"2017-3-3","3.075","3.075","3.106","3.063","0.00%"
"2017-3-2","3.075","3.070","3.101","3.055","0.42%"
"2017-3-1","3.062","3.007","3.083","2.998","2.16%"
"2017-2-28","2.998","2.986","2.999","2.949","0.45%"
"2017-2-27","2.984","2.961","2.990","2.953","1.07%"
"2017-2-24","2.953","3.015","3.023","2.948","-2.07%"
"2017-2-23","3.015","3.036","3.042","3.012","-0.63%"
"2017-2-22","3.034","3.049","3.064","2.999","-0.21%"
"2017-2-21","3.041","3.042","3.065","3.017","-0.05%"
"2017-2-20","3.042","3.041","3.043","3.041","0.56%"
"2017-2-17","3.026","3.058","3.066","3.003","-0.73%"
"2017-2-16","3.048","3.081","3.086","3.030","-1.05%"
"2017-2-15","3.080","3.067","3.109","3.062","0.69%"
"2017-2-14","3.059","3.031","3.096","3.025","0.93%"
"2017-2-13","3.031","3.021","3.049","3.010","0.85%"
"2017-2-10","3.006","3.016","3.046","3.001","-0.11%"
"2017-2-9","3.009","2.953","3.022","2.948","2.08%"
"2017-2-8","2.948","3.018","3.024","2.945","-2.46%"
"2017-2-7","3.022","3.051","3.085","3.004","-1.18%"
"2017-2-6","3.058","3.094","3.097","3.045","-1.15%"
"2017-2-3","3.093","3.094","3.127","3.060","0.21%"
"2017-2-2","3.087","3.083","3.095","3.040","0.08%"
"2017-2-1","3.084","3.065","3.109","3.063","0.46%"
"2017-1-31","3.070","3.079","3.098","3.034","-0.24%"
"2017-1-30","3.078","3.060","3.095","3.049","0.54%"
"2017-1-27","3.061","3.088","3.107","3.057","-0.91%"
"2017-1-26","3.089","3.098","3.131","3.083","-0.37%"
"2017-1-25","3.101","3.042","3.118","3.034","1.68%"
"2017-1-24","3.050","2.996","3.059","2.979","2.04%"
"2017-1-23","2.989","3.028","3.054","2.966","-1.97%"
"2017-1-20","3.049","3.042","3.086","3.028","0.13%"
"2017-1-19","3.045","3.009","3.070","2.991","0.81%"
"2017-1-18","3.020","2.938","3.015","2.932","3.10%"
"2017-1-17","2.929","2.973","2.973","2.908","-1.51%"
"2017-1-16","2.974","2.990","2.990","2.973","-0.54%"
"2017-1-13","2.990","2.960","3.020","2.937","0.95%"
"2017-1-12","2.962","2.946","2.964","2.902","0.33%"
"2017-1-11","2.952","2.973","2.984","2.926","-0.54%"
"2017-1-10","2.968","2.964","2.988","2.955","0.19%"
"2017-1-9","2.963","3.023","3.023","2.954","-1.50%"
"2017-1-6","3.008","2.946","3.010","2.936","2.19%"
"2017-1-5","2.944","3.038","3.054","2.939","-3.21%"
"2017-1-4","3.041","3.051","3.072","3.028","-0.32%"
"2017-1-3","3.051","3.054","3.131","3.035","-0.38%"
"2017-1-2","3.063","3.063","3.063","3.063","0.00%"
"2016-12-30","3.063","3.086","3.096","3.049","-0.53%"
"2016-12-29","3.079","3.097","3.100","3.059","-0.48%"
"2016-12-28","3.094","3.135","3.137","3.078","-1.33%"
"2016-12-27","3.135","3.130","3.154","3.118","0.62%"
"2016-12-26","3.116","3.116","3.116","3.116","0.00%"
"2016-12-23","3.116","3.130","3.140","3.103","-0.35%"
"2016-12-22","3.127","3.110","3.147","3.102","0.48%"
"2016-12-21","3.112","3.149","3.165","3.108","-0.90%"
"2016-12-20","3.140","3.119","3.167","3.119","0.48%"
"2016-12-19","3.125","3.171","3.186","3.110","-1.77%"
"2016-12-16","3.182","3.160","3.198","3.105","0.54%"
"2016-12-15","3.165","3.179","3.208","3.123","-0.45%"
"2016-12-14","3.179","3.134","3.198","3.086","1.50%"
"2016-12-13","3.132","3.148","3.173","3.116","-0.74%"
"2016-12-12","3.155","3.168","3.215","3.154","0.00%"
"2016-12-9","3.155","3.108","3.171","3.098","1.64%"
"2016-12-8","3.104","3.033","3.122","3.022","2.60%"
"2016-12-7","3.026","3.082","3.086","3.016","-1.70%"
"2016-12-6","3.078","3.068","3.089","3.046","0.21%"
"2016-12-5","3.071","3.046","3.119","3.008","0.00%"
"2016-12-2","3.071","3.096","3.104","3.036","-1.27%"
"2016-12-1","3.111","3.048","3.156","3.035","2.19%"
"2016-11-30","3.044","2.950","3.087","2.943","3.31%"
"2016-11-29","2.947","2.976","3.000","2.941","-0.94%"
"2016-11-28","2.975","2.998","3.009","2.972","-1.10%"
"2016-11-25","3.008","3.046","3.066","2.994","-1.28%"
"2016-11-24","3.047","3.056","3.059","3.047","0.75%"
"2016-11-23","3.024","3.000","3.091","2.986","0.84%"
"2016-11-22","2.999","2.980","3.013","2.958","0.30%"
"2016-11-21","2.990","3.025","3.031","2.986","-1.20%"
"2016-11-18","3.026","3.033","3.051","2.965","0.68%"
"2016-11-17","3.006","2.916","3.013","2.908","3.12%"
"2016-11-16","2.915","2.956","3.014","2.911","-1.72%"
"2016-11-15","2.966","2.997","3.012","2.923","-1.18%"
"2016-11-14","3.001","2.974","3.067","2.941","1.90%"
"2016-11-10","2.945","2.851","2.958","2.796","3.07%"
"2016-11-9","2.858","2.622","2.890","2.522","9.18%"
"2016-11-8","2.617","2.596","2.640","2.573","0.61%"
"2016-11-7","2.601","2.601","2.609","2.582","1.54%"
"2016-11-4","2.562","2.600","2.607","2.556","-1.37%"
"2016-11-3","2.597","2.570","2.611","2.552","1.26%"
"2016-11-2","2.565","2.578","2.585","2.531","-0.48%"
"2016-11-1","2.577","2.592","2.631","2.563","-0.09%"
"2016-10-31","2.580","2.615","2.627","2.578","-1.39%"
"2016-10-28","2.616","2.612","2.639","2.598","0.21%"
"2016-10-27","2.611","2.542","2.631","2.536","2.79%"
"2016-10-26","2.540","2.499","2.546","2.479","1.56%"
"2016-10-25","2.501","2.515","2.541","2.484","-0.71%"
"2016-10-24","2.519","2.495","2.533","2.470","1.30%"
"2016-10-21","2.486","2.510","2.510","2.475","-0.73%"
"2016-10-20","2.505","2.516","2.533","2.474","-0.12%"
"2016-10-19","2.508","2.509","2.533","2.491","0.12%"
"2016-10-18","2.505","2.531","2.554","2.504","-0.80%"
"2016-10-17","2.525","2.548","2.586","2.512","-1.49%"
"2016-10-15","2.563","2.563","2.563","2.563","0.00%"
"2016-10-14","2.563","2.485","2.565","2.484","3.29%"
"2016-10-13","2.481","2.494","2.498","2.455","-0.68%"
"2016-10-12","2.498","2.504","2.532","2.498","-0.22%"
"2016-10-11","2.504","2.497","2.516","2.478","0.25%"
"2016-10-10","2.497","2.455","2.497","2.455","1.71%"
"2016-10-7","2.455","2.447","2.494","2.439","-0.03%"
"2016-10-6","2.456","2.428","2.469","2.409","1.29%"
"2016-10-5","2.425","2.410","2.451","2.387","0.47%"
"2016-10-4","2.414","2.348","2.415","2.325","2.93%"
"2016-10-3","2.345","2.318","2.346","2.305","1.14%"
"2016-9-30","2.318","2.277","2.349","2.261","1.80%"
"2016-9-29","2.277","2.308","2.328","2.263","-0.51%"
"2016-9-28","2.289","2.277","2.301","2.260","0.38%"
"2016-9-27","2.280","2.329","2.340","2.272","-1.70%"
"2016-9-26","2.320","2.342","2.349","2.308","-1.07%"
"2016-9-24","2.345","2.345","2.345","2.345","0.00%"
"2016-9-23","2.345","2.342","2.354","2.322","0.35%"
"2016-9-22","2.337","2.370","2.373","2.329","-1.75%"
"2016-9-21","2.378","2.429","2.494","2.374","-2.34%"
"2016-9-20","2.435","2.452","2.453","2.399","-0.71%"
"2016-9-19","2.453","2.438","2.458","2.425","0.31%"
"2016-9-17","2.445","2.445","2.445","2.445","0.00%"
"2016-9-16","2.445","2.463","2.468","2.425","-0.99%"
"2016-9-15","2.470","2.450","2.500","2.435","0.84%"
"2016-9-14","2.449","2.462","2.482","2.428","-0.58%"
"2016-9-13","2.463","2.383","2.488","2.361","3.00%"
"2016-9-12","2.392","2.392","2.414","2.365","-0.06%"
"2016-9-9","2.393","2.305","2.400","2.293","3.75%"
"2016-9-8","2.307","2.237","2.328","2.218","3.24%"
"2016-9-7","2.234","2.228","2.243","2.206","0.26%"
"2016-9-6","2.228","2.288","2.296","2.222","-2.59%"
"2016-9-5","2.288","2.289","2.289","2.286","0.25%"
"2016-9-2","2.282","2.232","2.290","2.216","2.23%"
"2016-9-1","2.232","2.233","2.272","2.214","0.06%"
"2016-8-31","2.231","2.233","2.254","2.221","-0.06%"
"2016-8-30","2.232","2.221","2.240","2.213","0.74%"
"2016-8-29","2.216","2.286","2.286","2.210","-3.12%"
"2016-8-26","2.287","2.263","2.296","2.209","0.86%"
"2016-8-25","2.267","2.251","2.271","2.233","0.67%"
"2016-8-24","2.252","2.237","2.257","2.225","1.03%"
"2016-8-23","2.229","2.244","2.264","2.213","-0.45%"
"2016-8-22","2.239","2.298","2.298","2.229","-2.09%"
"2016-8-19","2.287","2.270","2.308","2.257","1.28%"
"2016-8-18","2.258","2.249","2.283","2.246","-0.03%"
"2016-8-17","2.259","2.288","2.304","2.255","-1.58%"
"2016-8-16","2.295","2.281","2.304","2.248","0.57%"
"2016-8-15","2.282","2.233","2.285","2.220","2.33%"
"2016-8-13","2.230","2.230","2.230","2.230","0.00%"
"2016-8-12","2.230","2.276","2.280","2.204","-1.98%"
"2016-8-11","2.275","2.232","2.291","2.232","1.94%"
"2016-8-10","2.232","2.260","2.262","2.218","-1.42%"
"2016-8-9","2.264","2.307","2.314","2.246","-1.83%"
"2016-8-8","2.306","2.325","2.340","2.292","-0.46%"
"2016-8-6","2.317","2.317","2.317","2.317","0.00%"
"2016-8-5","2.317","2.256","2.321","2.233","2.82%"
"2016-8-4","2.253","2.297","2.310","2.233","-1.93%"
"2016-8-3","2.298","2.307","2.317","2.274","-0.37%"
"2016-8-2","2.306","2.263","2.332","2.254","1.87%"
"2016-8-1","2.264","2.190","2.272","2.188","4.02%"
"2016-7-29","2.177","2.231","2.291","2.177","-2.57%"
"2016-7-28","2.234","2.216","2.256","2.212","0.79%"
"2016-7-27","2.217","2.282","2.312","2.211","-3.00%"
"2016-7-26","2.285","2.288","2.301","2.248","-0.24%"
"2016-7-25","2.291","2.288","2.306","2.269","0.31%"
"2016-7-22","2.284","2.284","2.330","2.267","-0.28%"
"2016-7-21","2.290","2.296","2.360","2.287","-0.31%"
"2016-7-20","2.297","2.274","2.316","2.263","1.09%"
"2016-7-19","2.273","2.287","2.296","2.259","-0.95%"
"2016-7-18","2.294","2.282","2.323","2.268","1.28%"
"2016-7-15","2.266","2.233","2.310","2.229","0.52%"
"2016-7-14","2.254","2.169","2.270","2.163","3.79%"
"2016-7-13","2.171","2.226","2.226","2.169","-2.47%"
"2016-7-12","2.227","2.135","2.252","2.129","4.00%"
"2016-7-11","2.141","2.104","2.151","2.089","2.06%"
"2016-7-8","2.098","2.132","2.175","2.094","-1.77%"
"2016-7-7","2.135","2.139","2.176","2.116","-0.26%"
"2016-7-6","2.141","2.150","2.161","2.098","-0.66%"
"2016-7-5","2.155","2.217","2.218","2.131","-2.82%"
"2016-7-4","2.218","2.218","2.220","2.216","-1.02%"
"2016-7-1","2.241","2.285","2.285","2.189","-2.11%"
"2016-6-30","2.289","2.319","2.358","2.254","-1.34%"
"2016-6-29","2.320","2.271","2.322","2.247","2.11%"
"2016-6-28","2.272","2.270","2.298","2.253","-0.09%"
"2016-6-27","2.274","2.369","2.392","2.264","-5.72%"
"2016-6-24","2.412","2.507","2.522","2.280","-5.57%"
"2016-6-23","2.555","2.515","2.563","2.505","2.13%"
"2016-6-22","2.501","2.506","2.519","2.489","-0.48%"
"2016-6-21","2.513","2.484","2.516","2.465","1.08%"
"2016-6-20","2.487","2.462","2.498","2.451","2.71%"
"2016-6-17","2.421","2.405","2.437","2.397","1.03%"
"2016-6-16","2.396","2.407","2.407","2.345","-0.57%"
"2016-6-15","2.410","2.426","2.445","2.396","-0.54%"
"2016-6-14","2.423","2.426","2.436","2.386","-0.12%"
"2016-6-13","2.426","2.439","2.455","2.425","-1.17%"
"2016-6-10","2.455","2.483","2.485","2.429","-0.95%"
"2016-6-9","2.478","2.512","2.518","2.460","-1.27%"
"2016-6-8","2.510","2.541","2.541","2.505","-1.12%"
"2016-6-7","2.539","2.556","2.563","2.523","-0.74%"
"2016-6-6","2.558","2.511","2.562","2.510","1.79%"
"2016-6-3","2.513","2.586","2.590","2.508","-2.54%"
"2016-6-2","2.578","2.616","2.619","2.571","-1.52%"
"2016-6-1","2.618","2.647","2.658","2.587","-1.25%"
"2016-5-31","2.651","2.649","2.688","2.627","0.06%"
"2016-5-30","2.649","2.658","2.658","2.649","-0.03%"
"2016-5-27","2.650","2.642","2.654","2.628","0.36%"
"2016-5-26","2.641","2.656","2.669","2.623","-1.02%"
"2016-5-25","2.668","2.644","2.671","2.632","0.82%"
"2016-5-24","2.646","2.631","2.674","2.615","0.82%"
"2016-5-23","2.625","2.629","2.645","2.606","-0.24%"
"2016-5-20","2.631","2.642","2.664","2.626","-0.23%"
"2016-5-19","2.637","2.653","2.681","2.627","-1.05%"
"2016-5-18","2.665","2.599","2.688","2.589","2.49%"
"2016-5-17","2.600","2.596","2.609","2.566","0.09%"
"2016-5-16","2.598","2.552","2.602","2.552","1.90%"
"2016-5-13","2.549","2.594","2.596","2.546","-1.71%"
"2016-5-12","2.594","2.578","2.623","2.573","0.65%"
"2016-5-11","2.577","2.613","2.617","2.563","-1.12%"
"2016-5-10","2.606","2.612","2.631","2.600","-0.18%"
"2016-5-9","2.611","2.640","2.644","2.601","-0.67%"
"2016-5-6","2.628","2.611","2.634","2.568","1.15%"
"2016-5-5","2.598","2.649","2.662","2.595","-1.31%"
"2016-5-4","2.633","2.670","2.677","2.629","-0.85%"
"2016-5-3","2.655","2.714","2.715","2.639","-2.54%"
"2016-5-2","2.724","2.677","2.728","2.659","1.68%"
"2016-4-29","2.680","2.697","2.733","2.658","-0.09%"
"2016-4-28","2.682","2.704","2.725","2.663","-0.70%"
"2016-4-27","2.701","2.749","2.752","2.693","-1.93%"
"2016-4-26","2.754","2.732","2.764","2.713","0.61%"
"2016-4-25","2.737","2.709","2.737","2.688","0.99%"
"2016-4-22","2.710","2.692","2.714","2.672","0.94%"
"2016-4-21","2.685","2.649","2.709","2.646","1.12%"
"2016-4-20","2.655","2.588","2.666","2.560","2.29%"
"2016-4-19","2.596","2.591","2.624","2.581","0.59%"
"2016-4-18","2.581","2.539","2.607","2.534","0.77%"
"2016-4-15","2.561","2.594","2.606","2.548","-1.61%"
"2016-4-14","2.603","2.590","2.627","2.570","0.71%"
"2016-4-13","2.584","2.601","2.617","2.572","-0.53%"
"2016-4-12","2.598","2.562","2.614","2.560","1.64%"
"2016-4-11","2.556","2.565","2.589","2.531","0.24%"
"2016-4-8","2.550","2.525","2.568","2.525","1.46%"
"2016-4-7","2.513","2.587","2.595","2.511","-2.80%"
"2016-4-6","2.586","2.557","2.603","2.550","1.70%"
"2016-4-5","2.543","2.598","2.598","2.537","-2.05%"
"2016-4-4","2.596","2.596","2.622","2.584","-0.21%"
"2016-4-1","2.601","2.623","2.640","2.584","-0.41%"
"2016-3-31","2.612","2.645","2.660","2.608","-1.66%"
"2016-3-30","2.656","2.604","2.685","2.601","2.13%"
"2016-3-29","2.600","2.654","2.668","2.597","-1.89%"
"2016-3-28","2.651","2.679","2.686","2.635","-0.81%"
"2016-3-24","2.672","2.661","2.675","2.613","0.56%"
"2016-3-23","2.657","2.729","2.735","2.647","-2.42%"
"2016-3-22","2.723","2.721","2.730","2.681","0.20%"
"2016-3-21","2.718","2.696","2.737","2.669","1.41%"
"2016-3-18","2.680","2.692","2.699","2.647","-0.29%"
"2016-3-17","2.688","2.710","2.726","2.657","-0.84%"
"2016-3-16","2.711","2.727","2.751","2.703","-0.72%"
"2016-3-15","2.730","2.732","2.744","2.689","-0.06%"
"2016-3-14","2.732","2.749","2.759","2.707","-0.61%"
"2016-3-11","2.749","2.697","2.757","2.679","1.82%"
"2016-3-10","2.699","2.661","2.729","2.643","1.26%"
"2016-3-9","2.666","2.638","2.698","2.632","1.18%"
"2016-3-8","2.635","2.710","2.711","2.598","-2.65%"
"2016-3-7","2.707","2.699","2.729","2.694","0.38%"
"2016-3-4","2.696","2.653","2.733","2.637","1.44%"
"2016-3-3","2.658","2.683","2.702","2.642","-0.73%"
"2016-3-2","2.678","2.688","2.725","2.676","-0.66%"
"2016-3-1","2.695","2.622","2.709","2.586","3.05%"
"2016-2-29","2.616","2.630","2.638","2.602","-0.93%"
"2016-2-26","2.640","2.599","2.655","2.590","1.71%"
"2016-2-25","2.596","2.612","2.619","2.550","-0.53%"
"2016-2-24","2.609","2.575","2.617","2.513","1.57%"
"2016-2-23","2.569","2.606","2.671","2.566","-1.43%"
"2016-2-22","2.606","2.612","2.636","2.604","0.00%"
"2016-2-19","2.606","2.610","2.646","2.580","-0.23%"
"2016-2-18","2.612","2.683","2.695","2.606","-2.60%"
"2016-2-17","2.682","2.644","2.713","2.606","1.26%"
"2016-2-16","2.649","2.626","2.669","2.605","0.79%"
"2016-2-15","2.628","2.602","2.632","2.602","0.97%"
"2016-2-12","2.602","2.519","2.616","2.505","3.67%"
"2016-2-11","2.510","2.493","2.512","2.380","0.73%"
"2016-2-10","2.492","2.558","2.596","2.487","-2.38%"
"2016-2-9","2.553","2.571","2.602","2.514","-0.89%"
"2016-2-8","2.576","2.684","2.701","2.556","-3.63%"
"2016-2-5","2.673","2.683","2.729","2.666","-0.22%"
"2016-2-4","2.679","2.708","2.738","2.676","-1.14%"
"2016-2-3","2.710","2.661","2.715","2.623","1.83%"
"2016-2-2","2.661","2.757","2.763","2.657","-3.73%"
"2016-2-1","2.764","2.757","2.781","2.733","0.62%"
"2016-1-29","2.747","2.791","2.798","2.721","-1.47%"
"2016-1-28","2.788","2.796","2.830","2.767","-0.46%"
"2016-1-27","2.801","2.780","2.837","2.771","0.47%"
"2016-1-26","2.788","2.787","2.809","2.749","-0.07%"
"2016-1-25","2.790","2.825","2.828","2.784","-1.34%"
"2016-1-22","2.828","2.810","2.861","2.792","0.68%"
"2016-1-21","2.809","2.766","2.815","2.734","1.85%"
"2016-1-20","2.758","2.825","2.825","2.711","-2.51%"
"2016-1-19","2.829","2.827","2.862","2.790","0.05%"
"2016-1-18","2.828","2.825","2.829","2.825","0.34%"
"2016-1-15","2.818","2.895","2.896","2.798","-2.49%"
"2016-1-14","2.890","2.868","2.913","2.835","0.42%"
"2016-1-13","2.878","2.901","2.920","2.817","-0.10%"
"2016-1-12","2.881","2.970","2.990","2.865","-2.96%"
"2016-1-11","2.969","2.926","2.974","2.925","2.06%"
"2016-1-8","2.909","2.931","2.981","2.902","-0.68%"
"2016-1-7","2.929","2.945","2.972","2.885","-0.27%"
"2016-1-6","2.937","2.995","3.007","2.934","-2.07%"
"2016-1-5","2.999","2.984","3.022","2.970","0.44%"
"2016-1-4","2.986","3.037","3.038","2.939","-0.96%"
"2015-12-31","3.015","3.045","3.050","3.009","-0.76%"
"2015-12-30","3.038","3.035","3.062","3.017","0.00%"
"2015-12-29","3.038","2.944","3.048","2.931","3.12%"
"2015-12-28","2.946","2.969","2.978","2.925","-0.61%"
"2015-12-24","2.964","2.992","2.993","2.960","-0.87%"
"2015-12-23","2.990","2.959","3.015","2.954","1.15%"
"2015-12-22","2.956","2.913","2.968","2.904","1.44%"
"2015-12-21","2.914","2.924","3.051","2.889","-0.21%"
"2015-12-18","2.920","2.932","2.938","2.897","-0.31%"
"2015-12-17","2.929","2.993","2.994","2.928","-2.56%"
"2015-12-16","3.006","2.990","3.036","2.960","0.47%"
"2015-12-15","2.992","2.952","3.019","2.936","1.22%"
"2015-12-14","2.956","2.889","2.974","2.876","2.78%"
"2015-12-11","2.876","2.970","2.971","2.866","-3.20%"
"2015-12-10","2.971","2.970","2.983","2.955","0.24%"
"2015-12-9","2.964","2.961","3.021","2.947","0.20%"
"2015-12-8","2.958","2.965","2.978","2.928","-0.24%"
"2015-12-7","2.965","3.021","3.037","2.931","-1.56%"
"2015-12-4","3.012","3.044","3.114","2.998","-1.60%"
"2015-12-3","3.061","2.909","3.084","2.906","5.30%"
"2015-12-2","2.907","2.913","2.938","2.901","0.14%"
"2015-12-1","2.903","2.979","3.005","2.902","-2.39%"
"2015-11-30","2.974","2.994","3.014","2.971","-0.80%"
"2015-11-27","2.998","2.994","3.003","2.971","0.17%"
"2015-11-26","2.993","2.994","2.994","2.987","-0.04%"
"2015-11-25","2.994","3.011","3.011","2.979","-0.37%"
"2015-11-24","3.005","2.998","3.016","2.969","0.20%"
"2015-11-23","2.999","3.020","3.048","2.991","-0.76%"
"2015-11-20","3.022","3.015","3.026","2.994","0.50%"
"2015-11-19","3.007","3.045","3.046","2.988","-1.18%"
"2015-11-18","3.043","3.058","3.077","3.033","-0.36%"
"2015-11-17","3.054","3.066","3.104","3.033","-0.33%"
"2015-11-16","3.064","3.036","3.080","3.030","0.23%"
"2015-11-13","3.057","3.089","3.089","3.045","-1.16%"
"2015-11-12","3.093","3.120","3.133","3.076","-0.87%"
"2015-11-11","3.120","3.120","3.121","3.120","0.36%"
"2015-11-10","3.109","3.108","3.122","3.081","-0.16%"
"2015-11-9","3.114","3.089","3.139","3.082","0.91%"
"2015-11-6","3.086","3.003","3.099","2.983","2.80%"
"2015-11-5","3.002","2.992","3.029","2.984","0.33%"
"2015-11-4","2.992","2.993","3.011","2.971","-0.20%"
"2015-11-3","2.998","2.941","3.007","2.933","1.77%"
"2015-11-2","2.946","2.915","2.964","2.909","0.72%"
"2015-10-30","2.925","2.957","2.969","2.922","-1.28%"
"2015-10-29","2.963","2.872","2.970","2.858","2.95%"
"2015-10-28","2.878","2.865","2.902","2.850","0.70%"
"2015-10-27","2.858","2.865","2.866","2.828","-0.35%"
"2015-10-26","2.868","2.897","2.898","2.855","-1.07%"
"2015-10-23","2.899","2.867","2.929","2.851","1.26%"
"2015-10-22","2.863","2.862","2.898","2.834","-0.17%"
"2015-10-21","2.868","2.908","2.988","2.859","-1.54%"
"2015-10-20","2.913","2.883","2.930","2.871","1.15%"
"2015-10-19","2.880","2.876","2.914","2.866","-0.14%"
"2015-10-16","2.884","2.876","2.886","2.848","0.66%"
"2015-10-15","2.865","2.836","2.875","2.834","1.09%"
"2015-10-14","2.834","2.886","2.891","2.833","-1.63%"
"2015-10-13","2.881","2.895","2.914","2.865","-0.47%"
"2015-10-12","2.895","2.894","2.897","2.893","-0.94%"
"2015-10-9","2.922","2.934","2.970","2.915","-0.51%"
"2015-10-8","2.937","2.901","2.964","2.864","1.52%"
"2015-10-7","2.893","2.873","2.923","2.872","0.73%"
"2015-10-6","2.872","2.893","2.921","2.868","-0.93%"
"2015-10-5","2.899","2.820","2.906","2.813","2.67%"
"2015-10-3","2.824","2.824","2.824","2.824","0.00%"
"2015-10-2","2.824","2.857","2.871","2.749","-1.02%"
"2015-10-1","2.853","2.855","2.887","2.819","-0.04%"
"2015-9-30","2.854","2.860","2.906","2.852","-0.14%"
"2015-9-29","2.858","2.879","2.906","2.841","-0.66%"
"2015-9-28","2.877","2.950","2.963","2.864","-2.80%"
"2015-9-25","2.960","2.920","2.978","2.908","1.47%"
"2015-9-24","2.917","2.939","2.951","2.865","-0.95%"
"2015-9-23","2.945","2.935","2.984","2.932","0.07%"
"2015-9-22","2.943","3.013","3.014","2.919","-2.42%"
"2015-9-21","3.016","2.946","3.040","2.944","2.79%"
"2015-9-18","2.934","3.009","3.010","2.927","-2.49%"
"2015-9-17","3.009","3.082","3.085","3.005","-2.46%"
"2015-9-16","3.085","3.058","3.092","3.035","0.46%"
"2015-9-15","3.071","2.956","3.072","2.932","3.93%"
"2015-9-14","2.955","2.960","2.964","2.923","0.10%"
"2015-9-11","2.952","2.985","2.989","2.922","-1.24%"
"2015-9-10","2.989","2.951","2.997","2.944","1.18%"
"2015-9-9","2.954","2.957","3.038","2.936","-0.17%"
"2015-9-8","2.959","2.908","2.980","2.887","1.84%"
"2015-9-7","2.906","2.901","2.908","2.901","0.47%"
"2015-9-4","2.892","2.941","2.943","2.878","-1.53%"
"2015-9-3","2.937","2.951","2.978","2.925","-0.58%"
"2015-9-2","2.954","2.922","2.969","2.901","1.20%"
"2015-9-1","2.919","2.955","2.964","2.893","-1.39%"
"2015-8-31","2.960","2.907","2.965","2.861","1.72%"
"2015-8-28","2.910","2.932","2.936","2.865","-0.65%"
"2015-8-27","2.929","2.927","2.951","2.877","-0.20%"
"2015-8-26","2.935","2.793","2.960","2.788","4.52%"
"2015-8-25","2.808","2.741","2.859","2.735","2.74%"
"2015-8-24","2.733","2.726","2.760","2.624","-0.11%"
"2015-8-21","2.736","2.749","2.773","2.720","-0.33%"
"2015-8-20","2.745","2.818","2.822","2.743","-2.52%"
"2015-8-19","2.816","2.858","2.892","2.800","-1.40%"
"2015-8-18","2.856","2.818","2.870","2.795","1.28%"
"2015-8-17","2.820","2.838","2.842","2.792","-0.88%"
"2015-8-14","2.845","2.855","2.877","2.821","-0.42%"
"2015-8-13","2.857","2.837","2.880","2.818","0.67%"
"2015-8-12","2.838","2.817","2.841","2.725","1.00%"
"2015-8-11","2.810","2.898","2.899","2.789","-3.00%"
"2015-8-10","2.897","2.828","2.909","2.828","2.66%"
"2015-8-7","2.822","2.897","2.931","2.818","-2.62%"
"2015-8-6","2.898","2.944","2.958","2.888","-1.50%"
"2015-8-5","2.942","2.904","2.963","2.894","1.52%"
"2015-8-4","2.898","2.847","2.905","2.846","1.54%"
"2015-8-3","2.854","2.919","2.924","2.845","-1.89%"
"2015-7-31","2.909","2.939","2.963","2.895","-1.16%"
"2015-7-30","2.943","3.004","3.028","2.937","-1.93%"
"2015-7-29","3.001","2.967","3.030","2.961","1.28%"
"2015-7-28","2.963","2.940","2.984","2.934","1.20%"
"2015-7-27","2.928","2.959","2.965","2.913","-1.08%"
"2015-7-24","2.960","2.974","2.984","2.950","-0.30%"
"2015-7-23","2.969","3.040","3.052","2.967","-2.50%"
"2015-7-22","3.045","3.066","3.076","3.026","-0.72%"
"2015-7-21","3.067","3.096","3.139","3.063","-1.26%"
"2015-7-20","3.106","3.090","3.120","3.066","0.83%"
"2015-7-18","3.080","3.080","3.080","3.080","0.00%"
"2015-7-17","3.080","3.114","3.121","3.071","-1.09%"
"2015-7-16","3.114","3.152","3.172","3.102","-0.89%"
"2015-7-15","3.142","3.188","3.218","3.129","-1.57%"
"2015-7-14","3.192","3.228","3.231","3.187","-1.08%"
"2015-7-13","3.227","3.180","3.250","3.165","1.10%"
"2015-7-10","3.192","3.152","3.211","3.133","2.44%"
"2015-7-9","3.116","2.981","3.123","2.962","4.60%"
"2015-7-8","2.979","3.036","3.036","2.962","-1.85%"
"2015-7-7","3.035","3.088","3.108","2.982","-1.68%"
"2015-7-6","3.087","3.088","3.142","3.068","-3.23%"
"2015-7-2","3.190","3.209","3.250","3.162","-0.53%"
"2015-7-1","3.207","3.134","3.217","3.114","2.82%"
"2015-6-30","3.119","3.097","3.138","3.072","0.58%"
"2015-6-29","3.101","3.093","3.178","3.074","-4.35%"
"2015-6-26","3.242","3.166","3.256","3.160","2.05%"
"2015-6-25","3.177","3.142","3.190","3.142","0.79%"
"2015-6-24","3.152","3.188","3.192","3.143","-1.65%"
"2015-6-23","3.205","3.163","3.221","3.148","1.36%"
"2015-6-22","3.162","3.073","3.171","3.066","3.71%"
"2015-6-19","3.049","3.121","3.124","3.046","-2.59%"
"2015-6-18","3.130","3.081","3.160","3.040","1.10%"
"2015-6-17","3.096","3.045","3.140","3.035","1.81%"
"2015-6-16","3.041","3.086","3.099","3.040","-1.52%"
"2015-6-15","3.088","3.062","3.110","3.038","-0.45%"
"2015-6-12","3.102","3.101","3.119","3.045","0.19%"
"2015-6-11","3.096","3.211","3.227","3.095","-3.73%"
"2015-6-10","3.216","3.161","3.227","3.161","1.36%"
"2015-6-9","3.173","3.114","3.183","3.084","1.89%"
"2015-6-8","3.114","3.119","3.122","3.083","-0.03%"
"2015-6-5","3.115","3.044","3.136","3.043","2.37%"
"2015-6-4","3.043","3.098","3.159","3.027","-1.84%"
"2015-6-3","3.100","3.011","3.128","3.006","2.79%"
"2015-6-2","3.016","2.944","3.032","2.928","2.76%"
"2015-6-1","2.935","2.888","2.959","2.864","1.82%"
"2015-5-30","2.883","2.883","2.883","2.883","0.00%"
"2015-5-29","2.883","2.888","2.891","2.842","-0.10%"
"2015-5-28","2.886","2.876","2.900","2.856","0.63%"
"2015-5-27","2.868","2.908","2.928","2.864","-1.17%"
"2015-5-26","2.902","2.971","2.975","2.883","-2.37%"
"2015-5-25","2.972","2.986","2.986","2.970","-0.46%"
"2015-5-22","2.986","2.991","3.011","2.953","-0.17%"
"2015-5-21","2.991","3.045","3.054","2.973","-2.19%"
"2015-5-20","3.058","3.066","3.088","3.030","-0.52%"
"2015-5-19","3.074","3.027","3.092","2.976","1.45%"
"2015-5-18","3.030","2.943","3.035","2.929","3.24%"
"2015-5-15","2.935","3.033","3.033","2.914","-3.96%"
"2015-5-14","3.056","3.082","3.100","3.031","-0.94%"
"2015-5-13","3.085","3.022","3.092","2.958","2.49%"
"2015-5-12","3.010","3.039","3.128","2.988","-1.34%"
"2015-5-11","3.051","2.889","3.054","2.878","5.35%"
"2015-5-8","2.896","2.901","2.932","2.853","-0.38%"
"2015-5-7","2.907","2.990","3.038","2.893","-3.29%"
"2015-5-6","3.006","2.912","3.009","2.908","3.37%"
"2015-5-5","2.908","2.878","2.934","2.848","1.04%"
"2015-5-4","2.878","2.838","2.885","2.804","1.84%"
"2015-5-1","2.826","2.751","2.840","2.747","2.99%"
"2015-4-30","2.744","2.747","2.813","2.733","-0.58%"
"2015-4-29","2.760","2.688","2.792","2.684","2.07%"
"2015-4-28","2.704","2.615","2.709","2.604","3.32%"
"2015-4-27","2.617","2.608","2.643","2.595","0.11%"
"2015-4-24","2.614","2.650","2.666","2.598","-1.28%"
"2015-4-23","2.648","2.661","2.676","2.621","-0.64%"
"2015-4-22","2.665","2.578","2.679","2.560","3.13%"
"2015-4-21","2.584","2.560","2.592","2.535","1.10%"
"2015-4-20","2.556","2.526","2.577","2.509","1.51%"
"2015-4-17","2.518","2.576","2.594","2.501","-2.33%"
"2015-4-16","2.578","2.543","2.597","2.522","1.50%"
"2015-4-15","2.540","2.537","2.571","2.518","-0.12%"
"2015-4-14","2.543","2.575","2.578","2.493","-1.24%"
"2015-4-13","2.575","2.584","2.621","2.565","-0.35%"
"2015-4-10","2.584","2.598","2.603","2.551","-0.54%"
"2015-4-9","2.598","2.527","2.607","2.504","2.69%"
"2015-4-8","2.530","2.519","2.564","2.506","0.40%"
"2015-4-7","2.520","2.556","2.572","2.516","-1.45%"
"2015-4-6","2.557","2.528","2.575","2.445","2.77%"
"2015-4-3","2.488","2.528","2.569","2.445","-1.85%"
"2015-4-2","2.535","2.464","2.537","2.441","2.80%"
"2015-4-1","2.466","2.542","2.559","2.457","-2.91%"
"2015-3-31","2.540","2.553","2.574","2.529","-0.47%"
"2015-3-30","2.552","2.535","2.567","2.528","0.67%"
"2015-3-27","2.535","2.590","2.593","2.523","-2.01%"
"2015-3-26","2.587","2.509","2.604","2.474","3.19%"
"2015-3-25","2.507","2.468","2.514","2.444","1.66%"
"2015-3-24","2.466","2.518","2.522","2.458","-1.71%"
"2015-3-23","2.509","2.501","2.526","2.495","0.08%"
"2015-3-20","2.507","2.525","2.537","2.497","-0.83%"
"2015-3-19","2.528","2.506","2.555","2.496","0.76%"
"2015-3-18","2.509","2.607","2.634","2.500","-3.76%"
"2015-3-17","2.607","2.652","2.654","2.600","-1.47%"
"2015-3-16","2.646","2.689","2.690","2.644","-2.00%"
"2015-3-13","2.700","2.697","2.731","2.672","0.22%"
"2015-3-12","2.694","2.678","2.708","2.634","0.34%"
"2015-3-11","2.685","2.718","2.745","2.674","-0.85%"
"2015-3-10","2.708","2.805","2.809","2.706","-3.15%"
"2015-3-9","2.796","2.849","2.859","2.787","-1.72%"
"2015-3-6","2.845","2.732","2.870","2.707","4.37%"
"2015-3-5","2.726","2.713","2.749","2.699","0.22%"
"2015-3-4","2.720","2.717","2.736","2.689","0.11%"
"2015-3-3","2.717","2.683","2.724","2.676","1.15%"
"2015-3-2","2.686","2.600","2.701","2.593","3.59%"
"2015-2-27","2.593","2.622","2.649","2.590","-1.48%"
"2015-2-26","2.632","2.574","2.639","2.533","2.33%"
"2015-2-25","2.572","2.599","2.610","2.555","-0.46%"
"2015-2-24","2.584","2.670","2.695","2.580","-2.78%"
"2015-2-23","2.658","2.717","2.745","2.649","-2.21%"
"2015-2-20","2.718","2.744","2.747","2.658","-0.84%"
"2015-2-19","2.741","2.711","2.744","2.677","0.92%"
"2015-2-18","2.716","2.727","2.746","2.671","-0.62%"
"2015-2-17","2.733","2.638","2.747","2.610","3.58%"
"2015-2-16","2.639","2.638","2.642","2.635","-0.32%"
"2015-2-13","2.647","2.576","2.655","2.564","2.68%"
"2015-2-12","2.578","2.576","2.628","2.520","-0.39%"
"2015-2-11","2.588","2.572","2.609","2.553","0.23%"
"2015-2-10","2.582","2.549","2.596","2.541","1.25%"
"2015-2-9","2.550","2.513","2.563","2.464","0.75%"
"2015-2-6","2.531","2.433","2.540","2.409","4.20%"
"2015-2-5","2.429","2.341","2.435","2.322","3.76%"
"2015-2-4","2.341","2.376","2.440","2.336","-1.93%"
"2015-2-3","2.387","2.259","2.394","2.251","5.76%"
"2015-2-2","2.257","2.231","2.291","2.230","1.53%"
"2015-1-30","2.223","2.324","2.327","2.221","-4.14%"
"2015-1-29","2.319","2.299","2.347","2.282","1.35%"
"2015-1-28","2.288","2.397","2.408","2.273","-4.63%"
"2015-1-27","2.399","2.403","2.409","2.328","0.04%"
"2015-1-26","2.398","2.355","2.412","2.336","1.40%"
"2015-1-23","2.365","2.451","2.455","2.361","-3.23%"
"2015-1-22","2.444","2.462","2.552","2.403","-0.89%"
"2015-1-21","2.466","2.386","2.467","2.350","3.66%"
"2015-1-20","2.379","2.426","2.448","2.370","-1.95%"
"2015-1-19","2.426","2.436","2.438","2.424","-0.81%"
"2015-1-16","2.446","2.374","2.457","2.350","3.34%"
"2015-1-15","2.367","2.472","2.501","2.354","-4.01%"
"2015-1-14","2.466","2.503","2.503","2.395","-1.44%"
"2015-1-13","2.502","2.499","2.531","2.461","0.28%"
"2015-1-12","2.495","2.545","2.566","2.483","-1.46%"
"2015-1-9","2.532","2.598","2.622","2.528","-2.58%"
"2015-1-8","2.599","2.537","2.605","2.528","2.65%"
"2015-1-7","2.532","2.507","2.572","2.495","1.32%"
"2015-1-6","2.499","2.608","2.608","2.471","-4.00%"
"2015-1-5","2.603","2.679","2.702","2.592","-3.20%"
"2015-1-2","2.689","2.776","2.786","2.677","-2.18%"
"2014-12-31","2.749","2.757","2.762","2.739","-0.36%"
"2014-12-30","2.759","2.769","2.779","2.736","-0.50%"
"2014-12-29","2.773","2.816","2.817","2.759","-1.56%"
"2014-12-26","2.817","2.825","2.833","2.795","-0.28%"
"2014-12-25","2.825","2.826","2.829","2.825","-0.32%"
"2014-12-24","2.834","2.852","2.882","2.822","-0.84%"
"2014-12-23","2.858","2.741","2.865","2.741","4.27%"
"2014-12-22","2.741","2.757","2.787","2.740","-0.47%"
"2014-12-19","2.754","2.825","2.853","2.750","-2.27%"
"2014-12-18","2.818","2.733","2.830","2.707","3.22%"
"2014-12-17","2.730","2.694","2.770","2.682","1.49%"
"2014-12-16","2.690","2.748","2.750","2.670","-1.90%"
"2014-12-15","2.742","2.737","2.783","2.722","0.04%"
"2014-12-12","2.741","2.811","2.815","2.736","-2.49%"
"2014-12-11","2.811","2.835","2.873","2.805","-0.95%"
"2014-12-10","2.838","2.875","2.882","2.821","-1.08%"
"2014-12-9","2.869","2.907","2.914","2.841","-1.24%"
"2014-12-8","2.905","2.967","2.998","2.891","-2.02%"
"2014-12-5","2.965","2.942","3.001","2.940","1.02%"
"2014-12-4","2.935","2.987","2.998","2.935","-1.74%"
"2014-12-3","2.987","3.012","3.017","2.985","-0.86%"
"2014-12-2","3.013","2.965","3.016","2.947","1.69%"
"2014-12-1","2.963","2.897","2.972","2.876","2.42%"
"2014-11-28","2.893","2.924","2.933","2.889","-1.08%"
"2014-11-27","2.924","2.921","2.926","2.921","-1.00%"
"2014-11-26","2.954","2.964","2.969","2.937","-0.34%"
"2014-11-25","2.964","3.016","3.022","2.961","-1.79%"
"2014-11-24","3.018","3.016","3.045","3.010","-0.03%"
"2014-11-21","3.019","3.057","3.060","3.013","-1.15%"
"2014-11-20","3.054","3.078","3.078","3.018","-0.75%"
"2014-11-19","3.077","3.041","3.082","3.031","1.22%"
"2014-11-18","3.040","3.059","3.066","3.032","-0.78%"
"2014-11-17","3.064","3.037","3.075","3.010","0.69%"
"2014-11-14","3.043","3.071","3.089","3.042","-0.98%"
"2014-11-13","3.073","3.105","3.110","3.065","-1.03%"
"2014-11-12","3.105","3.090","3.108","3.044","0.48%"
"2014-11-11","3.090","3.091","3.091","3.089","-0.06%"
"2014-11-10","3.092","3.035","3.096","3.015","1.95%"
"2014-11-7","3.033","3.105","3.133","3.029","-2.19%"
"2014-11-6","3.101","3.062","3.107","3.048","1.27%"
"2014-11-5","3.062","3.049","3.083","3.037","0.43%"
"2014-11-4","3.049","3.063","3.068","3.020","-0.59%"
"2014-11-3","3.067","3.041","3.101","3.034","0.03%"
"2014-10-31","3.066","3.047","3.096","3.040","0.59%"
"2014-10-30","3.048","3.038","3.059","3.008","-0.16%"
"2014-10-29","3.053","3.069","3.125","3.038","-0.65%"
"2014-10-28","3.073","3.037","3.073","3.024","1.19%"
"2014-10-27","3.037","3.058","3.065","3.018","-0.13%"
"2014-10-24","3.041","3.046","3.055","3.002","-0.26%"
"2014-10-23","3.049","2.992","3.073","2.976","1.84%"
"2014-10-22","2.994","2.989","3.018","2.949","-0.20%"
"2014-10-21","3.000","2.955","3.004","2.924","1.04%"
"2014-10-20","2.969","2.989","2.995","2.935","-0.13%"
"2014-10-17","2.973","2.934","3.005","2.914","1.29%"
"2014-10-16","2.935","2.907","2.958","2.776","0.89%"
"2014-10-15","2.909","2.962","2.975","2.673","-1.46%"
"2014-10-14","2.952","2.995","3.009","2.929","-1.42%"
"2014-10-13","2.994","2.992","2.997","2.992","-0.65%"
"2014-10-10","3.014","3.053","3.070","3.011","-1.60%"
"2014-10-9","3.063","3.064","3.085","3.029","0.26%"
"2014-10-8","3.055","3.053","3.091","3.039","0.30%"
"2014-10-7","3.046","3.128","3.135","3.045","-2.59%"
"2014-10-6","3.127","3.130","3.145","3.105","0.06%"
"2014-10-3","3.125","3.150","3.276","3.123","-0.73%"
"2014-10-2","3.148","3.089","3.155","3.089","1.65%"
"2014-10-1","3.097","3.210","3.221","3.090","-3.28%"
"2014-9-30","3.202","3.166","3.216","3.164","1.07%"
"2014-9-29","3.168","3.203","3.217","3.159","-1.46%"
"2014-9-27","3.215","3.215","3.215","3.215","0.00%"
"2014-9-26","3.215","3.217","3.256","3.195","0.09%"
"2014-9-25","3.212","3.284","3.289","3.209","-2.07%"
"2014-9-24","3.280","3.249","3.287","3.242","1.08%"
"2014-9-23","3.245","3.276","3.280","3.241","-1.28%"
"2014-9-22","3.287","3.279","3.295","3.261","0.00%"
"2014-9-19","3.287","3.358","3.382","3.284","-1.85%"
"2014-9-18","3.349","3.371","3.373","3.330","-0.56%"
"2014-9-17","3.368","3.357","3.391","3.323","0.21%"
"2014-9-16","3.361","3.350","3.365","3.308","0.48%"
"2014-9-15","3.345","3.345","3.352","3.310","0.05%"
"2014-9-13","3.343","3.343","3.343","3.343","0.00%"
"2014-9-12","3.343","3.272","3.354","3.271","2.05%"
"2014-9-11","3.276","3.269","3.283","3.236","0.12%"
"2014-9-10","3.272","3.231","3.275","3.219","1.27%"
"2014-9-9","3.231","3.232","3.254","3.219","0.25%"
"2014-9-8","3.223","3.223","3.241","3.183","-0.12%"
"2014-9-5","3.227","3.227","3.241","3.170","0.53%"
"2014-9-4","3.210","3.148","3.216","3.135","2.13%"
"2014-9-3","3.143","3.174","3.216","3.141","-1.07%"
"2014-9-2","3.177","3.092","3.178","3.089","2.75%"
"2014-9-1","3.092","3.094","3.094","3.092","0.26%"
"2014-8-29","3.084","3.078","3.094","3.059","0.29%"
"2014-8-28","3.075","3.102","3.109","3.059","-0.97%"
"2014-8-27","3.105","3.161","3.161","3.100","-1.83%"
"2014-8-26","3.163","3.132","3.164","3.121","0.96%"
"2014-8-25","3.133","3.168","3.169","3.128","-0.82%"
"2014-8-22","3.159","3.192","3.211","3.152","-0.97%"
"2014-8-21","3.190","3.227","3.241","3.184","-0.87%"
"2014-8-20","3.218","3.212","3.243","3.204","0.06%"
"2014-8-19","3.216","3.200","3.223","3.164","0.56%"
"2014-8-18","3.198","3.147","3.202","3.138","2.17%"
"2014-8-15","3.130","3.204","3.209","3.106","-1.97%"
"2014-8-14","3.193","3.247","3.256","3.188","-1.63%"
"2014-8-13","3.246","3.283","3.292","3.237","-0.92%"
"2014-8-12","3.276","3.245","3.277","3.233","1.05%"
"2014-8-11","3.242","3.239","3.247","3.220","0.37%"
"2014-8-8","3.230","3.230","3.242","3.178","0.28%"
"2014-8-7","3.221","3.271","3.281","3.219","-1.44%"
"2014-8-6","3.268","3.284","3.287","3.225","-0.55%"
"2014-8-5","3.286","3.294","3.328","3.273","-0.15%"
"2014-8-4","3.291","3.286","3.299","3.270","0.27%"
"2014-8-2","3.282","3.282","3.282","3.282","0.00%"
"2014-8-1","3.282","3.320","3.370","3.268","-1.11%"
"2014-7-31","3.319","3.314","3.373","3.294","0.18%"
"2014-7-30","3.313","3.221","3.314","3.221","2.67%"
"2014-7-29","3.227","3.256","3.262","3.217","-0.86%"
"2014-7-28","3.255","3.242","3.266","3.229","0.49%"
"2014-7-25","3.239","3.294","3.304","3.237","-1.64%"
"2014-7-24","3.293","3.268","3.309","3.256","0.86%"
"2014-7-23","3.265","3.254","3.266","3.240","0.37%"
"2014-7-22","3.253","3.262","3.292","3.247","-0.15%"
"2014-7-21","3.258","3.286","3.292","3.239","-0.91%"
"2014-7-18","3.288","3.274","3.315","3.269","0.74%"
"2014-7-17","3.264","3.337","3.337","3.260","-2.28%"
"2014-7-16","3.340","3.365","3.382","3.338","-0.95%"
"2014-7-15","3.372","3.373","3.395","3.346","0.00%"
"2014-7-14","3.372","3.344","3.373","3.334","1.06%"
"2014-7-12","3.337","3.337","3.337","3.337","0.00%"
"2014-7-11","3.337","3.367","3.375","3.334","-1.01%"
"2014-7-10","3.371","3.382","3.383","3.323","-0.21%"
"2014-7-9","3.378","3.373","3.397","3.358","0.03%"
"2014-7-8","3.377","3.438","3.441","3.373","-1.77%"
"2014-7-7","3.438","3.477","3.484","3.427","-0.92%"
"2014-7-3","3.470","3.459","3.516","3.450","0.20%"
"2014-7-2","3.463","3.401","3.468","3.382","1.88%"
"2014-7-1","3.399","3.362","3.402","3.348","1.13%"
"2014-6-30","3.361","3.365","3.372","3.337","-0.21%"
"2014-6-27","3.368","3.353","3.372","3.336","0.33%"
"2014-6-26","3.357","3.384","3.387","3.335","-0.77%"
"2014-6-25","3.383","3.398","3.412","3.358","-0.41%"
"2014-6-24","3.397","3.451","3.451","3.394","-1.62%"
"2014-6-23","3.453","3.441","3.457","3.414","0.55%"
"2014-6-20","3.434","3.468","3.499","3.433","-0.92%"
"2014-6-19","3.466","3.405","3.492","3.396","1.82%"
"2014-6-18","3.404","3.448","3.457","3.383","-1.13%"
"2014-6-17","3.443","3.400","3.447","3.387","1.41%"
"2014-6-16","3.395","3.408","3.416","3.352","-0.64%"
"2014-6-13","3.417","3.413","3.449","3.387","0.06%"
"2014-6-12","3.415","3.468","3.486","3.403","-1.53%"
"2014-6-11","3.468","3.484","3.487","3.445","-0.17%"
"2014-6-10","3.474","3.440","3.481","3.424","0.84%"
"2014-6-9","3.445","3.438","3.462","3.429","0.15%"
"2014-6-6","3.440","3.434","3.490","3.392","0.12%"
"2014-6-5","3.436","3.435","3.493","3.420","-0.23%"
"2014-6-4","3.444","3.437","3.454","3.408","0.15%"
"2014-6-3","3.439","3.370","3.444","3.360","2.11%"
"2014-6-2","3.368","3.333","3.390","3.324","1.23%"
"2014-5-30","3.327","3.324","3.340","3.305","-0.06%"
"2014-5-29","3.329","3.298","3.330","3.266","1.09%"
"2014-5-28","3.293","3.362","3.362","3.286","-2.14%"
"2014-5-27","3.365","3.400","3.410","3.360","-1.06%"
"2014-5-26","3.401","3.402","3.403","3.400","0.09%"
"2014-5-23","3.398","3.423","3.425","3.383","-0.85%"
"2014-5-22","3.427","3.423","3.451","3.405","0.38%"
"2014-5-21","3.414","3.382","3.437","3.382","0.77%"
"2014-5-20","3.388","3.385","3.403","3.352","0.00%"
"2014-5-19","3.388","3.343","3.396","3.324","1.26%"
"2014-5-16","3.346","3.333","3.355","3.323","0.42%"
"2014-5-15","3.332","3.373","3.392","3.303","-1.33%"
"2014-5-14","3.377","3.449","3.457","3.364","-1.95%"
"2014-5-13","3.444","3.494","3.495","3.441","-1.49%"
"2014-5-12","3.496","3.468","3.503","3.468","0.89%"
"2014-5-9","3.465","3.445","3.480","3.416","1.02%"
"2014-5-8","3.430","3.407","3.438","3.370","0.82%"
"2014-5-7","3.402","3.389","3.411","3.368","0.50%"
"2014-5-6","3.385","3.405","3.421","3.371","-0.50%"
"2014-5-5","3.402","3.357","3.411","3.355","1.10%"
"2014-5-2","3.365","3.412","3.475","3.349","-1.26%"
"2014-5-1","3.408","3.471","3.479","3.399","-1.42%"
"2014-4-30","3.457","3.487","3.516","3.456","-1.06%"
"2014-4-29","3.494","3.495","3.523","3.483","0.00%"
"2014-4-28","3.494","3.449","3.497","3.445","1.45%"
"2014-4-25","3.444","3.456","3.458","3.418","-0.35%"
"2014-4-24","3.456","3.485","3.509","3.453","-0.52%"
"2014-4-23","3.474","3.498","3.508","3.464","-0.54%"
"2014-4-22","3.493","3.524","3.540","3.490","-0.74%"
"2014-4-21","3.519","3.517","3.526","3.484","0.06%"
"2014-4-17","3.517","3.449","3.524","3.439","1.97%"
"2014-4-16","3.449","3.459","3.496","3.444","-0.43%"
"2014-4-15","3.464","3.489","3.501","3.435","-0.77%"
"2014-4-14","3.491","3.467","3.501","3.466","0.06%"
"2014-4-11","3.489","3.507","3.524","3.472","-0.71%"
"2014-4-10","3.514","3.581","3.587","3.500","-1.68%"
"2014-4-9","3.574","3.543","3.582","3.543","0.93%"
"2014-4-8","3.541","3.563","3.576","3.535","-0.45%"
"2014-4-7","3.557","3.580","3.602","3.545","-0.84%"
"2014-4-4","3.587","3.627","3.648","3.575","-1.21%"
"2014-4-3","3.631","3.647","3.649","3.612","-0.49%"
"2014-4-2","3.649","3.606","3.654","3.606","1.16%"
"2014-4-1","3.607","3.563","3.615","3.563","1.32%"
"2014-3-31","3.560","3.549","3.606","3.547","0.34%"
"2014-3-28","3.548","3.527","3.568","3.513","0.57%"
"2014-3-27","3.528","3.542","3.557","3.493","-0.40%"
"2014-3-26","3.542","3.594","3.608","3.538","-1.39%"
"2014-3-25","3.592","3.566","3.612","3.559","0.84%"
"2014-3-24","3.562","3.652","3.664","3.559","-1.30%"
"2014-3-21","3.609","3.652","3.664","3.602","-1.53%"
"2014-3-20","3.665","3.654","3.672","3.612","0.16%"
"2014-3-19","3.659","3.615","3.684","3.606","1.22%"
"2014-3-18","3.615","3.628","3.639","3.603","-0.44%"
"2014-3-17","3.631","3.584","3.634","3.584","0.86%"
"2014-3-14","3.600","3.592","3.603","3.556","0.25%"
"2014-3-13","3.591","3.674","3.687","3.587","-2.26%"
"2014-3-12","3.674","3.711","3.714","3.653","-0.97%"
"2014-3-11","3.710","3.721","3.733","3.704","-0.35%"
"2014-3-10","3.723","3.721","3.737","3.701","0.05%"
"2014-3-7","3.721","3.695","3.752","3.671","0.79%"
"2014-3-6","3.692","3.648","3.694","3.640","1.21%"
"2014-3-5","3.648","3.644","3.659","3.623","-0.03%"
"2014-3-4","3.649","3.560","3.652","3.556","2.64%"
"2014-3-3","3.555","3.558","3.575","3.536","-0.81%"
"2014-2-28","3.584","3.599","3.637","3.580","-0.22%"
"2014-2-27","3.592","3.630","3.637","3.592","-0.96%"
"2014-2-26","3.627","3.662","3.675","3.625","-0.90%"
"2014-2-25","3.660","3.701","3.703","3.655","-1.08%"
"2014-2-24","3.700","3.697","3.720","3.684","0.14%"
"2014-2-21","3.695","3.724","3.743","3.692","-0.78%"
"2014-2-20","3.724","3.708","3.743","3.679","0.30%"
"2014-2-19","3.713","3.678","3.715","3.652","0.92%"
"2014-2-18","3.679","3.700","3.714","3.660","-0.55%"
"2014-2-17","3.700","3.699","3.701","3.699","0.04%"
"2014-2-14","3.698","3.696","3.709","3.673","0.38%"
"2014-2-13","3.684","3.717","3.717","3.676","-1.02%"
"2014-2-12","3.722","3.687","3.737","3.683","0.87%"
"2014-2-11","3.690","3.662","3.706","3.661","1.01%"
"2014-2-10","3.653","3.672","3.687","3.650","-0.57%"
"2014-2-7","3.674","3.667","3.702","3.623","0.14%"
"2014-2-6","3.669","3.647","3.684","3.639","0.55%"
"2014-2-5","3.649","3.599","3.657","3.580","1.30%"
"2014-2-4","3.602","3.537","3.607","3.526","1.98%"
"2014-2-3","3.532","3.614","3.632","3.525","-1.86%"
"2014-1-31","3.599","3.640","3.649","3.594","-1.04%"
"2014-1-30","3.637","3.627","3.665","3.617","0.53%"
"2014-1-29","3.618","3.694","3.710","3.608","-1.52%"
"2014-1-28","3.674","3.668","3.701","3.665","0.19%"
"2014-1-27","3.667","3.632","3.684","3.628","0.88%"
"2014-1-24","3.635","3.682","3.693","3.633","-1.33%"
"2014-1-23","3.684","3.766","3.766","3.661","-2.07%"
"2014-1-22","3.762","3.743","3.766","3.734","0.32%"
"2014-1-21","3.750","3.750","3.778","3.734","0.00%"
"2014-1-20","3.750","3.751","3.751","3.750","-0.03%"
"2014-1-17","3.751","3.772","3.788","3.746","-0.58%"
"2014-1-16","3.773","3.822","3.824","3.769","-1.33%"
"2014-1-15","3.824","3.806","3.835","3.797","0.53%"
"2014-1-14","3.804","3.784","3.806","3.773","0.77%"
"2014-1-13","3.775","3.798","3.809","3.763","-0.71%"
"2014-1-10","3.802","3.883","3.891","3.795","-2.01%"
"2014-1-9","3.880","3.889","3.908","3.866","-0.36%"
"2014-1-8","3.894","3.888","3.932","3.884","0.21%"
"2014-1-7","3.886","3.902","3.907","3.880","-0.41%"
"2014-1-6","3.902","3.941","3.942","3.879","-0.61%"
"2014-1-3","3.926","3.917","3.951","3.908","0.08%"
"2014-1-2","3.923","3.965","3.983","3.909","-1.04%"
"2014-1-1","3.964","3.964","3.964","3.964","0.00%"
"2013-12-31","3.964","3.908","3.974","3.898","1.56%"
"2013-12-30","3.903","4.001","4.001","3.895","-0.94%"
"2013-12-27","3.940","3.925","3.950","3.908","0.36%"
"2013-12-26","3.926","3.912","3.931","3.890","0.40%"
"2013-12-25","3.910","3.897","3.910","3.897","0.34%"
"2013-12-24","3.897","3.851","3.902","3.834","1.19%"
"2013-12-23","3.851","3.812","3.853","3.779","0.63%"
"2013-12-20","3.827","3.922","3.922","3.814","-2.15%"
"2013-12-19","3.911","3.898","3.918","3.883","0.10%"
"2013-12-18","3.907","3.872","3.953","3.847","1.03%"
"2013-12-17","3.867","3.889","3.917","3.867","-0.74%"
"2013-12-16","3.896","3.874","3.901","3.842","0.54%"
"2013-12-13","3.875","3.893","3.910","3.866","-0.51%"
"2013-12-12","3.895","3.886","3.905","3.863","0.21%"
"2013-12-11","3.887","3.852","3.888","3.836","1.22%"
"2013-12-10","3.840","3.875","3.878","3.827","-0.83%"
"2013-12-9","3.872","3.897","3.899","3.869","-0.46%"
"2013-12-6","3.890","3.919","3.980","3.882","-0.66%"
"2013-12-5","3.916","3.901","3.925","3.883","0.33%"
"2013-12-4","3.903","3.851","3.916","3.843","1.48%"
"2013-12-3","3.846","3.861","3.867","3.828","-0.31%"
"2013-12-2","3.858","3.825","3.869","3.824","1.07%"
"2013-11-29","3.817","3.821","3.842","3.804","-0.16%"
"2013-11-28","3.823","3.815","3.823","3.815","0.16%"
"2013-11-27","3.817","3.806","3.842","3.795","0.45%"
"2013-11-26","3.800","3.806","3.822","3.784","-0.52%"
"2013-11-25","3.820","3.835","3.854","3.812","-0.34%"
"2013-11-22","3.833","3.887","3.899","3.828","-1.44%"
"2013-11-21","3.889","3.927","3.938","3.879","-0.69%"
"2013-11-20","3.916","3.803","3.917","3.784","2.94%"
"2013-11-19","3.804","3.757","3.808","3.749","1.25%"
"2013-11-18","3.757","3.804","3.809","3.751","-1.03%"
"2013-11-15","3.796","3.794","3.820","3.787","0.18%"
"2013-11-14","3.789","3.818","3.825","3.763","-0.97%"
"2013-11-13","3.826","3.859","3.861","3.812","-0.80%"
"2013-11-12","3.857","3.872","3.887","3.848","-0.38%"
"2013-11-11","3.872","3.869","3.874","3.869","0.62%"
"2013-11-8","3.848","3.713","3.855","3.705","3.80%"
"2013-11-7","3.707","3.778","3.783","3.704","-1.83%"
"2013-11-6","3.776","3.771","3.787","3.752","0.13%"
"2013-11-5","3.771","3.696","3.773","3.687","2.08%"
"2013-11-4","3.694","3.695","3.705","3.672","0.00%"
"2013-11-1","3.694","3.643","3.702","3.637","1.51%"
"2013-10-31","3.639","3.645","3.659","3.610","-0.08%"
"2013-10-30","3.642","3.617","3.656","3.590","0.80%"
"2013-10-29","3.613","3.615","3.634","3.601","-0.14%"
"2013-10-28","3.618","3.601","3.621","3.590","0.47%"
"2013-10-25","3.601","3.614","3.614","3.585","-0.33%"
"2013-10-24","3.613","3.591","3.615","3.565","0.64%"
"2013-10-23","3.590","3.608","3.613","3.567","-0.58%"
"2013-10-22","3.611","3.675","3.682","3.601","-1.66%"
"2013-10-21","3.672","3.654","3.689","3.647","0.63%"
"2013-10-18","3.649","3.666","3.672","3.617","-0.33%"
"2013-10-17","3.661","3.730","3.730","3.650","-1.64%"
"2013-10-16","3.722","3.799","3.804","3.715","-1.61%"
"2013-10-15","3.783","3.796","3.797","3.749","-0.35%"
"2013-10-14","3.796","3.795","3.796","3.794","1.37%"
"2013-10-11","3.745","3.734","3.749","3.697","0.32%"
"2013-10-10","3.733","3.744","3.787","3.730","-0.08%"
"2013-10-9","3.736","3.692","3.744","3.685","1.14%"
"2013-10-8","3.694","3.695","3.726","3.678","-0.03%"
"2013-10-7","3.695","3.719","3.721","3.685","-0.65%"
"2013-10-4","3.719","3.730","3.740","3.710","0.35%"
"2013-10-3","3.706","3.704","3.733","3.679","0.11%"
"2013-10-2","3.702","3.722","3.726","3.673","-0.38%"
"2013-10-1","3.716","3.688","3.733","3.685","0.65%"
"2013-9-30","3.692","3.680","3.704","3.656","0.16%"
"2013-9-27","3.686","3.698","3.718","3.668","-0.32%"
"2013-9-26","3.698","3.676","3.701","3.665","0.87%"
"2013-9-25","3.666","3.671","3.693","3.642","-0.08%"
"2013-9-24","3.669","3.729","3.733","3.665","-1.58%"
"2013-9-23","3.728","3.764","3.779","3.724","-0.96%"
"2013-9-20","3.764","3.805","3.818","3.754","-0.92%"
"2013-9-19","3.799","3.776","3.810","3.747","1.39%"
"2013-9-18","3.747","3.827","3.881","3.731","-2.19%"
"2013-9-17","3.831","3.871","3.875","3.824","-0.83%"
"2013-9-16","3.863","3.839","3.879","3.783","0.65%"
"2013-9-13","3.838","3.856","3.882","3.817","-0.29%"
"2013-9-12","3.849","3.857","3.859","3.807","-0.05%"
"2013-9-11","3.851","3.901","3.913","3.847","-1.10%"
"2013-9-10","3.894","3.856","3.901","3.845","1.09%"
"2013-9-9","3.852","3.922","3.922","3.816","-0.38%"
"2013-9-7","3.867","3.867","3.867","3.867","0.00%"
"2013-9-6","3.867","3.883","3.905","3.810","-0.49%"
"2013-9-5","3.886","3.796","3.894","3.784","2.37%"
"2013-9-4","3.796","3.792","3.813","3.770","0.08%"
"2013-9-3","3.793","3.741","3.831","3.728","1.51%"
"2013-9-2","3.736","3.741","3.742","3.728","0.55%"
"2013-8-30","3.716","3.719","3.742","3.673","0.08%"
"2013-8-29","3.713","3.746","3.783","3.691","-0.62%"
"2013-8-28","3.736","3.699","3.767","3.684","1.19%"
"2013-8-27","3.692","3.778","3.792","3.689","-1.99%"
"2013-8-26","3.767","3.804","3.846","3.767","-0.82%"
"2013-8-23","3.798","3.877","3.897","3.791","-1.99%"
"2013-8-22","3.875","3.922","3.940","3.860","-1.17%"
"2013-8-21","3.921","3.858","3.924","3.847","1.74%"
"2013-8-20","3.854","3.895","3.901","3.841","-1.20%"
"2013-8-19","3.901","3.864","3.914","3.854","1.40%"
"2013-8-16","3.847","3.807","3.885","3.800","1.08%"
"2013-8-15","3.806","3.743","3.838","3.737","1.57%"
"2013-8-14","3.747","3.759","3.763","3.735","-0.32%"
"2013-8-13","3.759","3.693","3.767","3.691","2.06%"
"2013-8-12","3.683","3.635","3.688","3.602","1.29%"
"2013-8-10","3.636","3.636","3.636","3.636","0.00%"
"2013-8-9","3.636","3.656","3.674","3.631","-1.06%"
"2013-8-8","3.675","3.686","3.691","3.640","-0.27%"
"2013-8-7","3.685","3.725","3.729","3.675","-1.18%"
"2013-8-6","3.729","3.731","3.759","3.718","-0.08%"
"2013-8-5","3.732","3.686","3.749","3.685","1.19%"
"2013-8-3","3.688","3.688","3.688","3.688","0.00%"
"2013-8-2","3.688","3.760","3.781","3.685","-1.76%"
"2013-8-1","3.754","3.650","3.774","3.645","2.96%"
"2013-7-31","3.646","3.679","3.742","3.629","-0.76%"
"2013-7-30","3.674","3.675","3.684","3.639","0.08%"
"2013-7-29","3.671","3.621","3.676","3.609","1.36%"
"2013-7-27","3.622","3.622","3.622","3.622","0.00%"
"2013-7-26","3.622","3.648","3.653","3.609","-0.66%"
"2013-7-25","3.646","3.648","3.688","3.633","0.03%"
"2013-7-24","3.645","3.581","3.688","3.581","1.82%"
"2013-7-23","3.580","3.557","3.605","3.540","0.87%"
"2013-7-22","3.549","3.565","3.565","3.532","-0.29%"
"2013-7-20","3.559","3.559","3.559","3.559","0.00%"
"2013-7-19","3.559","3.632","3.640","3.556","-2.12%"
"2013-7-18","3.636","3.577","3.645","3.562","1.65%"
"2013-7-17","3.577","3.589","3.621","3.544","-0.14%"
"2013-7-16","3.582","3.598","3.611","3.570","-0.36%"
"2013-7-15","3.595","3.635","3.685","3.590","-1.11%"
"2013-7-13","3.635","3.635","3.635","3.635","0.00%"
"2013-7-12","3.635","3.623","3.653","3.588","0.25%"
"2013-7-11","3.626","3.600","3.673","3.593","-1.55%"
"2013-7-10","3.683","3.651","3.793","3.632","0.88%"
"2013-7-9","3.651","3.636","3.659","3.628","0.41%"
"2013-7-8","3.636","3.708","3.722","3.631","-1.95%"
"2013-7-6","3.708","3.708","3.708","3.708","0.00%"
"2013-7-5","3.708","3.511","3.717","3.494","6.15%"
"2013-7-4","3.493","3.493","3.493","3.493","0.00%"
"2013-7-3","3.493","3.480","3.499","3.418","0.52%"
"2013-7-2","3.475","3.483","3.489","3.451","-0.06%"
"2013-7-1","3.477","3.507","3.559","3.474","-0.64%"
"2013-6-29","3.499","3.499","3.499","3.499","0.00%"
"2013-6-28","3.499","3.543","3.580","3.488","-0.99%"
"2013-6-27","3.534","3.575","3.601","3.516","-1.37%"
"2013-6-26","3.583","3.633","3.638","3.556","-1.27%"
"2013-6-25","3.629","3.545","3.631","3.508","2.02%"
"2013-6-24","3.557","3.587","3.652","3.543","-1.05%"
"2013-6-22","3.595","3.595","3.595","3.595","0.00%"
"2013-6-21","3.595","3.502","3.601","3.467","2.19%"
"2013-6-20","3.518","3.421","3.548","3.401","2.75%"
"2013-6-19","3.424","3.343","3.429","3.316","2.48%"
"2013-6-18","3.341","3.349","3.377","3.325","-0.27%"
"2013-6-17","3.350","3.319","3.358","3.286","1.40%"
"2013-6-15","3.304","3.304","3.304","3.304","0.00%"
"2013-6-14","3.304","3.326","3.333","3.272","-0.27%"
"2013-6-13","3.313","3.373","3.374","3.295","-1.75%"
"2013-6-12","3.372","3.319","3.385","3.304","1.63%"
"2013-6-11","3.318","3.371","3.433","3.300","-1.57%"
"2013-6-10","3.371","3.341","3.382","3.313","0.83%"
"2013-6-8","3.343","3.343","3.343","3.343","0.00%"
"2013-6-7","3.343","3.238","3.344","3.204","3.18%"
"2013-6-6","3.240","3.247","3.286","3.169","-0.15%"
"2013-6-5","3.245","3.317","3.318","3.237","-2.08%"
"2013-6-4","3.314","3.273","3.318","3.255","1.44%"
"2013-6-3","3.267","3.306","3.330","3.226","-0.34%"
"2013-6-1","3.278","3.278","3.278","3.278","0.00%"
"2013-5-31","3.278","3.275","3.356","3.233","-0.09%"
"2013-5-30","3.281","3.265","3.293","3.246","0.46%"
"2013-5-29","3.266","3.318","3.370","3.259","-1.83%"
"2013-5-28","3.327","3.191","3.338","3.190","4.77%"
"2013-5-25","3.175","3.175","3.175","3.175","0.00%"
"2013-5-24","3.175","3.201","3.214","3.151","-0.47%"
"2013-5-23","3.190","3.228","3.244","3.145","-0.87%"
"2013-5-22","3.218","3.122","3.231","3.100","2.75%"
"2013-5-21","3.132","3.172","3.200","3.128","-1.35%"
"2013-5-20","3.175","3.169","3.186","3.127","0.15%"
"2013-5-18","3.170","3.170","3.170","3.170","0.00%"
"2013-5-17","3.170","3.097","3.174","3.079","2.39%"
"2013-5-16","3.096","3.156","3.174","3.076","-2.09%"
"2013-5-15","3.162","3.189","3.199","3.136","-1.19%"
"2013-5-14","3.200","3.123","3.201","3.101","2.33%"
"2013-5-13","3.127","3.142","3.146","3.094","1.00%"
"2013-5-11","3.096","3.096","3.096","3.096","0.00%"
"2013-5-10","3.096","3.021","3.132","3.012","3.37%"
"2013-5-9","2.995","2.989","3.007","2.947","0.27%"
"2013-5-8","2.987","2.996","3.021","2.969","-0.33%"
"2013-5-7","2.997","2.978","3.005","2.960","0.57%"
"2013-5-6","2.980","2.955","2.991","2.944","0.85%"
"2013-5-3","2.955","2.820","2.966","2.820","4.79%"
"2013-5-2","2.820","2.829","2.865","2.818","-0.32%"
"2013-5-1","2.829","2.873","2.888","2.810","-1.77%"
"2013-4-30","2.880","2.880","2.893","2.847","0.17%"
"2013-4-29","2.875","2.862","2.888","2.846","0.45%"
"2013-4-26","2.862","2.912","2.913","2.856","-1.48%"
"2013-4-25","2.905","2.897","2.919","2.890","0.35%"
"2013-4-24","2.895","2.902","2.921","2.884","-0.21%"
"2013-4-23","2.901","2.878","2.905","2.823","0.76%"
"2013-4-22","2.879","2.890","2.921","2.860","-0.14%"
"2013-4-19","2.883","2.866","2.891","2.864","0.70%"
"2013-4-18","2.863","2.878","2.909","2.857","-0.59%"
"2013-4-17","2.880","2.908","2.913","2.846","-0.96%"
"2013-4-16","2.908","2.867","2.921","2.865","1.39%"
"2013-4-15","2.868","2.915","2.945","2.858","-1.71%"
"2013-4-12","2.918","3.000","3.000","2.915","-2.64%"
"2013-4-11","2.997","3.004","3.010","2.982","-0.27%"
"2013-4-10","3.005","2.945","3.007","2.928","2.28%"
"2013-4-9","2.938","2.917","2.942","2.900","0.93%"
"2013-4-8","2.911","2.877","2.920","2.868","1.18%"
"2013-4-5","2.877","2.994","2.998","2.842","-3.81%"
"2013-4-4","2.991","3.045","3.069","2.985","-2.16%"
"2013-4-3","3.057","3.101","3.115","3.037","-1.39%"
"2013-4-2","3.100","3.078","3.110","3.063","0.71%"
"2013-4-1","3.078","3.140","3.140","3.073","-0.84%"
"2013-3-28","3.104","3.089","3.117","3.073","0.58%"
"2013-3-27","3.086","3.147","3.152","3.071","-1.81%"
"2013-3-26","3.143","3.148","3.167","3.125","-0.10%"
"2013-3-25","3.146","3.169","3.192","3.117","-0.10%"
"2013-3-22","3.149","3.131","3.165","3.117","0.45%"
"2013-3-21","3.135","3.194","3.205","3.128","-1.97%"
"2013-3-20","3.198","3.131","3.221","3.126","2.14%"
"2013-3-19","3.131","3.183","3.198","3.112","-1.63%"
"2013-3-18","3.183","3.131","3.195","3.114","-0.90%"
"2013-3-15","3.212","3.241","3.251","3.207","-0.93%"
"2013-3-14","3.242","3.223","3.258","3.217","0.68%"
"2013-3-13","3.220","3.218","3.247","3.198","0.12%"
"2013-3-12","3.216","3.271","3.274","3.211","-1.35%"
"2013-3-11","3.260","3.251","3.270","3.237","0.37%"
"2013-3-8","3.248","3.208","3.286","3.202","1.47%"
"2013-3-7","3.201","3.148","3.207","3.135","1.52%"
"2013-3-6","3.153","3.106","3.157","3.104","1.48%"
"2013-3-5","3.107","3.087","3.118","3.082","0.62%"
"2013-3-4","3.088","3.049","3.090","3.037","1.08%"
"2013-3-1","3.055","3.086","3.086","3.045","-1.13%"
"2013-2-28","3.090","3.095","3.115","3.072","-0.26%"
"2013-2-27","3.098","3.080","3.115","3.035","0.55%"
"2013-2-26","3.081","3.075","3.086","3.030","0.65%"
"2013-2-25","3.061","3.168","3.197","3.050","-2.89%"
"2013-2-22","3.152","3.170","3.187","3.146","-0.41%"
"2013-2-21","3.165","3.201","3.208","3.146","-1.12%"
"2013-2-20","3.201","3.212","3.240","3.192","-0.25%"
"2013-2-19","3.209","3.184","3.216","3.161","0.91%"
"2013-2-15","3.180","3.165","3.206","3.143","0.06%"
"2013-2-14","3.178","3.234","3.245","3.169","-1.76%"
"2013-2-13","3.235","3.189","3.245","3.182","1.44%"
"2013-2-12","3.189","3.174","3.195","3.160","0.47%"
"2013-2-11","3.174","3.163","3.189","3.150","0.35%"
"2013-2-8","3.163","3.173","3.207","3.148","-0.38%"
"2013-2-7","3.175","3.174","3.208","3.139","0.09%"
"2013-2-6","3.172","3.215","3.227","3.163","-1.28%"
"2013-2-5","3.213","3.167","3.223","3.157","1.61%"
"2013-2-4","3.162","3.234","3.254","3.154","-2.04%"
"2013-2-1","3.228","3.181","3.236","3.125","1.89%"
"2013-1-31","3.168","3.181","3.201","3.158","-0.38%"
"2013-1-30","3.180","3.184","3.222","3.157","-0.13%"
"2013-1-29","3.184","3.140","3.187","3.127","1.27%"
"2013-1-28","3.144","3.144","3.181","3.115","0.38%"
"2013-1-25","3.132","3.051","3.139","3.043","2.82%"
"2013-1-24","3.046","3.013","3.066","3.002","0.79%"
"2013-1-23","3.022","3.029","3.034","3.004","-0.13%"
"2013-1-22","3.026","3.052","3.069","3.016","0.00%"
"2013-1-18","3.026","3.070","3.083","3.023","-1.50%"
"2013-1-17","3.072","3.015","3.086","2.995","2.03%"
"2013-1-16","3.011","3.029","3.029","2.985","-0.50%"
"2013-1-15","3.026","3.040","3.042","2.991","-0.33%"
"2013-1-14","3.036","3.045","3.056","3.008","-0.30%"
"2013-1-11","3.045","3.095","3.106","3.035","-1.17%"
"2013-1-10","3.081","3.066","3.103","3.059","0.62%"
"2013-1-9","3.062","3.073","3.095","3.046","-0.10%"
"2013-1-8","3.065","3.098","3.110","3.059","-1.16%"
"2013-1-7","3.101","3.101","3.119","3.074","0.03%"
"2013-1-4","3.100","3.128","3.180","3.092","-0.80%"
"2013-1-3","3.125","3.040","3.134","3.023","2.80%"
"2013-1-2","3.040","2.952","3.059","2.952","2.98%"
"2012-12-31","2.952","2.868","2.956","2.865","2.93%"
"2012-12-28","2.868","2.922","2.922","2.859","-1.17%"
"2012-12-27","2.902","2.930","2.964","2.870","-0.68%"
"2012-12-26","2.922","2.946","2.964","2.918","-0.75%"
"2012-12-24","2.944","2.934","2.960","2.931","0.34%"
"2012-12-21","2.934","2.987","2.991","2.917","-1.61%"
"2012-12-20","2.982","2.979","3.001","2.947","-0.37%"
"2012-12-19","2.993","2.996","3.015","2.952","-0.27%"
"2012-12-18","3.001","2.943","3.036","2.934","1.90%"
"2012-12-17","2.945","2.889","2.949","2.866","2.76%"
"2012-12-14","2.866","2.901","2.925","2.856","-1.38%"
"2012-12-13","2.906","2.890","2.930","2.880","0.35%"
"2012-12-12","2.896","2.840","2.905","2.825","1.94%"
"2012-12-11","2.841","2.799","2.847","2.793","1.54%"
"2012-12-10","2.798","2.812","2.815","2.786","-0.39%"
"2012-12-7","2.809","2.777","2.828","2.756","1.33%"
"2012-12-6","2.772","2.786","2.786","2.745","-0.29%"
"2012-12-5","2.780","2.781","2.798","2.755","0.04%"
"2012-12-4","2.779","2.799","2.822","2.773","-0.68%"
"2012-12-3","2.798","2.811","2.851","2.798","-0.43%"
"2012-11-30","2.810","2.796","2.813","2.769","0.46%"
"2012-11-29","2.797","2.799","2.819","2.781","-0.21%"
"2012-11-28","2.803","2.782","2.805","2.746","0.57%"
"2012-11-27","2.787","2.803","2.819","2.779","-0.57%"
"2012-11-26","2.803","2.836","2.836","2.773","-0.92%"
"2012-11-23","2.829","2.820","2.837","2.800","0.32%"
"2012-11-21","2.820","2.818","2.840","2.796","-0.04%"
"2012-11-20","2.821","2.750","2.823","2.750","2.17%"
"2012-11-19","2.761","2.750","2.782","2.741","0.99%"
"2012-11-16","2.734","2.731","2.741","2.695","0.07%"
"2012-11-15","2.732","2.726","2.756","2.702","0.22%"
"2012-11-14","2.726","2.729","2.768","2.712","0.11%"
"2012-11-13","2.723","2.743","2.751","2.705","-0.87%"
"2012-11-9","2.747","2.761","2.782","2.712","-0.18%"
"2012-11-8","2.752","2.841","2.855","2.746","-2.72%"
"2012-11-7","2.829","2.922","2.924","2.806","-3.18%"
"2012-11-6","2.922","2.888","2.928","2.876","1.85%"
"2012-11-5","2.869","2.912","2.917","2.860","-1.27%"
"2012-11-2","2.906","2.903","2.963","2.893","-0.03%"
"2012-11-1","2.907","2.864","2.914","2.864","1.64%"
"2012-10-31","2.860","2.903","2.928","2.851","-0.76%"
"2012-10-29","2.882","2.891","2.911","2.865","-1.03%"
"2012-10-26","2.912","2.985","2.985","2.899","-1.69%"
"2012-10-25","2.962","2.953","3.012","2.948","0.27%"
"2012-10-24","2.954","2.907","2.956","2.904","1.72%"
"2012-10-23","2.904","2.971","2.975","2.893","-2.29%"
"2012-10-22","2.972","2.935","2.979","2.930","1.26%"
"2012-10-19","2.935","3.019","3.021","2.933","-2.52%"
"2012-10-18","3.011","2.999","3.023","2.947","0.23%"
"2012-10-17","3.004","2.943","3.005","2.919","2.95%"
"2012-10-16","2.918","2.849","2.927","2.844","2.46%"
"2012-10-15","2.848","2.836","2.869","2.822","0.60%"
"2012-10-12","2.831","2.855","2.878","2.800","-0.60%"
"2012-10-11","2.848","2.880","2.931","2.847","-1.28%"
"2012-10-10","2.885","2.927","2.962","2.880","-1.37%"
"2012-10-9","2.925","2.931","2.956","2.914","-1.52%"
"2012-10-5","2.970","2.887","2.978","2.871","2.84%"
"2012-10-4","2.888","2.823","2.894","2.823","2.48%"
"2012-10-3","2.818","2.822","2.844","2.796","0.11%"
"2012-10-2","2.815","2.814","2.843","2.803","0.07%"
"2012-10-1","2.813","2.814","2.853","2.803","-0.35%"
"2012-9-28","2.823","2.838","2.845","2.780","-0.67%"
"2012-9-27","2.842","2.790","2.847","2.786","2.16%"
"2012-9-26","2.782","2.842","2.857","2.779","-2.42%"
"2012-9-25","2.851","2.905","2.921","2.845","-1.72%"
"2012-9-24","2.901","2.940","2.960","2.894","-1.56%"
"2012-9-21","2.947","2.948","2.987","2.941","0.10%"
"2012-9-20","2.944","2.966","2.971","2.909","-0.54%"
"2012-9-19","2.960","3.008","3.031","2.953","-1.63%"
"2012-9-18","3.009","3.035","3.036","2.975","-0.89%"
"2012-9-17","3.036","3.092","3.121","3.023","-1.81%"
"2012-9-14","3.092","2.941","3.109","2.940","5.60%"
"2012-9-13","2.928","2.921","3.001","2.876","0.31%"
"2012-9-12","2.919","2.850","2.935","2.848","2.31%"
"2012-9-11","2.853","2.812","2.861","2.802","1.67%"
"2012-9-10","2.806","2.822","2.865","2.797","-0.53%"
"2012-9-7","2.821","2.808","2.867","2.728","0.86%"
"2012-9-6","2.797","2.710","2.799","2.703","3.25%"
"2012-9-5","2.709","2.680","2.712","2.659","0.97%"
"2012-9-4","2.683","2.695","2.713","2.654","0.56%"
"2012-8-31","2.668","2.747","2.779","2.666","-2.91%"
"2012-8-30","2.748","2.773","2.774","2.722","-0.65%"
"2012-8-29","2.766","2.752","2.789","2.737","0.62%"
"2012-8-28","2.749","2.765","2.772","2.723","-0.43%"
"2012-8-27","2.761","2.806","2.806","2.748","-1.39%"
"2012-8-24","2.800","2.803","2.806","2.745","0.50%"
"2012-8-23","2.786","2.811","2.824","2.775","-0.78%"
"2012-8-22","2.808","2.897","2.899","2.803","-3.21%"
"2012-8-21","2.901","2.921","2.982","2.898","-0.82%"
"2012-8-20","2.925","2.950","2.983","2.909","-0.20%"
"2012-8-17","2.931","2.948","2.960","2.910","-0.85%"
"2012-8-16","2.956","2.924","2.984","2.892","1.20%"
"2012-8-15","2.921","2.830","2.922","2.823","3.18%"
"2012-8-14","2.831","2.756","2.839","2.744","2.76%"
"2012-8-13","2.755","2.739","2.755","2.713","0.25%"
"2012-8-10","2.748","2.774","2.774","2.712","-0.43%"
"2012-8-9","2.760","2.747","2.810","2.742","0.25%"
"2012-8-8","2.753","2.720","2.759","2.695","1.18%"
"2012-8-7","2.721","2.652","2.739","2.645","2.60%"
"2012-8-6","2.652","2.655","2.662","2.619","0.11%"
"2012-8-3","2.649","2.557","2.681","2.548","3.76%"
"2012-8-2","2.553","2.609","2.653","2.508","-1.69%"
"2012-8-1","2.597","2.550","2.618","2.548","1.84%"
"2012-7-31","2.550","2.586","2.610","2.546","-1.12%"
"2012-7-30","2.579","2.628","2.645","2.569","-1.60%"
"2012-7-27","2.621","2.507","2.678","2.494","4.71%"
"2012-7-26","2.503","2.463","2.508","2.443","2.04%"
"2012-7-25","2.453","2.454","2.502","2.447","-0.20%"
"2012-7-24","2.458","2.501","2.540","2.454","-2.07%"
"2012-7-23","2.510","2.538","2.541","2.477","-1.41%"
"2012-7-20","2.546","2.614","2.615","2.533","-2.49%"
"2012-7-19","2.611","2.597","2.631","2.586","0.58%"
"2012-7-18","2.596","2.606","2.608","2.568","-0.31%"
"2012-7-17","2.604","2.577","2.606","2.553","1.88%"
"2012-7-16","2.556","2.578","2.578","2.517","-0.85%"
"2012-7-13","2.578","2.561","2.603","2.551","0.62%"
"2012-7-12","2.562","2.615","2.617","2.559","-1.88%"
"2012-7-11","2.611","2.610","2.628","2.562","0.35%"
"2012-7-10","2.602","2.626","2.643","2.594","-0.76%"
"2012-7-9","2.622","2.662","2.664","2.614","-1.54%"
"2012-7-6","2.663","2.721","2.724","2.656","-2.02%"
"2012-7-5","2.718","2.714","2.749","2.695","-0.80%"
"2012-7-3","2.740","2.695","2.746","2.693","1.71%"
"2012-7-2","2.694","2.759","2.761","2.654","-2.18%"
"2012-6-29","2.754","2.664","2.780","2.663","2.68%"
"2012-6-28","2.682","2.703","2.704","2.653","-0.41%"
"2012-6-27","2.693","2.703","2.718","2.683","-0.26%"
"2012-6-26","2.700","2.688","2.720","2.677","0.90%"
"2012-6-25","2.676","2.754","2.755","2.674","-3.08%"
"2012-6-22","2.761","2.693","2.764","2.681","2.72%"
"2012-6-21","2.688","2.730","2.747","2.661","-1.39%"
"2012-6-20","2.726","2.736","2.798","2.689","-0.29%"
"2012-6-19","2.734","2.662","2.741","2.645","2.74%"
"2012-6-18","2.661","2.755","2.783","2.651","-1.19%"
"2012-6-15","2.693","2.736","2.738","2.673","-1.72%"
"2012-6-14","2.740","2.724","2.746","2.697","0.88%"
"2012-6-13","2.716","2.766","2.822","2.696","-1.95%"
"2012-6-12","2.770","2.704","2.776","2.704","2.37%"
"2012-6-11","2.706","2.832","2.854","2.700","-1.35%"
"2012-6-8","2.743","2.745","2.773","2.652","0.00%"
"2012-6-7","2.743","2.746","2.779","2.693","0.26%"
"2012-6-6","2.736","2.644","2.751","2.616","3.60%"
"2012-6-5","2.641","2.605","2.649","2.550","3.00%"
"2012-6-4","2.564","2.524","2.587","2.519","1.42%"
"2012-6-1","2.528","2.654","2.658","2.510","-4.28%"
"2012-5-31","2.641","2.719","2.746","2.585","-2.65%"
"2012-5-30","2.713","2.849","2.849","2.699","-4.94%"
"2012-5-29","2.854","2.860","2.872","2.819","0.18%"
"2012-5-25","2.849","2.875","2.884","2.831","-0.97%"
"2012-5-24","2.877","2.822","2.878","2.786","2.17%"
"2012-5-23","2.816","2.874","2.875","2.783","-1.95%"
"2012-5-22","2.872","2.816","2.897","2.816","2.28%"
"2012-5-21","2.808","2.816","2.860","2.785","0.21%"
"2012-5-18","2.802","2.796","2.847","2.785","0.72%"
"2012-5-17","2.782","2.915","2.934","2.781","-4.00%"
"2012-5-16","2.898","2.922","2.960","2.890","-0.79%"
"2012-5-15","2.921","2.932","2.969","2.913","-0.17%"
"2012-5-14","2.926","3.006","3.019","2.920","-2.92%"
"2012-5-11","3.014","3.043","3.049","3.011","-0.92%"
"2012-5-10","3.042","3.026","3.107","3.019","0.43%"
"2012-5-9","3.029","3.037","3.054","2.985","-0.26%"
"2012-5-8","3.037","3.061","3.071","3.002","-0.72%"
"2012-5-7","3.059","3.047","3.072","3.023","-0.42%"
"2012-5-4","3.072","3.120","3.144","3.066","-1.60%"
"2012-5-3","3.122","3.118","3.146","3.104","0.16%"
"2012-5-2","3.117","3.156","3.169","3.101","-0.98%"
"2012-5-1","3.148","3.118","3.168","3.091","1.09%"
"2012-4-30","3.114","3.118","3.139","3.094","-0.19%"
"2012-4-27","3.120","3.108","3.142","3.060","-0.16%"
"2012-4-26","3.125","3.152","3.164","3.093","-0.86%"
"2012-4-25","3.152","3.133","3.192","3.114","0.77%"
"2012-4-24","3.128","3.087","3.135","3.069","1.26%"
"2012-4-23","3.089","3.124","3.129","3.057","-0.93%"
"2012-4-20","3.118","3.126","3.158","3.114","-0.19%"
"2012-4-19","3.124","3.131","3.157","3.102","-0.03%"
"2012-4-18","3.125","3.148","3.160","3.118","-0.54%"
"2012-4-17","3.142","3.133","3.162","3.116","0.42%"
"2012-4-16","3.129","3.134","3.151","3.093","-0.19%"
"2012-4-13","3.135","3.203","3.207","3.126","-2.43%"
"2012-4-12","3.213","3.200","3.231","3.176","0.50%"
"2012-4-11","3.197","3.135","3.203","3.134","2.14%"
"2012-4-10","3.130","3.193","3.217","3.105","-2.10%"
"2012-4-9","3.197","3.250","3.250","3.175","-0.34%"
"2012-4-6","3.208","3.333","3.415","3.203","-3.58%"
"2012-4-5","3.327","3.372","3.374","3.273","-0.89%"
"2012-4-4","3.357","3.440","3.445","3.356","-2.13%"
"2012-4-3","3.430","3.337","3.444","3.290","3.25%"
"2012-4-2","3.322","3.363","3.379","3.295","-0.63%"
"2012-3-30","3.343","3.273","3.367","3.251","2.17%"
"2012-3-29","3.272","3.323","3.323","3.261","-1.09%"
"2012-3-28","3.308","3.307","3.344","3.275","0.24%"
"2012-3-27","3.300","3.347","3.356","3.285","-1.32%"
"2012-3-26","3.344","3.318","3.380","3.315","1.09%"
"2012-3-23","3.308","3.370","3.383","3.298","-1.72%"
"2012-3-22","3.366","3.391","3.402","3.340","-0.53%"
"2012-3-21","3.384","3.441","3.473","3.372","-1.91%"
"2012-3-20","3.450","3.479","3.487","3.431","-0.83%"
"2012-3-19","3.479","3.415","3.492","3.375","2.08%"
"2012-3-16","3.408","3.419","3.481","3.399","-0.06%"
"2012-3-15","3.410","3.406","3.490","3.385","0.12%"
"2012-3-14","3.406","3.273","3.425","3.264","4.22%"
"2012-3-13","3.268","3.173","3.271","3.169","2.96%"
"2012-3-12","3.174","3.190","3.190","3.136","-0.19%"
"2012-3-9","3.180","3.177","3.222","3.164","0.16%"
"2012-3-8","3.175","3.127","3.184","3.117","1.76%"
"2012-3-7","3.120","3.080","3.126","3.076","1.30%"
"2012-3-6","3.080","3.156","3.159","3.059","-2.04%"
"2012-3-5","3.144","3.116","3.157","3.087","1.22%"
"2012-3-2","3.106","3.149","3.157","3.089","-1.43%"
"2012-3-1","3.151","3.094","3.185","3.089","2.24%"
"2012-2-29","3.082","3.074","3.121","3.037","0.26%"
"2012-2-28","3.074","3.054","3.077","3.019","0.95%"
"2012-2-27","3.045","3.101","3.102","3.033","-1.74%"
"2012-2-24","3.099","3.145","3.152","3.094","-1.15%"
"2012-2-23","3.135","3.154","3.185","3.111","-0.29%"
"2012-2-22","3.144","3.213","3.227","3.136","-2.03%"
"2012-2-21","3.209","3.174","3.225","3.161","2.00%"
"2012-2-17","3.146","3.144","3.185","3.139","0.13%"
"2012-2-16","3.142","3.095","3.165","3.065","1.65%"
"2012-2-15","3.091","3.091","3.107","3.061","0.13%"
"2012-2-14","3.087","3.105","3.130","3.061","-1.12%"
"2012-2-13","3.122","3.150","3.179","3.105","-0.45%"
"2012-2-10","3.136","3.192","3.197","3.106","-1.45%"
"2012-2-9","3.182","3.144","3.234","3.131","1.05%"
"2012-2-8","3.149","3.139","3.179","3.126","0.00%"
"2012-2-7","3.149","3.107","3.176","3.078","1.81%"
"2012-2-6","3.093","3.123","3.145","3.073","-0.96%"
"2012-2-3","3.123","3.008","3.164","3.000","3.86%"
"2012-2-2","3.007","3.012","3.030","2.983","0.37%"
"2012-2-1","2.996","2.941","3.023","2.939","1.97%"
"2012-1-31","2.938","2.996","3.030","2.934","-1.97%"
"2012-1-30","2.997","3.065","3.065","2.955","-1.96%"
"2012-1-27","3.057","3.101","3.148","3.053","-1.20%"
"2012-1-26","3.094","3.141","3.157","3.084","-1.84%"
"2012-1-25","3.152","3.154","3.169","3.035","0.10%"
"2012-1-24","3.149","3.134","3.172","3.107","0.45%"
"2012-1-23","3.135","3.089","3.182","3.072","1.06%"
"2012-1-20","3.102","3.039","3.110","3.027","1.94%"
"2012-1-19","3.043","2.958","3.063","2.938","2.91%"
"2012-1-18","2.957","2.900","2.963","2.879","1.93%"
"2012-1-17","2.901","2.902","2.954","2.882","-0.48%"
"2012-1-13","2.915","2.973","2.987","2.880","-1.95%"
"2012-1-12","2.973","2.972","2.994","2.943","0.27%"
"2012-1-11","2.965","3.030","3.036","2.953","-1.76%"
"2012-1-10","3.018","3.039","3.082","3.009","-0.13%"
"2012-1-9","3.022","3.016","3.048","2.975","0.20%"
"2012-1-6","3.016","3.064","3.118","3.003","-1.57%"
"2012-1-5","3.064","3.031","3.070","2.989","1.06%"
"2012-1-4","3.032","2.994","3.063","2.960","1.51%"
"2012-1-3","2.987","2.891","3.003","2.891","3.32%"
"2011-12-30","2.891","2.916","2.927","2.864","-0.31%"
"2011-12-29","2.900","2.923","2.946","2.896","-0.65%"
"2011-12-28","2.919","3.050","3.050","2.898","-3.63%"
"2011-12-27","3.029","3.070","3.118","3.026","-0.75%"
"2011-12-23","3.052","2.984","3.078","2.984","2.28%"
"2011-12-22","2.984","3.004","3.010","2.947","-0.67%"
"2011-12-21","3.004","2.933","3.010","2.904","2.70%"
"2011-12-20","2.925","2.797","2.937","2.795","4.91%"
"2011-12-19","2.788","2.865","2.873","2.778","-2.14%"
"2011-12-16","2.849","2.920","2.945","2.838","-2.40%"
"2011-12-15","2.919","2.923","2.948","2.856","0.41%"
"2011-12-14","2.907","3.020","3.038","2.895","-3.29%"
"2011-12-13","3.006","3.064","3.101","2.979","-1.67%"
"2011-12-12","3.057","3.108","3.143","3.031","-1.67%"
"2011-12-9","3.109","3.010","3.120","2.988","3.81%"
"2011-12-8","2.995","3.101","3.133","2.988","-2.25%"
"2011-12-7","3.064","3.109","3.148","3.039","-1.10%"
"2011-12-6","3.098","3.055","3.111","3.023","2.58%"
"2011-12-5","3.020","3.059","3.103","3.010","-0.17%"
"2011-12-2","3.025","3.094","3.161","3.017","-1.98%"
"2011-12-1","3.086","3.069","3.155","3.037","1.01%"
"2011-11-30","3.055","2.954","3.097","2.944","3.35%"
"2011-11-29","2.956","2.944","3.007","2.919","0.89%"
"2011-11-28","2.930","2.998","3.047","2.907","0.27%"
"2011-11-25","2.922","2.881","2.942","2.852","2.81%"
"2011-11-23","2.842","2.886","2.908","2.816","-1.52%"
"2011-11-22","2.886","2.958","2.984","2.881","-2.14%"
"2011-11-21","2.949","2.986","2.986","2.925","-1.47%"
"2011-11-18","2.993","2.986","3.051","2.970","0.27%"
"2011-11-17","2.985","3.026","3.070","2.950","-1.45%"
"2011-11-16","3.029","3.080","3.100","3.023","-1.75%"
"2011-11-15","3.083","3.111","3.125","3.033","-0.13%"
"2011-11-14","3.087","3.179","3.201","3.076","-0.71%"
"2011-11-10","3.109","3.037","3.175","3.007","2.78%"
"2011-11-9","3.025","3.156","3.166","2.975","-3.60%"
"2011-11-8","3.138","3.093","3.153","3.052","1.88%"
"2011-11-7","3.080","3.134","3.148","3.010","-0.48%"
"2011-11-4","3.095","3.138","3.193","3.075","-0.86%"
"2011-11-3","3.122","3.009","3.128","2.964","3.76%"
"2011-11-2","3.009","2.989","3.107","2.989","0.20%"
"2011-11-1","3.003","3.148","3.176","2.946","-4.09%"
"2011-10-31","3.131","3.366","3.379","3.128","-7.34%"
"2011-10-28","3.379","3.450","3.489","3.345","-1.92%"
"2011-10-27","3.445","3.221","3.461","3.204","6.92%"
"2011-10-26","3.222","3.141","3.233","3.124","2.78%"
"2011-10-25","3.135","3.268","3.311","3.122","-4.19%"
"2011-10-24","3.272","3.241","3.289","3.208","0.31%"
"2011-10-21","3.262","3.225","3.278","3.189","1.46%"
"2011-10-20","3.215","3.195","3.232","3.129","1.26%"
"2011-10-19","3.175","3.171","3.230","3.145","0.16%"
"2011-10-18","3.170","3.136","3.216","3.054","1.34%"
"2011-10-17","3.128","3.232","3.293","3.127","-3.40%"
"2011-10-14","3.238","3.142","3.249","3.127","2.73%"
"2011-10-13","3.152","3.202","3.203","3.096","-1.41%"
"2011-10-12","3.197","3.106","3.252","3.085","2.83%"
"2011-10-11","3.109","3.087","3.127","3.042","3.05%"
"2011-10-7","3.017","2.937","3.082","2.929","2.03%"
"2011-10-6","2.957","2.856","2.965","2.841","3.57%"
"2011-10-5","2.855","2.812","2.894","2.799","2.00%"
"2011-10-4","2.799","2.740","2.826","2.694","2.79%"
"2011-10-3","2.723","2.921","2.943","2.720","-6.55%"
"2011-9-30","2.914","3.052","3.055","2.896","-4.77%"
"2011-9-29","3.060","3.066","3.090","2.995","-0.49%"
"2011-9-28","3.075","3.077","3.147","3.024","-0.06%"
"2011-9-27","3.077","2.990","3.120","2.977","2.81%"
"2011-9-26","2.993","2.911","3.006","2.840","3.28%"
"2011-9-23","2.898","2.794","2.902","2.739","3.57%"
"2011-9-22","2.798","2.994","2.995","2.765","-6.67%"
"2011-9-21","2.998","3.214","3.252","2.992","-6.31%"
"2011-9-20","3.200","3.221","3.268","3.189","-0.78%"
"2011-9-19","3.225","3.318","3.318","3.176","-2.80%"
"2011-9-16","3.318","3.352","3.381","3.312","-1.28%"
"2011-9-15","3.361","3.283","3.375","3.266","2.56%"
"2011-9-14","3.277","3.333","3.378","3.266","-1.50%"
"2011-9-13","3.327","3.250","3.335","3.225","2.31%"
"2011-9-12","3.252","3.242","3.282","3.206","0.22%"
"2011-9-9","3.245","3.332","3.364","3.225","-1.82%"
"2011-9-8","3.305","3.367","3.370","3.285","-1.61%"
"2011-9-7","3.359","3.285","3.375","3.284","2.69%"
"2011-9-6","3.271","3.250","3.305","3.187","-0.94%"
"2011-9-2","3.302","3.504","3.529","3.288","-5.63%"
"2011-9-1","3.499","3.605","3.654","3.494","-3.10%"
"2011-8-31","3.611","3.519","3.621","3.490","2.47%"
"2011-8-30","3.524","3.576","3.590","3.503","-2.14%"
"2011-8-29","3.601","3.547","3.649","3.537","1.75%"
"2011-8-26","3.539","3.603","3.630","3.495","-1.86%"
"2011-8-25","3.606","3.641","3.669","3.567","-1.26%"
"2011-8-24","3.652","3.503","3.663","3.442","4.64%"
"2011-8-23","3.490","3.422","3.496","3.391","1.90%"
"2011-8-22","3.425","3.370","3.440","3.355","0.82%"
"2011-8-19","3.397","3.407","3.475","3.343","-0.79%"
"2011-8-18","3.424","3.570","3.579","3.341","-3.96%"
"2011-8-17","3.565","3.676","3.700","3.559","-2.91%"
"2011-8-16","3.672","3.784","3.789","3.641","-2.68%"
"2011-8-15","3.773","3.718","3.776","3.703","1.23%"
"2011-8-12","3.727","3.792","3.800","3.697","-1.06%"
"2011-8-11","3.767","3.527","3.816","3.514","7.48%"
"2011-8-10","3.505","3.648","3.702","3.469","-3.89%"
"2011-8-9","3.647","3.626","3.753","3.456","-0.36%"
"2011-8-8","3.660","3.882","3.909","3.653","-4.86%"
"2011-8-5","3.847","3.673","3.859","3.623","4.74%"
"2011-8-4","3.673","3.911","3.932","3.664","-5.72%"
"2011-8-3","3.896","3.909","3.938","3.791","-0.38%"
"2011-8-2","3.911","4.095","4.097","3.899","-4.35%"
"2011-8-1","4.089","4.140","4.204","4.061","-0.85%"
"2011-7-29","4.124","4.265","4.267","4.104","-3.22%"
"2011-7-28","4.261","4.269","4.291","4.239","-0.65%"
"2011-7-27","4.289","4.290","4.322","4.267","0.16%"
"2011-7-26","4.282","4.315","4.345","4.269","-0.83%"
"2011-7-25","4.318","4.302","4.345","4.261","1.39%"
"2011-7-22","4.259","4.306","4.311","4.254","-1.23%"
"2011-7-21","4.312","4.284","4.332","4.253","1.46%"
"2011-7-20","4.250","4.205","4.268","4.200","1.48%"
"2011-7-19","4.188","4.306","4.341","4.176","-2.74%"
"2011-7-18","4.306","4.253","4.314","4.222","1.37%"
"2011-7-15","4.248","4.255","4.315","4.243","-0.16%"
"2011-7-14","4.255","4.210","4.258","4.178","1.94%"
"2011-7-13","4.174","4.172","4.245","4.161","0.10%"
"2011-7-12","4.170","4.219","4.223","4.128","-0.95%"
"2011-7-11","4.210","4.291","4.305","4.199","-1.80%"
"2011-7-8","4.287","4.371","4.403","4.273","-1.83%"
"2011-7-7","4.367","4.377","4.407","4.361","0.05%"
"2011-7-6","4.365","4.382","4.400","4.346","-0.11%"
"2011-7-5","4.370","4.410","4.412","4.365","-0.55%"
"2011-7-1","4.394","4.374","4.416","4.354","0.39%"
"2011-6-30","4.377","4.373","4.451","4.344","-0.16%"
"2011-6-29","4.384","4.333","4.390","4.309","1.34%"
"2011-6-28","4.326","4.292","4.345","4.252","0.77%"
"2011-6-27","4.293","4.185","4.299","4.172","2.48%"
"2011-6-24","4.189","4.183","4.200","4.152","0.53%"
"2011-6-23","4.167","4.208","4.213","4.150","-1.19%"
"2011-6-22","4.217","4.220","4.231","4.188","-0.05%"
"2011-6-21","4.219","4.210","4.240","4.190","0.48%"
"2011-6-20","4.199","4.209","4.221","4.155","-0.14%"
"2011-6-17","4.205","4.189","4.218","4.155","0.86%"
"2011-6-16","4.169","4.204","4.222","4.140","-0.79%"
"2011-6-15","4.202","4.292","4.301","4.191","-2.30%"
"2011-6-14","4.301","4.207","4.311","4.200","2.40%"
"2011-6-13","4.200","4.186","4.223","4.167","0.38%"
"2011-6-10","4.184","4.212","4.216","4.160","-0.74%"
"2011-6-9","4.215","4.201","4.251","4.156","0.64%"
"2011-6-8","4.188","4.266","4.273","4.186","-1.53%"
"2011-6-7","4.253","4.265","4.303","4.242","-0.12%"
"2011-6-6","4.258","4.234","4.295","4.231","0.76%"
"2011-6-3","4.226","4.238","4.272","4.201","-0.49%"
"2011-6-2","4.247","4.151","4.256","4.149","2.58%"
"2011-6-1","4.140","4.231","4.243","4.131","-1.92%"
"2011-5-31","4.221","4.236","4.269","4.212","-0.50%"
"2011-5-27","4.242","4.225","4.269","4.221","0.45%"
"2011-5-26","4.223","4.294","4.316","4.218","-1.31%"
"2011-5-25","4.279","4.258","4.287","4.230","0.71%"
"2011-5-24","4.249","4.260","4.291","4.243","-0.42%"
"2011-5-23","4.267","4.290","4.291","4.243","-0.77%"
"2011-5-20","4.300","4.304","4.340","4.279","0.00%"
"2011-5-19","4.300","4.299","4.356","4.292","0.07%"
"2011-5-18","4.297","4.236","4.302","4.202","1.73%"
"2011-5-17","4.224","4.271","4.293","4.214","-1.12%"
"2011-5-16","4.272","4.308","4.332","4.266","-0.79%"
"2011-5-13","4.306","4.379","4.379","4.281","-1.03%"
"2011-5-12","4.351","4.303","4.374","4.285","1.14%"
"2011-5-11","4.302","4.352","4.363","4.294","-1.13%"
"2011-5-10","4.351","4.315","4.352","4.302","0.93%"
"2011-5-9","4.311","4.304","4.327","4.286","0.51%"
"2011-5-6","4.289","4.267","4.353","4.264","0.73%"
"2011-5-5","4.258","4.326","4.329","4.256","-1.53%"
"2011-5-4","4.324","4.355","4.359","4.317","-0.60%"
"2011-5-3","4.350","4.387","4.390","4.348","-0.73%"
"2011-5-2","4.382","4.405","4.425","4.380","-0.36%"
"2011-4-29","4.398","4.417","4.432","4.389","-0.43%"
"2011-4-28","4.417","4.457","4.480","4.410","-0.83%"
"2011-4-27","4.454","4.396","4.465","4.396","1.46%"
"2011-4-26","4.390","4.462","4.475","4.387","-1.48%"
"2011-4-25","4.456","4.475","4.479","4.443","-0.22%"
"2011-4-21","4.466","4.469","4.477","4.426","-0.02%"
"2011-4-20","4.467","4.440","4.469","4.425","0.81%"
"2011-4-19","4.431","4.466","4.491","4.425","-0.61%"
"2011-4-18","4.458","4.467","4.549","4.431","-0.29%"
"2011-4-15","4.471","4.548","4.549","4.460","-1.67%"
"2011-4-14","4.547","4.557","4.563","4.518","0.02%"
"2011-4-13","4.546","4.587","4.623","4.542","-0.63%"
"2011-4-12","4.575","4.652","4.655","4.556","-1.74%"
"2011-4-11","4.656","4.670","4.678","4.624","0.26%"
"2011-4-8","4.644","4.629","4.672","4.620","0.63%"
"2011-4-7","4.615","4.602","4.634","4.585","0.35%"
"2011-4-6","4.599","4.508","4.601","4.501","2.02%"
"2011-4-5","4.508","4.501","4.524","4.455","0.60%"
"2011-4-4","4.481","4.492","4.522","4.462","-0.16%"
"2011-4-1","4.488","4.509","4.551","4.483","-0.49%"
"2011-3-31","4.510","4.510","4.551","4.467","-0.02%"
"2011-3-30","4.511","4.545","4.555","4.501","-0.59%"
"2011-3-29","4.538","4.494","4.550","4.477","0.89%"
"2011-3-28","4.498","4.527","4.536","4.475","-0.02%"
"2011-3-25","4.499","4.486","4.516","4.448","0.36%"
"2011-3-24","4.483","4.443","4.488","4.431","0.92%"
"2011-3-23","4.442","4.439","4.457","4.387","0.11%"
"2011-3-22","4.437","4.462","4.475","4.429","-0.29%"
"2011-3-21","4.450","4.439","4.510","4.428","0.72%"
"2011-3-18","4.418","4.451","4.497","4.416","-0.43%"
"2011-3-17","4.437","4.354","4.463","4.352","1.42%"
"2011-3-16","4.375","4.460","4.503","4.318","-1.73%"
"2011-3-15","4.452","4.535","4.541","4.414","-1.98%"
"2011-3-14","4.542","4.556","4.586","4.517","-0.13%"
"2011-3-11","4.548","4.516","4.557","4.476","1.07%"
"2011-3-10","4.500","4.615","4.620","4.500","-2.36%"
"2011-3-9","4.609","4.673","4.678","4.588","-1.07%"
"2011-3-8","4.659","4.633","4.668","4.609","0.76%"
"2011-3-7","4.624","4.620","4.656","4.583","0.54%"
"2011-3-4","4.599","4.627","4.666","4.582","-0.45%"
"2011-3-3","4.620","4.568","4.643","4.558","1.07%"
"2011-3-2","4.571","4.491","4.574","4.463","1.92%"
"2011-3-1","4.485","4.513","4.549","4.473","-0.13%"
"2011-2-28","4.491","4.507","4.516","4.483","-0.16%"
"2011-2-25","4.498","4.544","4.572","4.497","-1.03%"
"2011-2-24","4.545","4.589","4.593","4.516","-0.81%"
"2011-2-23","4.582","4.618","4.625","4.550","-0.50%"
"2011-2-22","4.605","4.668","4.674","4.588","-1.83%"
"2011-2-18","4.691","4.677","4.721","4.662","0.43%"
"2011-2-17","4.671","4.688","4.688","4.638","-0.21%"
"2011-2-16","4.681","4.673","4.697","4.626","0.45%"
"2011-2-15","4.660","4.677","4.700","4.653","-0.28%"
"2011-2-14","4.673","4.711","4.717","4.652","-0.38%"
"2011-2-11","4.691","4.759","4.774","4.681","-1.59%"
"2011-2-10","4.767","4.721","4.787","4.699","1.15%"
"2011-2-9","4.713","4.776","4.791","4.681","-1.13%"
"2011-2-8","4.767","4.713","4.774","4.687","1.32%"
"2011-2-7","4.705","4.740","4.768","4.694","-0.57%"
"2011-2-4","4.732","4.670","4.743","4.650","1.39%"
"2011-2-3","4.667","4.630","4.675","4.605","1.00%"
"2011-2-2","4.621","4.625","4.659","4.585","0.26%"
"2011-2-1","4.609","4.576","4.643","4.575","0.79%"
"2011-1-31","4.573","4.526","4.599","4.526","0.82%"
"2011-1-28","4.536","4.578","4.645","4.514","-0.70%"
"2011-1-27","4.568","4.587","4.633","4.556","-0.50%"
"2011-1-26","4.591","4.506","4.609","4.497","2.16%"
"2011-1-25","4.494","4.567","4.574","4.466","-1.45%"
"2011-1-24","4.560","4.574","4.594","4.532","-0.15%"
"2011-1-21","4.567","4.606","4.631","4.559","-0.95%"
"2011-1-20","4.611","4.532","4.639","4.496","1.90%"
"2011-1-19","4.525","4.566","4.578","4.520","-0.90%"
"2011-1-18","4.566","4.509","4.611","4.479","0.71%"
"2011-1-14","4.534","4.498","4.537","4.459","0.71%"
"2011-1-13","4.502","4.502","4.502","4.502","-0.66%"
"2011-1-12","4.532","4.532","4.532","4.532","1.00%"
"2011-1-11","4.487","4.487","4.487","4.487","0.56%"
"2011-1-10","4.462","4.462","4.462","4.462","-0.54%"
"2011-1-7","4.486","4.486","4.486","4.486","-0.64%"
"2011-1-6","4.515","4.515","4.515","4.515","-0.57%"
"2011-1-5","4.541","4.541","4.541","4.541","2.69%"
"2011-1-4","4.422","4.422","4.422","4.422","0.48%"
"2011-1-3","4.401","4.401","4.401","4.401","1.50%"
"2010-12-31","4.336","4.336","4.336","4.336","-2.03%"
"2010-12-30","4.426","4.426","4.426","4.426","-0.23%"
"2010-12-29","4.436","4.436","4.436","4.436","-2.16%"
"2010-12-28","4.534","4.534","4.534","4.534","3.09%"
"2010-12-27","4.398","4.398","4.398","4.398","-1.68%"
"2010-12-23","4.473","4.473","4.473","4.473","0.65%"
"2010-12-22","4.444","4.444","4.444","4.444","0.61%"
"2010-12-21","4.417","4.417","4.417","4.417","-0.61%"
"2010-12-20","4.444","4.444","4.444","4.444","0.09%"
"2010-12-17","4.440","4.440","4.440","4.440","-2.27%"
"2010-12-16","4.543","4.543","4.543","4.543","-1.30%"
"2010-12-15","4.603","4.603","4.603","4.603","1.79%"
"2010-12-14","4.522","4.522","4.522","4.522","2.45%"
"2010-12-13","4.414","4.414","4.414","4.414","-0.41%"
"2010-12-10","4.432","4.432","4.432","4.432","0.64%"
"2010-12-9","4.404","4.404","4.404","4.404","-1.21%"
"2010-12-8","4.458","4.458","4.458","4.458","1.92%"
"2010-12-7","4.374","4.374","4.374","4.374","3.18%"
"2010-12-6","4.239","4.239","4.239","4.239","-1.81%"
"2010-12-3","4.317","4.317","4.317","4.317","1.29%"
"2010-12-2","4.262","4.262","4.262","4.262","0.47%"
"2010-12-1","4.242","4.242","4.242","4.242","3.16%"
"2010-11-30","4.112","4.112","4.112","4.112","-0.75%"
"2010-11-29","4.143","4.143","4.143","4.143","-1.66%"
"2010-11-26","4.213","4.213","4.213","4.213","-1.57%"
"2010-11-24","4.280","4.280","4.280","4.280","1.98%"
"2010-11-23","4.197","4.197","4.197","4.197","-0.26%"
"2010-11-22","4.208","4.208","4.208","4.208","-0.94%"
"2010-11-19","4.248","4.248","4.248","4.248","-0.84%"
"2010-11-18","4.284","4.284","4.284","4.284","-0.12%"
"2010-11-17","4.289","4.289","4.289","4.289","0.40%"
"2010-11-16","4.272","4.272","4.272","4.272","-3.24%"
"2010-11-15","4.415","4.415","4.415","4.415","2.89%"
"2010-11-12","4.291","4.291","4.291","4.291","1.20%"
"2010-11-10","4.240","4.240","4.240","4.240","-0.28%"
"2010-11-9","4.252","4.252","4.252","4.252","3.05%"
"2010-11-8","4.126","4.126","4.126","4.126","0.07%"
"2010-11-5","4.123","4.123","4.123","4.123","1.48%"
"2010-11-4","4.063","4.063","4.063","4.063","0.30%"
"2010-11-3","4.051","4.051","4.051","4.051","3.00%"
"2010-11-2","3.933","3.933","3.933","3.933","-1.85%"
"2010-11-1","4.007","4.007","4.007","4.007","0.58%"
"2010-10-29","3.984","3.984","3.984","3.984","-1.78%"
"2010-10-28","4.056","4.056","4.056","4.056","-0.10%"
"2010-10-27","4.060","4.060","4.060","4.060","1.45%"
"2010-10-26","4.002","4.002","4.002","4.002","2.20%"
"2010-10-25","3.916","3.916","3.916","3.916","-0.46%"
"2010-10-22","3.934","3.934","3.934","3.934","-0.58%"
"2010-10-21","3.957","3.957","3.957","3.957","1.64%"
"2010-10-20","3.893","3.893","3.893","3.893","-0.56%"
"2010-10-19","3.915","3.915","3.915","3.915","-1.01%"
"2010-10-18","3.955","3.955","3.955","3.955","-0.78%"
"2010-10-15","3.986","3.986","3.986","3.986","1.87%"
"2010-10-14","3.913","3.913","3.913","3.913","2.49%"
"2010-10-13","3.818","3.818","3.818","3.818","-0.03%"
"2010-10-12","3.819","3.819","3.819","3.819","1.92%"
"2010-10-8","3.747","3.747","3.747","3.747","0.86%"
"2010-10-7","3.715","3.715","3.715","3.715","1.23%"
"2010-10-6","3.670","3.670","3.670","3.670","-1.98%"
"2010-10-5","3.744","3.744","3.744","3.744","0.94%"
"2010-10-4","3.709","3.709","3.709","3.709","-0.22%"
"2010-10-1","3.717","3.717","3.717","3.717","0.81%"
"2010-9-30","3.687","3.687","3.687","3.687","0.08%"
"2010-9-29","3.684","3.684","3.684","3.684","0.63%"
"2010-9-28","3.661","3.661","3.661","3.661","-1.67%"
"2010-9-27","3.723","3.723","3.723","3.723","-1.85%"
"2010-9-24","3.793","3.793","3.793","3.793","1.66%"
"2010-9-23","3.731","3.731","3.731","3.731","-0.24%"
"2010-9-22","3.740","3.740","3.740","3.740","-1.19%"
"2010-9-21","3.785","3.785","3.785","3.785","-2.25%"
"2010-9-20","3.872","3.872","3.872","3.872","-0.82%"
"2010-9-17","3.904","3.904","3.904","3.904","-0.61%"
"2010-9-16","3.928","3.928","3.928","3.928","1.32%"
"2010-9-15","3.877","3.877","3.877","3.877","2.08%"
"2010-9-14","3.798","3.798","3.798","3.798","-1.30%"
"2010-9-13","3.848","3.848","3.848","3.848","-0.54%"
"2010-9-10","3.869","3.869","3.869","3.869","0.81%"
"2010-9-9","3.838","3.838","3.838","3.838","2.98%"
"2010-9-8","3.727","3.727","3.727","3.727","1.77%"
"2010-9-7","3.662","3.662","3.662","3.662","-3.48%"
"2010-9-3","3.794","3.794","3.794","3.794","2.21%"
"2010-9-2","3.712","3.712","3.712","3.712","1.70%"
"2010-9-1","3.650","3.650","3.650","3.650","3.69%"
"2010-8-31","3.520","3.520","3.520","3.520","-1.70%"
"2010-8-30","3.581","3.581","3.581","3.581","-2.95%"
"2010-8-27","3.690","3.690","3.690","3.690","4.95%"
"2010-8-26","3.516","3.516","3.516","3.516","-1.57%"
"2010-8-25","3.572","3.572","3.572","3.572","0.25%"
"2010-8-24","3.563","3.563","3.563","3.563","-2.78%"
"2010-8-23","3.665","3.665","3.665","3.665","0.05%"
"2010-8-20","3.663","3.663","3.663","3.663","0.27%"
"2010-8-19","3.653","3.653","3.653","3.653","-2.25%"
"2010-8-18","3.737","3.737","3.737","3.737","-0.88%"
"2010-8-17","3.770","3.770","3.770","3.770","1.43%"
"2010-8-16","3.717","3.717","3.717","3.717","-3.78%"
"2010-8-13","3.863","3.863","3.863","3.863","-2.05%"
"2010-8-12","3.944","3.944","3.944","3.944","0.43%"
"2010-8-11","3.927","3.927","3.927","3.927","-2.02%"
"2010-8-10","4.008","4.008","4.008","4.008","-0.27%"
"2010-8-9","4.019","4.019","4.019","4.019","0.55%"
"2010-8-6","3.997","3.997","3.997","3.997","-1.26%"
"2010-8-5","4.048","4.048","4.048","4.048","-0.95%"
"2010-8-4","4.087","4.087","4.087","4.087","1.09%"
"2010-8-3","4.043","4.043","4.043","4.043","-0.59%"
"2010-8-2","4.067","4.067","4.067","4.067","1.98%"
"2010-7-30","3.988","3.988","3.988","3.988","-2.21%"
"2010-7-29","4.078","4.078","4.078","4.078","0.12%"
"2010-7-28","4.073","4.073","4.073","4.073","-0.17%"
"2010-7-27","4.080","4.080","4.080","4.080","1.49%"
"2010-7-26","4.020","4.020","4.020","4.020","0.00%"
"2010-7-23","4.020","4.020","4.020","4.020","1.77%"
"2010-7-22","3.950","3.950","3.950","3.950","1.46%"
"2010-7-21","3.893","3.893","3.893","3.893","-2.26%"
"2010-7-20","3.983","3.983","3.983","3.983","0.00%"
"2010-7-19","3.983","3.983","3.983","3.983","1.09%"
"2010-7-16","3.940","3.940","3.940","3.940","-1.18%"
"2010-7-15","3.987","3.987","3.987","3.987","-1.21%"
"2010-7-14","4.036","4.036","4.036","4.036","-1.70%"
"2010-7-13","4.106","4.106","4.106","4.106","1.16%"
"2010-7-12","4.059","4.059","4.059","4.059","0.47%"
"2010-7-9","4.040","4.040","4.040","4.040","0.62%"
"2010-7-8","4.015","4.015","4.015","4.015","1.41%"
"2010-7-7","3.959","3.959","3.959","3.959","1.70%"
"2010-7-6","3.893","3.893","3.893","3.893","-1.37%"
"2010-7-2","3.947","3.947","3.947","3.947","1.23%"
"2010-7-1","3.899","3.899","3.899","3.899","0.13%"
"2010-6-30","3.894","3.894","3.894","3.894","-1.02%"
"2010-6-29","3.934","3.934","3.934","3.934","-1.77%"
"2010-6-28","4.005","4.005","4.005","4.005","-1.45%"
"2010-6-25","4.064","4.064","4.064","4.064","-0.88%"
"2010-6-24","4.100","4.100","4.100","4.100","0.86%"
"2010-6-23","4.065","4.065","4.065","4.065","-0.85%"
"2010-6-22","4.100","4.100","4.100","4.100","-1.56%"
"2010-6-21","4.165","4.165","4.165","4.165","0.41%"
"2010-6-18","4.148","4.148","4.148","4.148","0.61%"
"2010-6-17","4.123","4.123","4.123","4.123","-1.46%"
"2010-6-16","4.184","4.184","4.184","4.184","-0.85%"
"2010-6-15","4.220","4.220","4.220","4.220","0.81%"
"2010-6-14","4.186","4.186","4.186","4.186","0.84%"
"2010-6-11","4.151","4.151","4.151","4.151","-2.05%"
"2010-6-10","4.238","4.238","4.238","4.238","3.11%"
"2010-6-9","4.110","4.110","4.110","4.110","-0.12%"
"2010-6-8","4.115","4.115","4.115","4.115","0.81%"
"2010-6-7","4.082","4.082","4.082","4.082","-1.23%"
"2010-6-4","4.133","4.133","4.133","4.133","-3.28%"
"2010-6-3","4.273","4.273","4.273","4.273","0.64%"
"2010-6-2","4.246","4.246","4.246","4.246","1.53%"
"2010-6-1","4.182","4.182","4.182","4.182","-0.81%"
"2010-5-28","4.216","4.216","4.216","4.216","-0.87%"
"2010-5-27","4.253","4.253","4.253","4.253","3.86%"
"2010-5-26","4.095","4.095","4.095","4.095","0.94%"
"2010-5-25","4.057","4.057","4.057","4.057","-0.81%"
"2010-5-24","4.090","4.090","4.090","4.090","-0.27%"
"2010-5-21","4.101","4.101","4.101","4.101","0.20%"
"2010-5-20","4.093","4.093","4.093","4.093","-3.58%"
"2010-5-19","4.245","4.245","4.245","4.245","0.21%"
"2010-5-18","4.236","4.236","4.236","4.236","-2.93%"
"2010-5-17","4.364","4.364","4.364","4.364","0.53%"
"2010-5-14","4.341","4.341","4.341","4.341","-2.05%"
"2010-5-13","4.432","4.432","4.432","4.432","-1.03%"
"2010-5-12","4.478","4.478","4.478","4.478","1.22%"
"2010-5-11","4.424","4.424","4.424","4.424","0.27%"
"2010-5-10","4.412","4.412","4.412","4.412","3.33%"
"2010-5-7","4.270","4.270","4.270","4.270","1.52%"
"2010-5-6","4.206","4.206","4.206","4.206","-4.23%"
"2010-5-5","4.392","4.392","4.392","4.392","-0.59%"
"2010-5-4","4.418","4.418","4.418","4.418","-2.49%"
"2010-5-3","4.531","4.531","4.531","4.531","0.22%"
"2010-4-30","4.521","4.521","4.521","4.521","-1.57%"
"2010-4-29","4.593","4.593","4.593","4.593","-0.84%"
"2010-4-28","4.632","4.632","4.632","4.632","1.16%"
"2010-4-27","4.579","4.579","4.579","4.579","-1.89%"
"2010-4-26","4.667","4.667","4.667","4.667","0.04%"
"2010-4-23","4.665","4.665","4.665","4.665","0.60%"
"2010-4-22","4.637","4.637","4.637","4.637","0.35%"
"2010-4-21","4.621","4.621","4.621","4.621","-1.11%"
"2010-4-20","4.673","4.673","4.673","4.673","-0.47%"
"2010-4-19","4.695","4.695","4.695","4.695","0.47%"
"2010-4-16","4.673","4.673","4.673","4.673","-0.93%"
"2010-4-15","4.717","4.717","4.717","4.717","-0.34%"
"2010-4-14","4.733","4.733","4.733","4.733","1.13%"
"2010-4-13","4.680","4.680","4.680","4.680","-0.30%"
"2010-4-12","4.694","4.694","4.694","4.694","-0.95%"
"2010-4-9","4.739","4.739","4.739","4.739","-0.29%"
"2010-4-8","4.753","4.753","4.753","4.753","0.15%"
"2010-4-7","4.746","4.746","4.746","4.746","-1.76%"
"2010-4-6","4.831","4.831","4.831","4.831","-0.06%"
"2010-4-5","4.834","4.834","4.834","4.834","0.69%"
"2010-4-2","4.801","4.801","4.801","4.801","1.52%"
"2010-4-1","4.729","4.729","4.729","4.729","0.32%"
"2010-3-31","4.714","4.714","4.714","4.714","-0.72%"
"2010-3-30","4.748","4.748","4.748","4.748","-0.50%"
"2010-3-29","4.772","4.772","4.772","4.772","0.53%"
"2010-3-26","4.747","4.747","4.747","4.747","-0.31%"
"2010-3-25","4.762","4.762","4.762","4.762","0.74%"
"2010-3-24","4.727","4.727","4.727","4.727","2.63%"
"2010-3-23","4.606","4.606","4.606","4.606","0.77%"
"2010-3-22","4.571","4.571","4.571","4.571","-0.20%"
"2010-3-19","4.580","4.580","4.580","4.580","-0.15%"
"2010-3-18","4.587","4.587","4.587","4.587","0.37%"
"2010-3-17","4.570","4.570","4.570","4.570","-0.44%"
"2010-3-16","4.590","4.590","4.590","4.590","-0.84%"
"2010-3-15","4.629","4.629","4.629","4.629","0.04%"
"2010-3-12","4.627","4.627","4.627","4.627","-0.86%"
"2010-3-11","4.667","4.667","4.667","4.667","-0.49%"
"2010-3-10","4.690","4.690","4.690","4.690","0.34%"
"2010-3-9","4.674","4.674","4.674","4.674","-0.26%"
"2010-3-8","4.686","4.686","4.686","4.686","0.86%"
"2010-3-5","4.646","4.646","4.646","4.646","1.95%"
"2010-3-4","4.557","4.557","4.557","4.557","-0.57%"
"2010-3-3","4.583","4.583","4.583","4.583","0.33%"
"2010-3-2","4.568","4.568","4.568","4.568","0.24%"
"2010-3-1","4.557","4.557","4.557","4.557","-0.07%"
"2010-2-26","4.560","4.560","4.560","4.560","-0.46%"
"2010-2-25","4.581","4.581","4.581","4.581","-1.19%"
"2010-2-24","4.636","4.636","4.636","4.636","0.04%"
"2010-2-23","4.634","4.634","4.634","4.634","-2.01%"
"2010-2-22","4.729","4.729","4.729","4.729","0.51%"
"2010-2-19","4.705","4.705","4.705","4.705","-0.61%"
"2010-2-18","4.734","4.734","4.734","4.734","0.74%"
"2010-2-17","4.699","4.699","4.699","4.699","1.38%"
"2010-2-16","4.635","4.635","4.635","4.635","-0.45%"
"2010-2-12","4.656","4.656","4.656","4.656","-0.39%"
"2010-2-11","4.674","4.674","4.674","4.674","0.82%"
"2010-2-10","4.636","4.636","4.636","4.636","1.31%"
"2010-2-9","4.576","4.576","4.576","4.576","1.78%"
"2010-2-8","4.496","4.496","4.496","4.496","-0.60%"
"2010-2-5","4.523","4.523","4.523","4.523","-0.57%"
"2010-2-4","4.549","4.549","4.549","4.549","-1.92%"
"2010-2-3","4.638","4.638","4.638","4.638","1.87%"
"2010-2-2","4.553","4.553","4.553","4.553","-0.33%"
"2010-2-1","4.568","4.568","4.568","4.568","1.67%"
"2010-1-29","4.493","4.493","4.493","4.493","-1.30%"
"2010-1-28","4.552","4.552","4.552","4.552","-0.26%"
"2010-1-27","4.564","4.564","4.564","4.564","0.09%"
"2010-1-26","4.560","4.560","4.560","4.560","0.20%"
"2010-1-25","4.551","4.551","4.551","4.551","0.60%"
"2010-1-22","4.524","4.524","4.524","4.524","0.56%"
"2010-1-21","4.499","4.499","4.499","4.499","-0.90%"
"2010-1-20","4.540","4.540","4.540","4.540","-1.11%"
"2010-1-19","4.591","4.591","4.591","4.591","0.22%"
"2010-1-15","4.581","4.581","4.581","4.581","-1.12%"
"2010-1-14","4.633","4.633","4.633","4.633","-1.76%"
"2010-1-13","4.716","4.716","4.716","4.716","2.01%"
"2010-1-12","4.623","4.623","4.623","4.623","-2.22%"
"2010-1-11","4.728","4.728","4.728","4.728","0.23%"
"2010-1-8","4.717","4.717","4.717","4.717","0.66%"
"2010-1-7","4.686","4.686","4.686","4.686","-0.21%"
"2010-1-6","4.696","4.696","4.696","4.696","1.80%"
"2010-1-5","4.613","4.613","4.613","4.613","-0.71%"
"2010-1-4","4.646","4.646","4.646","4.646","0.24%"